canonical,section,dtype,readiness,cohort,visit,n_rows,n_missing,miss_pct,no_source
sex,PATIENT,int8 binary,READY,BP,V0,6252,0,0.0,False
sex,PATIENT,int8 binary,READY,BP,V1,3074,0,0.0,False
sex,PATIENT,int8 binary,READY,BP,V2,2228,0,0.0,False
sex,PATIENT,int8 binary,READY,BP,V3,1497,0,0.0,False
sex,PATIENT,int8 binary,READY,BP,V4,512,0,0.0,False
sex,PATIENT,int8 binary,READY,SZ,V0,2209,0,0.0,False
sex,PATIENT,int8 binary,READY,SZ,V1,963,0,0.0,False
sex,PATIENT,int8 binary,READY,SZ,V2,595,0,0.0,False
sex,PATIENT,int8 binary,READY,SZ,V3,456,0,0.0,False
sex,PATIENT,int8 binary,READY,SZ,V4,198,0,0.0,False
sex,PATIENT,int8 binary,READY,DR,V0,552,0,0.0,False
sex,PATIENT,int8 binary,READY,DR,V1,233,0,0.0,False
sex,PATIENT,int8 binary,READY,DR,V2,135,0,0.0,False
sex,PATIENT,int8 binary,READY,DR,V3,3,0,0.0,False
sex,PATIENT,int8 binary,READY,DR,V4,69,0,0.0,False
siteid_city,PATIENT,float,READY,BP,V0,6252,0,0.0,False
siteid_city,PATIENT,float,READY,BP,V1,3074,0,0.0,False
siteid_city,PATIENT,float,READY,BP,V2,2228,0,0.0,False
siteid_city,PATIENT,float,READY,BP,V3,1497,0,0.0,False
siteid_city,PATIENT,float,READY,BP,V4,512,0,0.0,False
siteid_city,PATIENT,float,READY,SZ,V0,2209,0,0.0,False
siteid_city,PATIENT,float,READY,SZ,V1,963,0,0.0,False
siteid_city,PATIENT,float,READY,SZ,V2,595,0,0.0,False
siteid_city,PATIENT,float,READY,SZ,V3,456,0,0.0,False
siteid_city,PATIENT,float,READY,SZ,V4,198,0,0.0,False
siteid_city,PATIENT,float,READY,DR,V0,552,0,0.0,False
siteid_city,PATIENT,float,READY,DR,V1,233,0,0.0,False
siteid_city,PATIENT,float,READY,DR,V2,135,0,0.0,False
siteid_city,PATIENT,float,READY,DR,V3,3,0,0.0,False
siteid_city,PATIENT,float,READY,DR,V4,69,0,0.0,False
brthdtc,PATIENT,date (YYYY-MM-DD),READY,BP,V0,6252,0,0.0,False
brthdtc,PATIENT,date (YYYY-MM-DD),READY,BP,V1,3074,0,0.0,False
brthdtc,PATIENT,date (YYYY-MM-DD),READY,BP,V2,2228,0,0.0,False
brthdtc,PATIENT,date (YYYY-MM-DD),READY,BP,V3,1497,0,0.0,False
brthdtc,PATIENT,date (YYYY-MM-DD),READY,BP,V4,512,0,0.0,False
brthdtc,PATIENT,date (YYYY-MM-DD),READY,SZ,V0,2209,0,0.0,False
brthdtc,PATIENT,date (YYYY-MM-DD),READY,SZ,V1,963,0,0.0,False
brthdtc,PATIENT,date (YYYY-MM-DD),READY,SZ,V2,595,0,0.0,False
brthdtc,PATIENT,date (YYYY-MM-DD),READY,SZ,V3,456,0,0.0,False
brthdtc,PATIENT,date (YYYY-MM-DD),READY,SZ,V4,198,0,0.0,False
brthdtc,PATIENT,date (YYYY-MM-DD),READY,DR,V0,552,0,0.0,False
brthdtc,PATIENT,date (YYYY-MM-DD),READY,DR,V1,233,0,0.0,False
brthdtc,PATIENT,date (YYYY-MM-DD),READY,DR,V2,135,0,0.0,False
brthdtc,PATIENT,date (YYYY-MM-DD),READY,DR,V3,3,0,0.0,False
brthdtc,PATIENT,date (YYYY-MM-DD),READY,DR,V4,69,0,0.0,False
age,PATIENT,float,READY,BP,V0,6252,0,0.0,False
age,PATIENT,float,READY,BP,V1,3074,0,0.0,False
age,PATIENT,float,READY,BP,V2,2228,0,0.0,False
age,PATIENT,float,READY,BP,V3,1497,0,0.0,False
age,PATIENT,float,READY,BP,V4,512,0,0.0,False
age,PATIENT,float,READY,SZ,V0,2209,0,0.0,False
age,PATIENT,float,READY,SZ,V1,963,0,0.0,False
age,PATIENT,float,READY,SZ,V2,595,0,0.0,False
age,PATIENT,float,READY,SZ,V3,456,0,0.0,False
age,PATIENT,float,READY,SZ,V4,198,0,0.0,False
age,PATIENT,float,READY,DR,V0,552,0,0.0,False
age,PATIENT,float,READY,DR,V1,233,0,0.0,False
age,PATIENT,float,READY,DR,V2,135,0,0.0,False
age,PATIENT,float,READY,DR,V3,3,0,0.0,False
age,PATIENT,float,READY,DR,V4,69,0,0.0,False
prism,AUTO-QUESTIONNAIRES,float,PARTIAL,BP,V0,6252,580,9.27703134996801,False
prism,AUTO-QUESTIONNAIRES,float,PARTIAL,BP,V1,3074,326,10.605074821080027,False
prism,AUTO-QUESTIONNAIRES,float,PARTIAL,BP,V2,2228,260,11.669658886894076,False
prism,AUTO-QUESTIONNAIRES,float,PARTIAL,BP,V3,1497,155,10.354041416165664,False
prism,AUTO-QUESTIONNAIRES,float,PARTIAL,BP,V4,512,52,10.15625,False
prism,AUTO-QUESTIONNAIRES,float,PARTIAL,SZ,V0,2209,2209,,True
prism,AUTO-QUESTIONNAIRES,float,PARTIAL,SZ,V1,963,963,,True
prism,AUTO-QUESTIONNAIRES,float,PARTIAL,SZ,V2,595,595,,True
prism,AUTO-QUESTIONNAIRES,float,PARTIAL,SZ,V3,456,456,,True
prism,AUTO-QUESTIONNAIRES,float,PARTIAL,SZ,V4,198,198,,True
prism,AUTO-QUESTIONNAIRES,float,PARTIAL,DR,V0,552,175,31.70289855072464,False
prism,AUTO-QUESTIONNAIRES,float,PARTIAL,DR,V1,233,62,26.609442060085836,False
prism,AUTO-QUESTIONNAIRES,float,PARTIAL,DR,V2,135,36,26.666666666666668,False
prism,AUTO-QUESTIONNAIRES,float,PARTIAL,DR,V3,3,2,66.66666666666666,False
prism,AUTO-QUESTIONNAIRES,float,PARTIAL,DR,V4,69,27,39.130434782608695,False
staya,AUTO-QUESTIONNAIRES,float,PARTIAL,BP,V0,6252,359,5.742162507997441,False
staya,AUTO-QUESTIONNAIRES,float,PARTIAL,BP,V1,3074,265,8.620689655172415,False
staya,AUTO-QUESTIONNAIRES,float,PARTIAL,BP,V2,2228,212,9.515260323159785,False
staya,AUTO-QUESTIONNAIRES,float,PARTIAL,BP,V3,1497,137,9.151636606546425,False
staya,AUTO-QUESTIONNAIRES,float,PARTIAL,BP,V4,512,53,10.3515625,False
staya,AUTO-QUESTIONNAIRES,float,PARTIAL,SZ,V0,2209,2209,,True
staya,AUTO-QUESTIONNAIRES,float,PARTIAL,SZ,V1,963,963,,True
staya,AUTO-QUESTIONNAIRES,float,PARTIAL,SZ,V2,595,595,,True
staya,AUTO-QUESTIONNAIRES,float,PARTIAL,SZ,V3,456,456,,True
staya,AUTO-QUESTIONNAIRES,float,PARTIAL,SZ,V4,198,198,,True
staya,AUTO-QUESTIONNAIRES,float,PARTIAL,DR,V0,552,164,29.71014492753623,False
staya,AUTO-QUESTIONNAIRES,float,PARTIAL,DR,V1,233,62,26.609442060085836,False
staya,AUTO-QUESTIONNAIRES,float,PARTIAL,DR,V2,135,32,23.703703703703706,False
staya,AUTO-QUESTIONNAIRES,float,PARTIAL,DR,V3,3,2,66.66666666666666,False
staya,AUTO-QUESTIONNAIRES,float,PARTIAL,DR,V4,69,25,36.231884057971016,False
mars,AUTO-QUESTIONNAIRES,float,READY,BP,V0,6252,644,10.300703774792067,False
mars,AUTO-QUESTIONNAIRES,float,READY,BP,V1,3074,355,11.54847104749512,False
mars,AUTO-QUESTIONNAIRES,float,READY,BP,V2,2228,286,12.836624775583482,False
mars,AUTO-QUESTIONNAIRES,float,READY,BP,V3,1497,185,12.35804943219773,False
mars,AUTO-QUESTIONNAIRES,float,READY,BP,V4,512,57,11.1328125,False
mars,AUTO-QUESTIONNAIRES,float,READY,SZ,V0,2209,277,12.539610683567226,False
mars,AUTO-QUESTIONNAIRES,float,READY,SZ,V1,963,127,13.187954309449637,False
mars,AUTO-QUESTIONNAIRES,float,READY,SZ,V2,595,85,14.285714285714285,False
mars,AUTO-QUESTIONNAIRES,float,READY,SZ,V3,456,76,16.666666666666664,False
mars,AUTO-QUESTIONNAIRES,float,READY,SZ,V4,198,19,9.595959595959595,False
mars,AUTO-QUESTIONNAIRES,float,READY,DR,V0,552,183,33.15217391304348,False
mars,AUTO-QUESTIONNAIRES,float,READY,DR,V1,233,68,29.184549356223176,False
mars,AUTO-QUESTIONNAIRES,float,READY,DR,V2,135,36,26.666666666666668,False
mars,AUTO-QUESTIONNAIRES,float,READY,DR,V3,3,2,66.66666666666666,False
mars,AUTO-QUESTIONNAIRES,float,READY,DR,V4,69,27,39.130434782608695,False
mathys,AUTO-QUESTIONNAIRES,float,PARTIAL,BP,V0,6252,771,12.332053742802303,False
mathys,AUTO-QUESTIONNAIRES,float,PARTIAL,BP,V1,3074,430,13.98828887443071,False
mathys,AUTO-QUESTIONNAIRES,float,PARTIAL,BP,V2,2228,300,13.464991023339318,False
mathys,AUTO-QUESTIONNAIRES,float,PARTIAL,BP,V3,1497,192,12.825651302605209,False
mathys,AUTO-QUESTIONNAIRES,float,PARTIAL,BP,V4,512,79,15.4296875,False
mathys,AUTO-QUESTIONNAIRES,float,PARTIAL,SZ,V0,2209,2209,,True
mathys,AUTO-QUESTIONNAIRES,float,PARTIAL,SZ,V1,963,963,,True
mathys,AUTO-QUESTIONNAIRES,float,PARTIAL,SZ,V2,595,595,,True
mathys,AUTO-QUESTIONNAIRES,float,PARTIAL,SZ,V3,456,456,,True
mathys,AUTO-QUESTIONNAIRES,float,PARTIAL,SZ,V4,198,198,,True
mathys,AUTO-QUESTIONNAIRES,float,PARTIAL,DR,V0,552,212,38.405797101449274,False
mathys,AUTO-QUESTIONNAIRES,float,PARTIAL,DR,V1,233,82,35.1931330472103,False
mathys,AUTO-QUESTIONNAIRES,float,PARTIAL,DR,V2,135,42,31.11111111111111,False
mathys,AUTO-QUESTIONNAIRES,float,PARTIAL,DR,V3,3,2,66.66666666666666,False
mathys,AUTO-QUESTIONNAIRES,float,PARTIAL,DR,V4,69,36,52.17391304347826,False
mathys29,AUTO-QUESTIONNAIRES,float,PARTIAL,BP,V0,6252,756,12.092130518234164,False
mathys29,AUTO-QUESTIONNAIRES,float,PARTIAL,BP,V1,3074,438,14.248536109303839,False
mathys29,AUTO-QUESTIONNAIRES,float,PARTIAL,BP,V2,2228,311,13.95870736086176,False
mathys29,AUTO-QUESTIONNAIRES,float,PARTIAL,BP,V3,1497,207,13.827655310621243,False
mathys29,AUTO-QUESTIONNAIRES,float,PARTIAL,BP,V4,512,80,15.625,False
mathys29,AUTO-QUESTIONNAIRES,float,PARTIAL,SZ,V0,2209,2209,,True
mathys29,AUTO-QUESTIONNAIRES,float,PARTIAL,SZ,V1,963,963,,True
mathys29,AUTO-QUESTIONNAIRES,float,PARTIAL,SZ,V2,595,595,,True
mathys29,AUTO-QUESTIONNAIRES,float,PARTIAL,SZ,V3,456,456,,True
mathys29,AUTO-QUESTIONNAIRES,float,PARTIAL,SZ,V4,198,198,,True
mathys29,AUTO-QUESTIONNAIRES,float,PARTIAL,DR,V0,552,204,36.95652173913043,False
mathys29,AUTO-QUESTIONNAIRES,float,PARTIAL,DR,V1,233,79,33.90557939914164,False
mathys29,AUTO-QUESTIONNAIRES,float,PARTIAL,DR,V2,135,41,30.37037037037037,False
mathys29,AUTO-QUESTIONNAIRES,float,PARTIAL,DR,V3,3,2,66.66666666666666,False
mathys29,AUTO-QUESTIONNAIRES,float,PARTIAL,DR,V4,69,36,52.17391304347826,False
mathys30,AUTO-QUESTIONNAIRES,float,PARTIAL,BP,V0,6252,756,12.092130518234164,False
mathys30,AUTO-QUESTIONNAIRES,float,PARTIAL,BP,V1,3074,438,14.248536109303839,False
mathys30,AUTO-QUESTIONNAIRES,float,PARTIAL,BP,V2,2228,311,13.95870736086176,False
mathys30,AUTO-QUESTIONNAIRES,float,PARTIAL,BP,V3,1497,208,13.894455577822312,False
mathys30,AUTO-QUESTIONNAIRES,float,PARTIAL,BP,V4,512,80,15.625,False
mathys30,AUTO-QUESTIONNAIRES,float,PARTIAL,SZ,V0,2209,2209,,True
mathys30,AUTO-QUESTIONNAIRES,float,PARTIAL,SZ,V1,963,963,,True
mathys30,AUTO-QUESTIONNAIRES,float,PARTIAL,SZ,V2,595,595,,True
mathys30,AUTO-QUESTIONNAIRES,float,PARTIAL,SZ,V3,456,456,,True
mathys30,AUTO-QUESTIONNAIRES,float,PARTIAL,SZ,V4,198,198,,True
mathys30,AUTO-QUESTIONNAIRES,float,PARTIAL,DR,V0,552,203,36.775362318840585,False
mathys30,AUTO-QUESTIONNAIRES,float,PARTIAL,DR,V1,233,80,34.33476394849785,False
mathys30,AUTO-QUESTIONNAIRES,float,PARTIAL,DR,V2,135,41,30.37037037037037,False
mathys30,AUTO-QUESTIONNAIRES,float,PARTIAL,DR,V3,3,2,66.66666666666666,False
mathys30,AUTO-QUESTIONNAIRES,float,PARTIAL,DR,V4,69,36,52.17391304347826,False
mathys31,AUTO-QUESTIONNAIRES,float,PARTIAL,BP,V0,6252,756,12.092130518234164,False
mathys31,AUTO-QUESTIONNAIRES,float,PARTIAL,BP,V1,3074,437,14.216005204944699,False
mathys31,AUTO-QUESTIONNAIRES,float,PARTIAL,BP,V2,2228,315,14.138240574506284,False
mathys31,AUTO-QUESTIONNAIRES,float,PARTIAL,BP,V3,1497,207,13.827655310621243,False
mathys31,AUTO-QUESTIONNAIRES,float,PARTIAL,BP,V4,512,80,15.625,False
mathys31,AUTO-QUESTIONNAIRES,float,PARTIAL,SZ,V0,2209,2209,,True
mathys31,AUTO-QUESTIONNAIRES,float,PARTIAL,SZ,V1,963,963,,True
mathys31,AUTO-QUESTIONNAIRES,float,PARTIAL,SZ,V2,595,595,,True
mathys31,AUTO-QUESTIONNAIRES,float,PARTIAL,SZ,V3,456,456,,True
mathys31,AUTO-QUESTIONNAIRES,float,PARTIAL,SZ,V4,198,198,,True
mathys31,AUTO-QUESTIONNAIRES,float,PARTIAL,DR,V0,552,209,37.86231884057971,False
mathys31,AUTO-QUESTIONNAIRES,float,PARTIAL,DR,V1,233,82,35.1931330472103,False
mathys31,AUTO-QUESTIONNAIRES,float,PARTIAL,DR,V2,135,41,30.37037037037037,False
mathys31,AUTO-QUESTIONNAIRES,float,PARTIAL,DR,V3,3,2,66.66666666666666,False
mathys31,AUTO-QUESTIONNAIRES,float,PARTIAL,DR,V4,69,36,52.17391304347826,False
mathys32,AUTO-QUESTIONNAIRES,float,PARTIAL,BP,V0,6252,741,11.852207293666027,False
mathys32,AUTO-QUESTIONNAIRES,float,PARTIAL,BP,V1,3074,432,14.053350683148992,False
mathys32,AUTO-QUESTIONNAIRES,float,PARTIAL,BP,V2,2228,310,13.913824057450627,False
mathys32,AUTO-QUESTIONNAIRES,float,PARTIAL,BP,V3,1497,206,13.760855043420172,False
mathys32,AUTO-QUESTIONNAIRES,float,PARTIAL,BP,V4,512,78,15.234375,False
mathys32,AUTO-QUESTIONNAIRES,float,PARTIAL,SZ,V0,2209,2209,,True
mathys32,AUTO-QUESTIONNAIRES,float,PARTIAL,SZ,V1,963,963,,True
mathys32,AUTO-QUESTIONNAIRES,float,PARTIAL,SZ,V2,595,595,,True
mathys32,AUTO-QUESTIONNAIRES,float,PARTIAL,SZ,V3,456,456,,True
mathys32,AUTO-QUESTIONNAIRES,float,PARTIAL,SZ,V4,198,198,,True
mathys32,AUTO-QUESTIONNAIRES,float,PARTIAL,DR,V0,552,203,36.775362318840585,False
mathys32,AUTO-QUESTIONNAIRES,float,PARTIAL,DR,V1,233,79,33.90557939914164,False
mathys32,AUTO-QUESTIONNAIRES,float,PARTIAL,DR,V2,135,41,30.37037037037037,False
mathys32,AUTO-QUESTIONNAIRES,float,PARTIAL,DR,V3,3,2,66.66666666666666,False
mathys32,AUTO-QUESTIONNAIRES,float,PARTIAL,DR,V4,69,36,52.17391304347826,False
mathys33,AUTO-QUESTIONNAIRES,float,PARTIAL,BP,V0,6252,746,11.932181701855406,False
mathys33,AUTO-QUESTIONNAIRES,float,PARTIAL,BP,V1,3074,434,14.118412491867275,False
mathys33,AUTO-QUESTIONNAIRES,float,PARTIAL,BP,V2,2228,312,14.003590664272892,False
mathys33,AUTO-QUESTIONNAIRES,float,PARTIAL,BP,V3,1497,205,13.694054776219106,False
mathys33,AUTO-QUESTIONNAIRES,float,PARTIAL,BP,V4,512,77,15.0390625,False
mathys33,AUTO-QUESTIONNAIRES,float,PARTIAL,SZ,V0,2209,2209,,True
mathys33,AUTO-QUESTIONNAIRES,float,PARTIAL,SZ,V1,963,963,,True
mathys33,AUTO-QUESTIONNAIRES,float,PARTIAL,SZ,V2,595,595,,True
mathys33,AUTO-QUESTIONNAIRES,float,PARTIAL,SZ,V3,456,456,,True
mathys33,AUTO-QUESTIONNAIRES,float,PARTIAL,SZ,V4,198,198,,True
mathys33,AUTO-QUESTIONNAIRES,float,PARTIAL,DR,V0,552,201,36.41304347826087,False
mathys33,AUTO-QUESTIONNAIRES,float,PARTIAL,DR,V1,233,79,33.90557939914164,False
mathys33,AUTO-QUESTIONNAIRES,float,PARTIAL,DR,V2,135,38,28.14814814814815,False
mathys33,AUTO-QUESTIONNAIRES,float,PARTIAL,DR,V3,3,2,66.66666666666666,False
mathys33,AUTO-QUESTIONNAIRES,float,PARTIAL,DR,V4,69,31,44.927536231884055,False
altman,AUTO-QUESTIONNAIRES,float,PARTIAL,BP,V0,6252,321,5.134357005758158,False
altman,AUTO-QUESTIONNAIRES,float,PARTIAL,BP,V1,3074,233,7.579700715679897,False
altman,AUTO-QUESTIONNAIRES,float,PARTIAL,BP,V2,2228,197,8.842010771992818,False
altman,AUTO-QUESTIONNAIRES,float,PARTIAL,BP,V3,1497,123,8.216432865731463,False
altman,AUTO-QUESTIONNAIRES,float,PARTIAL,BP,V4,512,43,8.3984375,False
altman,AUTO-QUESTIONNAIRES,float,PARTIAL,SZ,V0,2209,2209,,True
altman,AUTO-QUESTIONNAIRES,float,PARTIAL,SZ,V1,963,963,,True
altman,AUTO-QUESTIONNAIRES,float,PARTIAL,SZ,V2,595,595,,True
altman,AUTO-QUESTIONNAIRES,float,PARTIAL,SZ,V3,456,456,,True
altman,AUTO-QUESTIONNAIRES,float,PARTIAL,SZ,V4,198,198,,True
altman,AUTO-QUESTIONNAIRES,float,PARTIAL,DR,V0,552,172,31.15942028985507,False
altman,AUTO-QUESTIONNAIRES,float,PARTIAL,DR,V1,233,60,25.75107296137339,False
altman,AUTO-QUESTIONNAIRES,float,PARTIAL,DR,V2,135,31,22.962962962962962,False
altman,AUTO-QUESTIONNAIRES,float,PARTIAL,DR,V3,3,2,66.66666666666666,False
altman,AUTO-QUESTIONNAIRES,float,PARTIAL,DR,V4,69,27,39.130434782608695,False
qidsr120,AUTO-QUESTIONNAIRES,float,PARTIAL,BP,V0,6252,339,5.422264875239923,False
qidsr120,AUTO-QUESTIONNAIRES,float,PARTIAL,BP,V1,3074,241,7.839947950553025,False
qidsr120,AUTO-QUESTIONNAIRES,float,PARTIAL,BP,V2,2228,205,9.201077199281867,False
qidsr120,AUTO-QUESTIONNAIRES,float,PARTIAL,BP,V3,1497,127,8.483633934535737,False
qidsr120,AUTO-QUESTIONNAIRES,float,PARTIAL,BP,V4,512,44,8.59375,False
qidsr120,AUTO-QUESTIONNAIRES,float,PARTIAL,SZ,V0,2209,2209,,True
qidsr120,AUTO-QUESTIONNAIRES,float,PARTIAL,SZ,V1,963,963,,True
qidsr120,AUTO-QUESTIONNAIRES,float,PARTIAL,SZ,V2,595,595,,True
qidsr120,AUTO-QUESTIONNAIRES,float,PARTIAL,SZ,V3,456,456,,True
qidsr120,AUTO-QUESTIONNAIRES,float,PARTIAL,SZ,V4,198,198,,True
qidsr120,AUTO-QUESTIONNAIRES,float,PARTIAL,DR,V0,552,92,16.666666666666664,False
qidsr120,AUTO-QUESTIONNAIRES,float,PARTIAL,DR,V1,233,39,16.738197424892704,False
qidsr120,AUTO-QUESTIONNAIRES,float,PARTIAL,DR,V2,135,14,10.37037037037037,False
qidsr120,AUTO-QUESTIONNAIRES,float,PARTIAL,DR,V3,3,1,33.33333333333333,False
qidsr120,AUTO-QUESTIONNAIRES,float,PARTIAL,DR,V4,69,5,7.246376811594203,False
psqi,AUTO-QUESTIONNAIRES,float,READY,BP,V0,6252,428,6.8458093410108765,False
psqi,AUTO-QUESTIONNAIRES,float,READY,BP,V1,3074,293,9.531554977228367,False
psqi,AUTO-QUESTIONNAIRES,float,READY,BP,V2,2228,248,11.131059245960502,False
psqi,AUTO-QUESTIONNAIRES,float,READY,BP,V3,1497,160,10.68804275217101,False
psqi,AUTO-QUESTIONNAIRES,float,READY,BP,V4,512,58,11.328125,False
psqi,AUTO-QUESTIONNAIRES,float,READY,SZ,V0,2209,1060,47.98551380715256,False
psqi,AUTO-QUESTIONNAIRES,float,READY,SZ,V1,963,396,41.1214953271028,False
psqi,AUTO-QUESTIONNAIRES,float,READY,SZ,V2,595,198,33.27731092436974,False
psqi,AUTO-QUESTIONNAIRES,float,READY,SZ,V3,456,150,32.89473684210527,False
psqi,AUTO-QUESTIONNAIRES,float,READY,SZ,V4,198,39,19.696969696969695,False
psqi,AUTO-QUESTIONNAIRES,float,READY,DR,V0,552,257,46.55797101449276,False
psqi,AUTO-QUESTIONNAIRES,float,READY,DR,V1,233,106,45.493562231759654,False
psqi,AUTO-QUESTIONNAIRES,float,READY,DR,V2,135,63,46.666666666666664,False
psqi,AUTO-QUESTIONNAIRES,float,READY,DR,V3,3,2,66.66666666666666,False
psqi,AUTO-QUESTIONNAIRES,float,READY,DR,V4,69,43,62.31884057971014,False
psqi11,AUTO-QUESTIONNAIRES,int8 categorical,READY,BP,V0,6252,352,5.63019833653231,False
psqi11,AUTO-QUESTIONNAIRES,int8 categorical,READY,BP,V1,3074,257,8.360442420299284,False
psqi11,AUTO-QUESTIONNAIRES,int8 categorical,READY,BP,V2,2228,210,9.425493716337522,False
psqi11,AUTO-QUESTIONNAIRES,int8 categorical,READY,BP,V3,1497,143,9.55243820975284,False
psqi11,AUTO-QUESTIONNAIRES,int8 categorical,READY,BP,V4,512,48,9.375,False
psqi11,AUTO-QUESTIONNAIRES,int8 categorical,READY,SZ,V0,2209,1003,45.405160706201904,False
psqi11,AUTO-QUESTIONNAIRES,int8 categorical,READY,SZ,V1,963,375,38.940809968847354,False
psqi11,AUTO-QUESTIONNAIRES,int8 categorical,READY,SZ,V2,595,178,29.915966386554622,False
psqi11,AUTO-QUESTIONNAIRES,int8 categorical,READY,SZ,V3,456,136,29.82456140350877,False
psqi11,AUTO-QUESTIONNAIRES,int8 categorical,READY,SZ,V4,198,34,17.17171717171717,False
psqi11,AUTO-QUESTIONNAIRES,int8 categorical,READY,DR,V0,552,245,44.38405797101449,False
psqi11,AUTO-QUESTIONNAIRES,int8 categorical,READY,DR,V1,233,102,43.776824034334766,False
psqi11,AUTO-QUESTIONNAIRES,int8 categorical,READY,DR,V2,135,63,46.666666666666664,False
psqi11,AUTO-QUESTIONNAIRES,int8 categorical,READY,DR,V3,3,2,66.66666666666666,False
psqi11,AUTO-QUESTIONNAIRES,int8 categorical,READY,DR,V4,69,41,59.42028985507246,False
psqi12,AUTO-QUESTIONNAIRES,int8 categorical,READY,BP,V0,6252,348,5.566218809980806,False
psqi12,AUTO-QUESTIONNAIRES,int8 categorical,READY,BP,V1,3074,256,8.327911515940144,False
psqi12,AUTO-QUESTIONNAIRES,int8 categorical,READY,BP,V2,2228,209,9.380610412926393,False
psqi12,AUTO-QUESTIONNAIRES,int8 categorical,READY,BP,V3,1497,142,9.48563794255177,False
psqi12,AUTO-QUESTIONNAIRES,int8 categorical,READY,BP,V4,512,48,9.375,False
psqi12,AUTO-QUESTIONNAIRES,int8 categorical,READY,SZ,V0,2209,983,44.49977365323676,False
psqi12,AUTO-QUESTIONNAIRES,int8 categorical,READY,SZ,V1,963,367,38.110072689511945,False
psqi12,AUTO-QUESTIONNAIRES,int8 categorical,READY,SZ,V2,595,176,29.57983193277311,False
psqi12,AUTO-QUESTIONNAIRES,int8 categorical,READY,SZ,V3,456,134,29.385964912280706,False
psqi12,AUTO-QUESTIONNAIRES,int8 categorical,READY,SZ,V4,198,32,16.161616161616163,False
psqi12,AUTO-QUESTIONNAIRES,int8 categorical,READY,DR,V0,552,214,38.768115942028984,False
psqi12,AUTO-QUESTIONNAIRES,int8 categorical,READY,DR,V1,233,77,33.047210300429185,False
psqi12,AUTO-QUESTIONNAIRES,int8 categorical,READY,DR,V2,135,42,31.11111111111111,False
psqi12,AUTO-QUESTIONNAIRES,int8 categorical,READY,DR,V3,3,2,66.66666666666666,False
psqi12,AUTO-QUESTIONNAIRES,int8 categorical,READY,DR,V4,69,28,40.57971014492754,False
psqi13,AUTO-QUESTIONNAIRES,int8 categorical,READY,BP,V0,6252,390,6.238003838771593,False
psqi13,AUTO-QUESTIONNAIRES,int8 categorical,READY,BP,V1,3074,279,9.07612231620039,False
psqi13,AUTO-QUESTIONNAIRES,int8 categorical,READY,BP,V2,2228,233,10.457809694793536,False
psqi13,AUTO-QUESTIONNAIRES,int8 categorical,READY,BP,V3,1497,145,9.686038744154976,False
psqi13,AUTO-QUESTIONNAIRES,int8 categorical,READY,BP,V4,512,54,10.546875,False
psqi13,AUTO-QUESTIONNAIRES,int8 categorical,READY,SZ,V0,2209,999,45.22408329560888,False
psqi13,AUTO-QUESTIONNAIRES,int8 categorical,READY,SZ,V1,963,368,38.21391484942887,False
psqi13,AUTO-QUESTIONNAIRES,int8 categorical,READY,SZ,V2,595,185,31.092436974789916,False
psqi13,AUTO-QUESTIONNAIRES,int8 categorical,READY,SZ,V3,456,143,31.359649122807014,False
psqi13,AUTO-QUESTIONNAIRES,int8 categorical,READY,SZ,V4,198,35,17.67676767676768,False
psqi13,AUTO-QUESTIONNAIRES,int8 categorical,READY,DR,V0,552,217,39.311594202898554,False
psqi13,AUTO-QUESTIONNAIRES,int8 categorical,READY,DR,V1,233,81,34.763948497854074,False
psqi13,AUTO-QUESTIONNAIRES,int8 categorical,READY,DR,V2,135,40,29.629629629629626,False
psqi13,AUTO-QUESTIONNAIRES,int8 categorical,READY,DR,V3,3,2,66.66666666666666,False
psqi13,AUTO-QUESTIONNAIRES,int8 categorical,READY,DR,V4,69,30,43.47826086956522,False
psqi14,AUTO-QUESTIONNAIRES,int8 categorical,READY,BP,V0,6252,356,5.694177863083813,False
psqi14,AUTO-QUESTIONNAIRES,int8 categorical,READY,BP,V1,3074,259,8.425504229017566,False
psqi14,AUTO-QUESTIONNAIRES,int8 categorical,READY,BP,V2,2228,212,9.515260323159785,False
psqi14,AUTO-QUESTIONNAIRES,int8 categorical,READY,BP,V3,1497,142,9.48563794255177,False
psqi14,AUTO-QUESTIONNAIRES,int8 categorical,READY,BP,V4,512,48,9.375,False
psqi14,AUTO-QUESTIONNAIRES,int8 categorical,READY,SZ,V0,2209,970,43.91127206880942,False
psqi14,AUTO-QUESTIONNAIRES,int8 categorical,READY,SZ,V1,963,362,37.59086188992731,False
psqi14,AUTO-QUESTIONNAIRES,int8 categorical,READY,SZ,V2,595,176,29.57983193277311,False
psqi14,AUTO-QUESTIONNAIRES,int8 categorical,READY,SZ,V3,456,132,28.947368421052634,False
psqi14,AUTO-QUESTIONNAIRES,int8 categorical,READY,SZ,V4,198,31,15.656565656565657,False
psqi14,AUTO-QUESTIONNAIRES,int8 categorical,READY,DR,V0,552,213,38.58695652173913,False
psqi14,AUTO-QUESTIONNAIRES,int8 categorical,READY,DR,V1,233,78,33.47639484978541,False
psqi14,AUTO-QUESTIONNAIRES,int8 categorical,READY,DR,V2,135,40,29.629629629629626,False
psqi14,AUTO-QUESTIONNAIRES,int8 categorical,READY,DR,V3,3,2,66.66666666666666,False
psqi14,AUTO-QUESTIONNAIRES,int8 categorical,READY,DR,V4,69,28,40.57971014492754,False
psqi15,AUTO-QUESTIONNAIRES,int8 categorical,READY,BP,V0,6252,335,5.35828534868842,False
psqi15,AUTO-QUESTIONNAIRES,int8 categorical,READY,BP,V1,3074,256,8.327911515940144,False
psqi15,AUTO-QUESTIONNAIRES,int8 categorical,READY,BP,V2,2228,205,9.201077199281867,False
psqi15,AUTO-QUESTIONNAIRES,int8 categorical,READY,BP,V3,1497,136,9.084836339345358,False
psqi15,AUTO-QUESTIONNAIRES,int8 categorical,READY,BP,V4,512,50,9.765625,False
psqi15,AUTO-QUESTIONNAIRES,int8 categorical,READY,SZ,V0,2209,960,43.45857854232684,False
psqi15,AUTO-QUESTIONNAIRES,int8 categorical,READY,SZ,V1,963,357,37.07165109034268,False
psqi15,AUTO-QUESTIONNAIRES,int8 categorical,READY,SZ,V2,595,174,29.2436974789916,False
psqi15,AUTO-QUESTIONNAIRES,int8 categorical,READY,SZ,V3,456,130,28.50877192982456,False
psqi15,AUTO-QUESTIONNAIRES,int8 categorical,READY,SZ,V4,198,33,16.666666666666664,False
psqi15,AUTO-QUESTIONNAIRES,int8 categorical,READY,DR,V0,552,209,37.86231884057971,False
psqi15,AUTO-QUESTIONNAIRES,int8 categorical,READY,DR,V1,233,77,33.047210300429185,False
psqi15,AUTO-QUESTIONNAIRES,int8 categorical,READY,DR,V2,135,40,29.629629629629626,False
psqi15,AUTO-QUESTIONNAIRES,int8 categorical,READY,DR,V3,3,2,66.66666666666666,False
psqi15,AUTO-QUESTIONNAIRES,int8 categorical,READY,DR,V4,69,28,40.57971014492754,False
psqi16,AUTO-QUESTIONNAIRES,int8 categorical,READY,BP,V0,6252,337,5.390275111964171,False
psqi16,AUTO-QUESTIONNAIRES,int8 categorical,READY,BP,V1,3074,254,8.26284970722186,False
psqi16,AUTO-QUESTIONNAIRES,int8 categorical,READY,BP,V2,2228,206,9.245960502692999,False
psqi16,AUTO-QUESTIONNAIRES,int8 categorical,READY,BP,V3,1497,135,9.01803607214429,False
psqi16,AUTO-QUESTIONNAIRES,int8 categorical,READY,BP,V4,512,51,9.9609375,False
psqi16,AUTO-QUESTIONNAIRES,int8 categorical,READY,SZ,V0,2209,965,43.68492530556813,False
psqi16,AUTO-QUESTIONNAIRES,int8 categorical,READY,SZ,V1,963,357,37.07165109034268,False
psqi16,AUTO-QUESTIONNAIRES,int8 categorical,READY,SZ,V2,595,172,28.907563025210088,False
psqi16,AUTO-QUESTIONNAIRES,int8 categorical,READY,SZ,V3,456,131,28.728070175438596,False
psqi16,AUTO-QUESTIONNAIRES,int8 categorical,READY,SZ,V4,198,31,15.656565656565657,False
psqi16,AUTO-QUESTIONNAIRES,int8 categorical,READY,DR,V0,552,211,38.224637681159415,False
psqi16,AUTO-QUESTIONNAIRES,int8 categorical,READY,DR,V1,233,77,33.047210300429185,False
psqi16,AUTO-QUESTIONNAIRES,int8 categorical,READY,DR,V2,135,40,29.629629629629626,False
psqi16,AUTO-QUESTIONNAIRES,int8 categorical,READY,DR,V3,3,2,66.66666666666666,False
psqi16,AUTO-QUESTIONNAIRES,int8 categorical,READY,DR,V4,69,28,40.57971014492754,False
psqi17,AUTO-QUESTIONNAIRES,int8 categorical,READY,BP,V0,6252,340,5.438259756877799,False
psqi17,AUTO-QUESTIONNAIRES,int8 categorical,READY,BP,V1,3074,260,8.458035133376708,False
psqi17,AUTO-QUESTIONNAIRES,int8 categorical,READY,BP,V2,2228,207,9.29084380610413,False
psqi17,AUTO-QUESTIONNAIRES,int8 categorical,READY,BP,V3,1497,138,9.218436873747494,False
psqi17,AUTO-QUESTIONNAIRES,int8 categorical,READY,BP,V4,512,54,10.546875,False
psqi17,AUTO-QUESTIONNAIRES,int8 categorical,READY,SZ,V0,2209,966,43.730194658216384,False
psqi17,AUTO-QUESTIONNAIRES,int8 categorical,READY,SZ,V1,963,361,37.48701973001039,False
psqi17,AUTO-QUESTIONNAIRES,int8 categorical,READY,SZ,V2,595,172,28.907563025210088,False
psqi17,AUTO-QUESTIONNAIRES,int8 categorical,READY,SZ,V3,456,131,28.728070175438596,False
psqi17,AUTO-QUESTIONNAIRES,int8 categorical,READY,SZ,V4,198,31,15.656565656565657,False
psqi17,AUTO-QUESTIONNAIRES,int8 categorical,READY,DR,V0,552,210,38.04347826086957,False
psqi17,AUTO-QUESTIONNAIRES,int8 categorical,READY,DR,V1,233,77,33.047210300429185,False
psqi17,AUTO-QUESTIONNAIRES,int8 categorical,READY,DR,V2,135,40,29.629629629629626,False
psqi17,AUTO-QUESTIONNAIRES,int8 categorical,READY,DR,V3,3,2,66.66666666666666,False
psqi17,AUTO-QUESTIONNAIRES,int8 categorical,READY,DR,V4,69,28,40.57971014492754,False
ess0109,AUTO-QUESTIONNAIRES,float,PARTIAL,BP,V0,6252,371,5.9341010876519515,False
ess0109,AUTO-QUESTIONNAIRES,float,PARTIAL,BP,V1,3074,272,8.848405985686401,False
ess0109,AUTO-QUESTIONNAIRES,float,PARTIAL,BP,V2,2228,228,10.23339317773788,False
ess0109,AUTO-QUESTIONNAIRES,float,PARTIAL,BP,V3,1497,137,9.151636606546425,False
ess0109,AUTO-QUESTIONNAIRES,float,PARTIAL,BP,V4,512,51,9.9609375,False
ess0109,AUTO-QUESTIONNAIRES,float,PARTIAL,SZ,V0,2209,2209,,True
ess0109,AUTO-QUESTIONNAIRES,float,PARTIAL,SZ,V1,963,963,,True
ess0109,AUTO-QUESTIONNAIRES,float,PARTIAL,SZ,V2,595,595,,True
ess0109,AUTO-QUESTIONNAIRES,float,PARTIAL,SZ,V3,456,456,,True
ess0109,AUTO-QUESTIONNAIRES,float,PARTIAL,SZ,V4,198,198,,True
ess0109,AUTO-QUESTIONNAIRES,float,PARTIAL,DR,V0,552,174,31.521739130434785,False
ess0109,AUTO-QUESTIONNAIRES,float,PARTIAL,DR,V1,233,68,29.184549356223176,False
ess0109,AUTO-QUESTIONNAIRES,float,PARTIAL,DR,V2,135,41,30.37037037037037,False
ess0109,AUTO-QUESTIONNAIRES,float,PARTIAL,DR,V3,3,2,66.66666666666666,False
ess0109,AUTO-QUESTIONNAIRES,float,PARTIAL,DR,V4,69,26,37.68115942028986,False
eq5d0206,AUTO-QUESTIONNAIRES,float,READY,BP,V0,6252,2519,40.291106845809345,False
eq5d0206,AUTO-QUESTIONNAIRES,float,READY,BP,V1,3074,1159,37.70331815224463,False
eq5d0206,AUTO-QUESTIONNAIRES,float,READY,BP,V2,2228,817,36.66965888689408,False
eq5d0206,AUTO-QUESTIONNAIRES,float,READY,BP,V3,1497,484,32.331329325317306,False
eq5d0206,AUTO-QUESTIONNAIRES,float,READY,BP,V4,512,175,34.1796875,False
eq5d0206,AUTO-QUESTIONNAIRES,float,READY,SZ,V0,2209,865,39.15799004074242,False
eq5d0206,AUTO-QUESTIONNAIRES,float,READY,SZ,V1,963,355,36.863966770508824,False
eq5d0206,AUTO-QUESTIONNAIRES,float,READY,SZ,V2,595,212,35.63025210084034,False
eq5d0206,AUTO-QUESTIONNAIRES,float,READY,SZ,V3,456,157,34.42982456140351,False
eq5d0206,AUTO-QUESTIONNAIRES,float,READY,SZ,V4,198,66,33.33333333333333,False
eq5d0206,AUTO-QUESTIONNAIRES,float,READY,DR,V0,552,47,8.51449275362319,False
eq5d0206,AUTO-QUESTIONNAIRES,float,READY,DR,V1,233,26,11.158798283261802,False
eq5d0206,AUTO-QUESTIONNAIRES,float,READY,DR,V2,135,12,8.88888888888889,False
eq5d0206,AUTO-QUESTIONNAIRES,float,READY,DR,V3,3,1,33.33333333333333,False
eq5d0206,AUTO-QUESTIONNAIRES,float,READY,DR,V4,69,3,4.3478260869565215,False
eq5d,AUTO-QUESTIONNAIRES,float,PARTIAL,BP,V0,6252,2118,33.87715930902112,False
eq5d,AUTO-QUESTIONNAIRES,float,PARTIAL,BP,V1,3074,964,31.3597918022121,False
eq5d,AUTO-QUESTIONNAIRES,float,PARTIAL,BP,V2,2228,681,30.565529622980254,False
eq5d,AUTO-QUESTIONNAIRES,float,PARTIAL,BP,V3,1497,366,24.448897795591183,False
eq5d,AUTO-QUESTIONNAIRES,float,PARTIAL,BP,V4,512,129,25.1953125,False
eq5d,AUTO-QUESTIONNAIRES,float,PARTIAL,SZ,V0,2209,564,25.53191489361702,False
eq5d,AUTO-QUESTIONNAIRES,float,PARTIAL,SZ,V1,963,218,22.63759086188993,False
eq5d,AUTO-QUESTIONNAIRES,float,PARTIAL,SZ,V2,595,123,20.672268907563023,False
eq5d,AUTO-QUESTIONNAIRES,float,PARTIAL,SZ,V3,456,75,16.447368421052634,False
eq5d,AUTO-QUESTIONNAIRES,float,PARTIAL,SZ,V4,198,27,13.636363636363635,False
eq5d,AUTO-QUESTIONNAIRES,float,PARTIAL,DR,V0,552,552,,True
eq5d,AUTO-QUESTIONNAIRES,float,PARTIAL,DR,V1,233,233,,True
eq5d,AUTO-QUESTIONNAIRES,float,PARTIAL,DR,V2,135,135,,True
eq5d,AUTO-QUESTIONNAIRES,float,PARTIAL,DR,V3,3,3,,True
eq5d,AUTO-QUESTIONNAIRES,float,PARTIAL,DR,V4,69,69,,True
fagers,AUTO-QUESTIONNAIRES,float,READY,BP,V0,6252,3948,63.14779270633397,False
fagers,AUTO-QUESTIONNAIRES,float,READY,BP,V1,3074,2127,69.1932335718933,False
fagers,AUTO-QUESTIONNAIRES,float,READY,BP,V2,2228,1593,71.49910233393177,False
fagers,AUTO-QUESTIONNAIRES,float,READY,BP,V3,1497,1103,73.6806947227789,False
fagers,AUTO-QUESTIONNAIRES,float,READY,BP,V4,512,373,72.8515625,False
fagers,AUTO-QUESTIONNAIRES,float,READY,SZ,V0,2209,1253,56.72249886826618,False
fagers,AUTO-QUESTIONNAIRES,float,READY,SZ,V1,963,583,60.53997923156802,False
fagers,AUTO-QUESTIONNAIRES,float,READY,SZ,V2,595,358,60.168067226890756,False
fagers,AUTO-QUESTIONNAIRES,float,READY,SZ,V3,456,293,64.25438596491229,False
fagers,AUTO-QUESTIONNAIRES,float,READY,SZ,V4,198,120,60.60606060606061,False
fagers,AUTO-QUESTIONNAIRES,float,READY,DR,V0,552,412,74.63768115942028,False
fagers,AUTO-QUESTIONNAIRES,float,READY,DR,V1,233,169,72.53218884120172,False
fagers,AUTO-QUESTIONNAIRES,float,READY,DR,V2,135,103,76.29629629629629,False
fagers,AUTO-QUESTIONNAIRES,float,READY,DR,V3,3,3,100.0,False
fagers,AUTO-QUESTIONNAIRES,float,READY,DR,V4,69,51,73.91304347826086,False
ctq29,AUTO-QUESTIONNAIRES,float,READY,BP,V0,6252,352,5.63019833653231,False
ctq29,AUTO-QUESTIONNAIRES,float,READY,BP,V1,3074,3047,99.12166558230318,False
ctq29,AUTO-QUESTIONNAIRES,float,READY,BP,V2,2228,2203,98.87791741472172,False
ctq29,AUTO-QUESTIONNAIRES,float,READY,BP,V3,1497,1481,98.9311957247829,False
ctq29,AUTO-QUESTIONNAIRES,float,READY,BP,V4,512,504,98.4375,False
ctq29,AUTO-QUESTIONNAIRES,float,READY,SZ,V0,2209,376,17.02127659574468,False
ctq29,AUTO-QUESTIONNAIRES,float,READY,SZ,V1,963,883,91.6926272066459,False
ctq29,AUTO-QUESTIONNAIRES,float,READY,SZ,V2,595,546,91.76470588235294,False
ctq29,AUTO-QUESTIONNAIRES,float,READY,SZ,V3,456,408,89.47368421052632,False
ctq29,AUTO-QUESTIONNAIRES,float,READY,SZ,V4,198,177,89.39393939393939,False
ctq29,AUTO-QUESTIONNAIRES,float,READY,DR,V0,552,95,17.21014492753623,False
ctq29,AUTO-QUESTIONNAIRES,float,READY,DR,V1,233,233,100.0,False
ctq29,AUTO-QUESTIONNAIRES,float,READY,DR,V2,135,135,100.0,False
ctq29,AUTO-QUESTIONNAIRES,float,READY,DR,V3,3,3,100.0,False
ctq29,AUTO-QUESTIONNAIRES,float,READY,DR,V4,69,69,100.0,False
ctq31,AUTO-QUESTIONNAIRES,float,READY,BP,V0,6252,358,5.726167626359565,False
ctq31,AUTO-QUESTIONNAIRES,float,READY,BP,V1,3074,3048,99.15419648666233,False
ctq31,AUTO-QUESTIONNAIRES,float,READY,BP,V2,2228,2203,98.87791741472172,False
ctq31,AUTO-QUESTIONNAIRES,float,READY,BP,V3,1497,1481,98.9311957247829,False
ctq31,AUTO-QUESTIONNAIRES,float,READY,BP,V4,512,504,98.4375,False
ctq31,AUTO-QUESTIONNAIRES,float,READY,SZ,V0,2209,383,17.338162064282482,False
ctq31,AUTO-QUESTIONNAIRES,float,READY,SZ,V1,963,884,91.79646936656283,False
ctq31,AUTO-QUESTIONNAIRES,float,READY,SZ,V2,595,546,91.76470588235294,False
ctq31,AUTO-QUESTIONNAIRES,float,READY,SZ,V3,456,408,89.47368421052632,False
ctq31,AUTO-QUESTIONNAIRES,float,READY,SZ,V4,198,177,89.39393939393939,False
ctq31,AUTO-QUESTIONNAIRES,float,READY,DR,V0,552,96,17.391304347826086,False
ctq31,AUTO-QUESTIONNAIRES,float,READY,DR,V1,233,233,100.0,False
ctq31,AUTO-QUESTIONNAIRES,float,READY,DR,V2,135,135,100.0,False
ctq31,AUTO-QUESTIONNAIRES,float,READY,DR,V3,3,3,100.0,False
ctq31,AUTO-QUESTIONNAIRES,float,READY,DR,V4,69,69,100.0,False
ctq33,AUTO-QUESTIONNAIRES,float,READY,BP,V0,6252,350,5.598208573256558,False
ctq33,AUTO-QUESTIONNAIRES,float,READY,BP,V1,3074,3048,99.15419648666233,False
ctq33,AUTO-QUESTIONNAIRES,float,READY,BP,V2,2228,2203,98.87791741472172,False
ctq33,AUTO-QUESTIONNAIRES,float,READY,BP,V3,1497,1481,98.9311957247829,False
ctq33,AUTO-QUESTIONNAIRES,float,READY,BP,V4,512,504,98.4375,False
ctq33,AUTO-QUESTIONNAIRES,float,READY,SZ,V0,2209,377,17.06654594839294,False
ctq33,AUTO-QUESTIONNAIRES,float,READY,SZ,V1,963,883,91.6926272066459,False
ctq33,AUTO-QUESTIONNAIRES,float,READY,SZ,V2,595,546,91.76470588235294,False
ctq33,AUTO-QUESTIONNAIRES,float,READY,SZ,V3,456,408,89.47368421052632,False
ctq33,AUTO-QUESTIONNAIRES,float,READY,SZ,V4,198,177,89.39393939393939,False
ctq33,AUTO-QUESTIONNAIRES,float,READY,DR,V0,552,97,17.57246376811594,False
ctq33,AUTO-QUESTIONNAIRES,float,READY,DR,V1,233,233,100.0,False
ctq33,AUTO-QUESTIONNAIRES,float,READY,DR,V2,135,135,100.0,False
ctq33,AUTO-QUESTIONNAIRES,float,READY,DR,V3,3,3,100.0,False
ctq33,AUTO-QUESTIONNAIRES,float,READY,DR,V4,69,69,100.0,False
ctq35,AUTO-QUESTIONNAIRES,float,READY,BP,V0,6252,359,5.742162507997441,False
ctq35,AUTO-QUESTIONNAIRES,float,READY,BP,V1,3074,3048,99.15419648666233,False
ctq35,AUTO-QUESTIONNAIRES,float,READY,BP,V2,2228,2203,98.87791741472172,False
ctq35,AUTO-QUESTIONNAIRES,float,READY,BP,V3,1497,1481,98.9311957247829,False
ctq35,AUTO-QUESTIONNAIRES,float,READY,BP,V4,512,504,98.4375,False
ctq35,AUTO-QUESTIONNAIRES,float,READY,SZ,V0,2209,381,17.247623358985965,False
ctq35,AUTO-QUESTIONNAIRES,float,READY,SZ,V1,963,884,91.79646936656283,False
ctq35,AUTO-QUESTIONNAIRES,float,READY,SZ,V2,595,546,91.76470588235294,False
ctq35,AUTO-QUESTIONNAIRES,float,READY,SZ,V3,456,408,89.47368421052632,False
ctq35,AUTO-QUESTIONNAIRES,float,READY,SZ,V4,198,177,89.39393939393939,False
ctq35,AUTO-QUESTIONNAIRES,float,READY,DR,V0,552,97,17.57246376811594,False
ctq35,AUTO-QUESTIONNAIRES,float,READY,DR,V1,233,233,100.0,False
ctq35,AUTO-QUESTIONNAIRES,float,READY,DR,V2,135,135,100.0,False
ctq35,AUTO-QUESTIONNAIRES,float,READY,DR,V3,3,3,100.0,False
ctq35,AUTO-QUESTIONNAIRES,float,READY,DR,V4,69,69,100.0,False
ctq37,AUTO-QUESTIONNAIRES,float,READY,BP,V0,6252,358,5.726167626359565,False
ctq37,AUTO-QUESTIONNAIRES,float,READY,BP,V1,3074,3048,99.15419648666233,False
ctq37,AUTO-QUESTIONNAIRES,float,READY,BP,V2,2228,2203,98.87791741472172,False
ctq37,AUTO-QUESTIONNAIRES,float,READY,BP,V3,1497,1481,98.9311957247829,False
ctq37,AUTO-QUESTIONNAIRES,float,READY,BP,V4,512,504,98.4375,False
ctq37,AUTO-QUESTIONNAIRES,float,READY,SZ,V0,2209,379,17.157084653689452,False
ctq37,AUTO-QUESTIONNAIRES,float,READY,SZ,V1,963,883,91.6926272066459,False
ctq37,AUTO-QUESTIONNAIRES,float,READY,SZ,V2,595,547,91.9327731092437,False
ctq37,AUTO-QUESTIONNAIRES,float,READY,SZ,V3,456,408,89.47368421052632,False
ctq37,AUTO-QUESTIONNAIRES,float,READY,SZ,V4,198,177,89.39393939393939,False
ctq37,AUTO-QUESTIONNAIRES,float,READY,DR,V0,552,97,17.57246376811594,False
ctq37,AUTO-QUESTIONNAIRES,float,READY,DR,V1,233,233,100.0,False
ctq37,AUTO-QUESTIONNAIRES,float,READY,DR,V2,135,135,100.0,False
ctq37,AUTO-QUESTIONNAIRES,float,READY,DR,V3,3,3,100.0,False
ctq37,AUTO-QUESTIONNAIRES,float,READY,DR,V4,69,69,100.0,False
ctq39,AUTO-QUESTIONNAIRES,float,READY,BP,V0,6252,387,6.190019193857966,False
ctq39,AUTO-QUESTIONNAIRES,float,READY,BP,V1,3074,3048,99.15419648666233,False
ctq39,AUTO-QUESTIONNAIRES,float,READY,BP,V2,2228,2203,98.87791741472172,False
ctq39,AUTO-QUESTIONNAIRES,float,READY,BP,V3,1497,1481,98.9311957247829,False
ctq39,AUTO-QUESTIONNAIRES,float,READY,BP,V4,512,504,98.4375,False
ctq39,AUTO-QUESTIONNAIRES,float,READY,SZ,V0,2209,405,18.334087822544138,False
ctq39,AUTO-QUESTIONNAIRES,float,READY,SZ,V1,963,885,91.90031152647975,False
ctq39,AUTO-QUESTIONNAIRES,float,READY,SZ,V2,595,547,91.9327731092437,False
ctq39,AUTO-QUESTIONNAIRES,float,READY,SZ,V3,456,408,89.47368421052632,False
ctq39,AUTO-QUESTIONNAIRES,float,READY,SZ,V4,198,177,89.39393939393939,False
ctq39,AUTO-QUESTIONNAIRES,float,READY,DR,V0,552,99,17.934782608695652,False
ctq39,AUTO-QUESTIONNAIRES,float,READY,DR,V1,233,233,100.0,False
ctq39,AUTO-QUESTIONNAIRES,float,READY,DR,V2,135,135,100.0,False
ctq39,AUTO-QUESTIONNAIRES,float,READY,DR,V3,3,3,100.0,False
ctq39,AUTO-QUESTIONNAIRES,float,READY,DR,V4,69,69,100.0,False
ctq40,AUTO-QUESTIONNAIRES,int8 categorical,READY,BP,V0,6252,375,5.998080614203455,False
ctq40,AUTO-QUESTIONNAIRES,int8 categorical,READY,BP,V1,3074,3051,99.25178919973975,False
ctq40,AUTO-QUESTIONNAIRES,int8 categorical,READY,BP,V2,2228,2205,98.96768402154399,False
ctq40,AUTO-QUESTIONNAIRES,int8 categorical,READY,BP,V3,1497,1483,99.06479625918504,False
ctq40,AUTO-QUESTIONNAIRES,int8 categorical,READY,BP,V4,512,505,98.6328125,False
ctq40,AUTO-QUESTIONNAIRES,int8 categorical,READY,SZ,V0,2209,381,17.247623358985965,False
ctq40,AUTO-QUESTIONNAIRES,int8 categorical,READY,SZ,V1,963,896,93.04257528556595,False
ctq40,AUTO-QUESTIONNAIRES,int8 categorical,READY,SZ,V2,595,551,92.60504201680672,False
ctq40,AUTO-QUESTIONNAIRES,int8 categorical,READY,SZ,V3,456,412,90.35087719298247,False
ctq40,AUTO-QUESTIONNAIRES,int8 categorical,READY,SZ,V4,198,178,89.8989898989899,False
ctq40,AUTO-QUESTIONNAIRES,int8 categorical,READY,DR,V0,552,158,28.6231884057971,False
ctq40,AUTO-QUESTIONNAIRES,int8 categorical,READY,DR,V1,233,233,100.0,False
ctq40,AUTO-QUESTIONNAIRES,int8 categorical,READY,DR,V2,135,135,100.0,False
ctq40,AUTO-QUESTIONNAIRES,int8 categorical,READY,DR,V3,3,3,100.0,False
ctq40,AUTO-QUESTIONNAIRES,int8 categorical,READY,DR,V4,69,69,100.0,False
ctq41,AUTO-QUESTIONNAIRES,int8 binary,PARTIAL,BP,V0,6252,375,5.998080614203455,False
ctq41,AUTO-QUESTIONNAIRES,int8 binary,PARTIAL,BP,V1,3074,3051,99.25178919973975,False
ctq41,AUTO-QUESTIONNAIRES,int8 binary,PARTIAL,BP,V2,2228,2205,98.96768402154399,False
ctq41,AUTO-QUESTIONNAIRES,int8 binary,PARTIAL,BP,V3,1497,1483,99.06479625918504,False
ctq41,AUTO-QUESTIONNAIRES,int8 binary,PARTIAL,BP,V4,512,505,98.6328125,False
ctq41,AUTO-QUESTIONNAIRES,int8 binary,PARTIAL,SZ,V0,2209,381,17.247623358985965,False
ctq41,AUTO-QUESTIONNAIRES,int8 binary,PARTIAL,SZ,V1,963,896,93.04257528556595,False
ctq41,AUTO-QUESTIONNAIRES,int8 binary,PARTIAL,SZ,V2,595,551,92.60504201680672,False
ctq41,AUTO-QUESTIONNAIRES,int8 binary,PARTIAL,SZ,V3,456,412,90.35087719298247,False
ctq41,AUTO-QUESTIONNAIRES,int8 binary,PARTIAL,SZ,V4,198,178,89.8989898989899,False
ctq41,AUTO-QUESTIONNAIRES,int8 binary,PARTIAL,DR,V0,552,552,,True
ctq41,AUTO-QUESTIONNAIRES,int8 binary,PARTIAL,DR,V1,233,233,,True
ctq41,AUTO-QUESTIONNAIRES,int8 binary,PARTIAL,DR,V2,135,135,,True
ctq41,AUTO-QUESTIONNAIRES,int8 binary,PARTIAL,DR,V3,3,3,,True
ctq41,AUTO-QUESTIONNAIRES,int8 binary,PARTIAL,DR,V4,69,69,,True
bis10,AUTO-QUESTIONNAIRES,float,PARTIAL,BP,V0,6252,422,6.749840051183622,False
bis10,AUTO-QUESTIONNAIRES,float,PARTIAL,BP,V1,3074,3049,99.18672739102146,False
bis10,AUTO-QUESTIONNAIRES,float,PARTIAL,BP,V2,2228,2203,98.87791741472172,False
bis10,AUTO-QUESTIONNAIRES,float,PARTIAL,BP,V3,1497,1482,98.99799599198397,False
bis10,AUTO-QUESTIONNAIRES,float,PARTIAL,BP,V4,512,507,99.0234375,False
bis10,AUTO-QUESTIONNAIRES,float,PARTIAL,SZ,V0,2209,2209,,True
bis10,AUTO-QUESTIONNAIRES,float,PARTIAL,SZ,V1,963,963,,True
bis10,AUTO-QUESTIONNAIRES,float,PARTIAL,SZ,V2,595,595,,True
bis10,AUTO-QUESTIONNAIRES,float,PARTIAL,SZ,V3,456,456,,True
bis10,AUTO-QUESTIONNAIRES,float,PARTIAL,SZ,V4,198,198,,True
bis10,AUTO-QUESTIONNAIRES,float,PARTIAL,DR,V0,552,169,30.61594202898551,False
bis10,AUTO-QUESTIONNAIRES,float,PARTIAL,DR,V1,233,233,100.0,False
bis10,AUTO-QUESTIONNAIRES,float,PARTIAL,DR,V2,135,44,32.592592592592595,False
bis10,AUTO-QUESTIONNAIRES,float,PARTIAL,DR,V3,3,2,66.66666666666666,False
bis10,AUTO-QUESTIONNAIRES,float,PARTIAL,DR,V4,69,27,39.130434782608695,False
wurs,AUTO-QUESTIONNAIRES,float,PARTIAL,BP,V0,6252,460,7.357645553422905,False
wurs,AUTO-QUESTIONNAIRES,float,PARTIAL,BP,V1,3074,3059,99.51203643461288,False
wurs,AUTO-QUESTIONNAIRES,float,PARTIAL,BP,V2,2228,2207,99.05745062836625,False
wurs,AUTO-QUESTIONNAIRES,float,PARTIAL,BP,V3,1497,1484,99.1315965263861,False
wurs,AUTO-QUESTIONNAIRES,float,PARTIAL,BP,V4,512,509,99.4140625,False
wurs,AUTO-QUESTIONNAIRES,float,PARTIAL,SZ,V0,2209,1984,89.81439565414215,False
wurs,AUTO-QUESTIONNAIRES,float,PARTIAL,SZ,V1,963,962,99.89615784008308,False
wurs,AUTO-QUESTIONNAIRES,float,PARTIAL,SZ,V2,595,593,99.66386554621849,False
wurs,AUTO-QUESTIONNAIRES,float,PARTIAL,SZ,V3,456,455,99.78070175438597,False
wurs,AUTO-QUESTIONNAIRES,float,PARTIAL,SZ,V4,198,198,100.0,False
wurs,AUTO-QUESTIONNAIRES,float,PARTIAL,DR,V0,552,552,,True
wurs,AUTO-QUESTIONNAIRES,float,PARTIAL,DR,V1,233,233,,True
wurs,AUTO-QUESTIONNAIRES,float,PARTIAL,DR,V2,135,135,,True
wurs,AUTO-QUESTIONNAIRES,float,PARTIAL,DR,V3,3,3,,True
wurs,AUTO-QUESTIONNAIRES,float,PARTIAL,DR,V4,69,69,,True
csm,AUTO-QUESTIONNAIRES,float,PARTIAL,BP,V0,6252,881,14.09149072296865,False
csm,AUTO-QUESTIONNAIRES,float,PARTIAL,BP,V1,3074,3058,99.47950553025375,False
csm,AUTO-QUESTIONNAIRES,float,PARTIAL,BP,V2,2228,2209,99.1472172351885,False
csm,AUTO-QUESTIONNAIRES,float,PARTIAL,BP,V3,1497,1486,99.26519706078824,False
csm,AUTO-QUESTIONNAIRES,float,PARTIAL,BP,V4,512,511,99.8046875,False
csm,AUTO-QUESTIONNAIRES,float,PARTIAL,SZ,V0,2209,2209,,True
csm,AUTO-QUESTIONNAIRES,float,PARTIAL,SZ,V1,963,963,,True
csm,AUTO-QUESTIONNAIRES,float,PARTIAL,SZ,V2,595,595,,True
csm,AUTO-QUESTIONNAIRES,float,PARTIAL,SZ,V3,456,456,,True
csm,AUTO-QUESTIONNAIRES,float,PARTIAL,SZ,V4,198,198,,True
csm,AUTO-QUESTIONNAIRES,float,PARTIAL,DR,V0,552,175,31.70289855072464,False
csm,AUTO-QUESTIONNAIRES,float,PARTIAL,DR,V1,233,67,28.75536480686695,False
csm,AUTO-QUESTIONNAIRES,float,PARTIAL,DR,V2,135,41,30.37037037037037,False
csm,AUTO-QUESTIONNAIRES,float,PARTIAL,DR,V3,3,2,66.66666666666666,False
csm,AUTO-QUESTIONNAIRES,float,PARTIAL,DR,V4,69,27,39.130434782608695,False
mdq,AUTO-QUESTIONNAIRES,int8 binary,PARTIAL,BP,V0,6252,6252,100.0,False
mdq,AUTO-QUESTIONNAIRES,int8 binary,PARTIAL,BP,V1,3074,3074,100.0,False
mdq,AUTO-QUESTIONNAIRES,int8 binary,PARTIAL,BP,V2,2228,2228,100.0,False
mdq,AUTO-QUESTIONNAIRES,int8 binary,PARTIAL,BP,V3,1497,1497,100.0,False
mdq,AUTO-QUESTIONNAIRES,int8 binary,PARTIAL,BP,V4,512,512,100.0,False
mdq,AUTO-QUESTIONNAIRES,int8 binary,PARTIAL,SZ,V0,2209,2209,,True
mdq,AUTO-QUESTIONNAIRES,int8 binary,PARTIAL,SZ,V1,963,963,,True
mdq,AUTO-QUESTIONNAIRES,int8 binary,PARTIAL,SZ,V2,595,595,,True
mdq,AUTO-QUESTIONNAIRES,int8 binary,PARTIAL,SZ,V3,456,456,,True
mdq,AUTO-QUESTIONNAIRES,int8 binary,PARTIAL,SZ,V4,198,198,,True
mdq,AUTO-QUESTIONNAIRES,int8 binary,PARTIAL,DR,V0,552,46,8.333333333333332,False
mdq,AUTO-QUESTIONNAIRES,int8 binary,PARTIAL,DR,V1,233,31,13.304721030042918,False
mdq,AUTO-QUESTIONNAIRES,int8 binary,PARTIAL,DR,V2,135,23,17.037037037037038,False
mdq,AUTO-QUESTIONNAIRES,int8 binary,PARTIAL,DR,V3,3,1,33.33333333333333,False
mdq,AUTO-QUESTIONNAIRES,int8 binary,PARTIAL,DR,V4,69,7,10.144927536231885,False
cgi01,HETERO-QUESTIONNAIRES,int8 categorical,READY,BP,V0,6252,743,11.884197056941778,False
cgi01,HETERO-QUESTIONNAIRES,int8 categorical,READY,BP,V1,3074,394,12.817176317501627,False
cgi01,HETERO-QUESTIONNAIRES,int8 categorical,READY,BP,V2,2228,366,16.427289048473966,False
cgi01,HETERO-QUESTIONNAIRES,int8 categorical,READY,BP,V3,1497,246,16.432865731462925,False
cgi01,HETERO-QUESTIONNAIRES,int8 categorical,READY,BP,V4,512,112,21.875,False
cgi01,HETERO-QUESTIONNAIRES,int8 categorical,READY,SZ,V0,2209,114,5.160706201901313,False
cgi01,HETERO-QUESTIONNAIRES,int8 categorical,READY,SZ,V1,963,64,6.645898234683282,False
cgi01,HETERO-QUESTIONNAIRES,int8 categorical,READY,SZ,V2,595,36,6.050420168067227,False
cgi01,HETERO-QUESTIONNAIRES,int8 categorical,READY,SZ,V3,456,34,7.456140350877193,False
cgi01,HETERO-QUESTIONNAIRES,int8 categorical,READY,SZ,V4,198,11,5.555555555555555,False
cgi01,HETERO-QUESTIONNAIRES,int8 categorical,READY,DR,V0,552,27,4.891304347826087,False
cgi01,HETERO-QUESTIONNAIRES,int8 categorical,READY,DR,V1,233,13,5.579399141630901,False
cgi01,HETERO-QUESTIONNAIRES,int8 categorical,READY,DR,V2,135,25,18.51851851851852,False
cgi01,HETERO-QUESTIONNAIRES,int8 categorical,READY,DR,V3,3,2,66.66666666666666,False
cgi01,HETERO-QUESTIONNAIRES,int8 categorical,READY,DR,V4,69,26,37.68115942028986,False
cgi02,HETERO-QUESTIONNAIRES,int8 categorical,PARTIAL,BP,V0,6252,4347,69.52975047984646,False
cgi02,HETERO-QUESTIONNAIRES,int8 categorical,PARTIAL,BP,V1,3074,521,16.948601171112557,False
cgi02,HETERO-QUESTIONNAIRES,int8 categorical,PARTIAL,BP,V2,2228,446,20.017953321364452,False
cgi02,HETERO-QUESTIONNAIRES,int8 categorical,PARTIAL,BP,V3,1497,287,19.171676686706746,False
cgi02,HETERO-QUESTIONNAIRES,int8 categorical,PARTIAL,BP,V4,512,137,26.7578125,False
cgi02,HETERO-QUESTIONNAIRES,int8 categorical,PARTIAL,SZ,V0,2209,1658,75.05658669081032,False
cgi02,HETERO-QUESTIONNAIRES,int8 categorical,PARTIAL,SZ,V1,963,112,11.630321910695743,False
cgi02,HETERO-QUESTIONNAIRES,int8 categorical,PARTIAL,SZ,V2,595,58,9.747899159663866,False
cgi02,HETERO-QUESTIONNAIRES,int8 categorical,PARTIAL,SZ,V3,456,50,10.964912280701753,False
cgi02,HETERO-QUESTIONNAIRES,int8 categorical,PARTIAL,SZ,V4,198,11,5.555555555555555,False
cgi02,HETERO-QUESTIONNAIRES,int8 categorical,PARTIAL,DR,V0,552,552,,True
cgi02,HETERO-QUESTIONNAIRES,int8 categorical,PARTIAL,DR,V1,233,233,,True
cgi02,HETERO-QUESTIONNAIRES,int8 categorical,PARTIAL,DR,V2,135,135,,True
cgi02,HETERO-QUESTIONNAIRES,int8 categorical,PARTIAL,DR,V3,3,3,,True
cgi02,HETERO-QUESTIONNAIRES,int8 categorical,PARTIAL,DR,V4,69,69,,True
cgi03a,HETERO-QUESTIONNAIRES,int8 categorical,PARTIAL,BP,V0,6252,4466,71.43314139475368,False
cgi03a,HETERO-QUESTIONNAIRES,int8 categorical,PARTIAL,BP,V1,3074,665,21.633051398828886,False
cgi03a,HETERO-QUESTIONNAIRES,int8 categorical,PARTIAL,BP,V2,2228,540,24.236983842010773,False
cgi03a,HETERO-QUESTIONNAIRES,int8 categorical,PARTIAL,BP,V3,1497,333,22.24448897795591,False
cgi03a,HETERO-QUESTIONNAIRES,int8 categorical,PARTIAL,BP,V4,512,152,29.6875,False
cgi03a,HETERO-QUESTIONNAIRES,int8 categorical,PARTIAL,SZ,V0,2209,1424,64.46355817111815,False
cgi03a,HETERO-QUESTIONNAIRES,int8 categorical,PARTIAL,SZ,V1,963,138,14.330218068535824,False
cgi03a,HETERO-QUESTIONNAIRES,int8 categorical,PARTIAL,SZ,V2,595,74,12.436974789915967,False
cgi03a,HETERO-QUESTIONNAIRES,int8 categorical,PARTIAL,SZ,V3,456,54,11.842105263157894,False
cgi03a,HETERO-QUESTIONNAIRES,int8 categorical,PARTIAL,SZ,V4,198,16,8.080808080808081,False
cgi03a,HETERO-QUESTIONNAIRES,int8 categorical,PARTIAL,DR,V0,552,552,,True
cgi03a,HETERO-QUESTIONNAIRES,int8 categorical,PARTIAL,DR,V1,233,233,,True
cgi03a,HETERO-QUESTIONNAIRES,int8 categorical,PARTIAL,DR,V2,135,135,,True
cgi03a,HETERO-QUESTIONNAIRES,int8 categorical,PARTIAL,DR,V3,3,3,,True
cgi03a,HETERO-QUESTIONNAIRES,int8 categorical,PARTIAL,DR,V4,69,69,,True
cgi03b,HETERO-QUESTIONNAIRES,int8 categorical,PARTIAL,BP,V0,6252,5188,82.98144593730007,False
cgi03b,HETERO-QUESTIONNAIRES,int8 categorical,PARTIAL,BP,V1,3074,914,29.733246584255042,False
cgi03b,HETERO-QUESTIONNAIRES,int8 categorical,PARTIAL,BP,V2,2228,718,32.2262118491921,False
cgi03b,HETERO-QUESTIONNAIRES,int8 categorical,PARTIAL,BP,V3,1497,453,30.26052104208417,False
cgi03b,HETERO-QUESTIONNAIRES,int8 categorical,PARTIAL,BP,V4,512,194,37.890625,False
cgi03b,HETERO-QUESTIONNAIRES,int8 categorical,PARTIAL,SZ,V0,2209,1630,73.78904481665913,False
cgi03b,HETERO-QUESTIONNAIRES,int8 categorical,PARTIAL,SZ,V1,963,221,22.949117341640708,False
cgi03b,HETERO-QUESTIONNAIRES,int8 categorical,PARTIAL,SZ,V2,595,133,22.35294117647059,False
cgi03b,HETERO-QUESTIONNAIRES,int8 categorical,PARTIAL,SZ,V3,456,103,22.587719298245617,False
cgi03b,HETERO-QUESTIONNAIRES,int8 categorical,PARTIAL,SZ,V4,198,37,18.68686868686869,False
cgi03b,HETERO-QUESTIONNAIRES,int8 categorical,PARTIAL,DR,V0,552,552,,True
cgi03b,HETERO-QUESTIONNAIRES,int8 categorical,PARTIAL,DR,V1,233,233,,True
cgi03b,HETERO-QUESTIONNAIRES,int8 categorical,PARTIAL,DR,V2,135,135,,True
cgi03b,HETERO-QUESTIONNAIRES,int8 categorical,PARTIAL,DR,V3,3,3,,True
cgi03b,HETERO-QUESTIONNAIRES,int8 categorical,PARTIAL,DR,V4,69,69,,True
cgi03,HETERO-QUESTIONNAIRES,float,PARTIAL,BP,V0,6252,4488,71.78502879078695,False
cgi03,HETERO-QUESTIONNAIRES,float,PARTIAL,BP,V1,3074,682,22.18607677293429,False
cgi03,HETERO-QUESTIONNAIRES,float,PARTIAL,BP,V2,2228,557,25.0,False
cgi03,HETERO-QUESTIONNAIRES,float,PARTIAL,BP,V3,1497,339,22.645290581162325,False
cgi03,HETERO-QUESTIONNAIRES,float,PARTIAL,BP,V4,512,154,30.078125,False
cgi03,HETERO-QUESTIONNAIRES,float,PARTIAL,SZ,V0,2209,1426,64.55409687641466,False
cgi03,HETERO-QUESTIONNAIRES,float,PARTIAL,SZ,V1,963,141,14.641744548286603,False
cgi03,HETERO-QUESTIONNAIRES,float,PARTIAL,SZ,V2,595,75,12.605042016806722,False
cgi03,HETERO-QUESTIONNAIRES,float,PARTIAL,SZ,V3,456,58,12.719298245614036,False
cgi03,HETERO-QUESTIONNAIRES,float,PARTIAL,SZ,V4,198,18,9.090909090909092,False
cgi03,HETERO-QUESTIONNAIRES,float,PARTIAL,DR,V0,552,552,,True
cgi03,HETERO-QUESTIONNAIRES,float,PARTIAL,DR,V1,233,233,,True
cgi03,HETERO-QUESTIONNAIRES,float,PARTIAL,DR,V2,135,135,,True
cgi03,HETERO-QUESTIONNAIRES,float,PARTIAL,DR,V3,3,3,,True
cgi03,HETERO-QUESTIONNAIRES,float,PARTIAL,DR,V4,69,69,,True
egf,HETERO-QUESTIONNAIRES,float,READY,BP,V0,6252,1283,20.521433141394755,False
egf,HETERO-QUESTIONNAIRES,float,READY,BP,V1,3074,564,18.347430058555627,False
egf,HETERO-QUESTIONNAIRES,float,READY,BP,V2,2228,471,21.14003590664273,False
egf,HETERO-QUESTIONNAIRES,float,READY,BP,V3,1497,315,21.04208416833667,False
egf,HETERO-QUESTIONNAIRES,float,READY,BP,V4,512,146,28.515625,False
egf,HETERO-QUESTIONNAIRES,float,READY,SZ,V0,2209,173,7.831598008148484,False
egf,HETERO-QUESTIONNAIRES,float,READY,SZ,V1,963,79,8.203530633437175,False
egf,HETERO-QUESTIONNAIRES,float,READY,SZ,V2,595,46,7.73109243697479,False
egf,HETERO-QUESTIONNAIRES,float,READY,SZ,V3,456,38,8.333333333333332,False
egf,HETERO-QUESTIONNAIRES,float,READY,SZ,V4,198,12,6.0606060606060606,False
egf,HETERO-QUESTIONNAIRES,float,READY,DR,V0,552,71,12.862318840579709,False
egf,HETERO-QUESTIONNAIRES,float,READY,DR,V1,233,17,7.296137339055794,False
egf,HETERO-QUESTIONNAIRES,float,READY,DR,V2,135,21,15.555555555555555,False
egf,HETERO-QUESTIONNAIRES,float,READY,DR,V3,3,0,0.0,False
egf,HETERO-QUESTIONNAIRES,float,READY,DR,V4,69,5,7.246376811594203,False
madrs,HETERO-QUESTIONNAIRES,float,PARTIAL,BP,V0,6252,204,3.262955854126679,False
madrs,HETERO-QUESTIONNAIRES,float,PARTIAL,BP,V1,3074,149,4.847104749512036,False
madrs,HETERO-QUESTIONNAIRES,float,PARTIAL,BP,V2,2228,141,6.3285457809694785,False
madrs,HETERO-QUESTIONNAIRES,float,PARTIAL,BP,V3,1497,98,6.5464261857047426,False
madrs,HETERO-QUESTIONNAIRES,float,PARTIAL,BP,V4,512,35,6.8359375,False
madrs,HETERO-QUESTIONNAIRES,float,PARTIAL,SZ,V0,2209,2209,,True
madrs,HETERO-QUESTIONNAIRES,float,PARTIAL,SZ,V1,963,963,,True
madrs,HETERO-QUESTIONNAIRES,float,PARTIAL,SZ,V2,595,595,,True
madrs,HETERO-QUESTIONNAIRES,float,PARTIAL,SZ,V3,456,456,,True
madrs,HETERO-QUESTIONNAIRES,float,PARTIAL,SZ,V4,198,198,,True
madrs,HETERO-QUESTIONNAIRES,float,PARTIAL,DR,V0,552,20,3.6231884057971016,False
madrs,HETERO-QUESTIONNAIRES,float,PARTIAL,DR,V1,233,6,2.575107296137339,False
madrs,HETERO-QUESTIONNAIRES,float,PARTIAL,DR,V2,135,9,6.666666666666667,False
madrs,HETERO-QUESTIONNAIRES,float,PARTIAL,DR,V3,3,0,0.0,False
madrs,HETERO-QUESTIONNAIRES,float,PARTIAL,DR,V4,69,2,2.898550724637681,False
ymrs,HETERO-QUESTIONNAIRES,float,READY,BP,V0,6252,231,3.694817658349328,False
ymrs,HETERO-QUESTIONNAIRES,float,READY,BP,V1,3074,164,5.3350683148991545,False
ymrs,HETERO-QUESTIONNAIRES,float,READY,BP,V2,2228,149,6.687612208258528,False
ymrs,HETERO-QUESTIONNAIRES,float,READY,BP,V3,1497,108,7.214428857715431,False
ymrs,HETERO-QUESTIONNAIRES,float,READY,BP,V4,512,40,7.8125,False
ymrs,HETERO-QUESTIONNAIRES,float,READY,SZ,V0,2209,181,8.19375282933454,False
ymrs,HETERO-QUESTIONNAIRES,float,READY,SZ,V1,963,81,8.411214953271028,False
ymrs,HETERO-QUESTIONNAIRES,float,READY,SZ,V2,595,42,7.0588235294117645,False
ymrs,HETERO-QUESTIONNAIRES,float,READY,SZ,V3,456,41,8.991228070175438,False
ymrs,HETERO-QUESTIONNAIRES,float,READY,SZ,V4,198,11,5.555555555555555,False
ymrs,HETERO-QUESTIONNAIRES,float,READY,DR,V0,552,166,30.07246376811594,False
ymrs,HETERO-QUESTIONNAIRES,float,READY,DR,V1,233,68,29.184549356223176,False
ymrs,HETERO-QUESTIONNAIRES,float,READY,DR,V2,135,34,25.185185185185183,False
ymrs,HETERO-QUESTIONNAIRES,float,READY,DR,V3,3,2,66.66666666666666,False
ymrs,HETERO-QUESTIONNAIRES,float,READY,DR,V4,69,26,37.68115942028986,False
fast25,HETERO-QUESTIONNAIRES,float,PARTIAL,BP,V0,6252,449,7.18170185540627,False
fast25,HETERO-QUESTIONNAIRES,float,PARTIAL,BP,V1,3074,331,10.767729342875732,False
fast25,HETERO-QUESTIONNAIRES,float,PARTIAL,BP,V2,2228,261,11.714542190305206,False
fast25,HETERO-QUESTIONNAIRES,float,PARTIAL,BP,V3,1497,166,11.088844355377422,False
fast25,HETERO-QUESTIONNAIRES,float,PARTIAL,BP,V4,512,78,15.234375,False
fast25,HETERO-QUESTIONNAIRES,float,PARTIAL,SZ,V0,2209,2209,,True
fast25,HETERO-QUESTIONNAIRES,float,PARTIAL,SZ,V1,963,963,,True
fast25,HETERO-QUESTIONNAIRES,float,PARTIAL,SZ,V2,595,595,,True
fast25,HETERO-QUESTIONNAIRES,float,PARTIAL,SZ,V3,456,456,,True
fast25,HETERO-QUESTIONNAIRES,float,PARTIAL,SZ,V4,198,198,,True
fast25,HETERO-QUESTIONNAIRES,float,PARTIAL,DR,V0,552,189,34.23913043478261,False
fast25,HETERO-QUESTIONNAIRES,float,PARTIAL,DR,V1,233,233,100.0,False
fast25,HETERO-QUESTIONNAIRES,float,PARTIAL,DR,V2,135,58,42.96296296296296,False
fast25,HETERO-QUESTIONNAIRES,float,PARTIAL,DR,V3,3,2,66.66666666666666,False
fast25,HETERO-QUESTIONNAIRES,float,PARTIAL,DR,V4,69,43,62.31884057971014,False
fast26,HETERO-QUESTIONNAIRES,float,PARTIAL,BP,V0,6252,522,8.349328214971209,False
fast26,HETERO-QUESTIONNAIRES,float,PARTIAL,BP,V1,3074,351,11.418347430058555,False
fast26,HETERO-QUESTIONNAIRES,float,PARTIAL,BP,V2,2228,279,12.522441651705565,False
fast26,HETERO-QUESTIONNAIRES,float,PARTIAL,BP,V3,1497,174,11.623246492985972,False
fast26,HETERO-QUESTIONNAIRES,float,PARTIAL,BP,V4,512,81,15.8203125,False
fast26,HETERO-QUESTIONNAIRES,float,PARTIAL,SZ,V0,2209,2209,,True
fast26,HETERO-QUESTIONNAIRES,float,PARTIAL,SZ,V1,963,963,,True
fast26,HETERO-QUESTIONNAIRES,float,PARTIAL,SZ,V2,595,595,,True
fast26,HETERO-QUESTIONNAIRES,float,PARTIAL,SZ,V3,456,456,,True
fast26,HETERO-QUESTIONNAIRES,float,PARTIAL,SZ,V4,198,198,,True
fast26,HETERO-QUESTIONNAIRES,float,PARTIAL,DR,V0,552,192,34.78260869565217,False
fast26,HETERO-QUESTIONNAIRES,float,PARTIAL,DR,V1,233,233,100.0,False
fast26,HETERO-QUESTIONNAIRES,float,PARTIAL,DR,V2,135,57,42.22222222222222,False
fast26,HETERO-QUESTIONNAIRES,float,PARTIAL,DR,V3,3,2,66.66666666666666,False
fast26,HETERO-QUESTIONNAIRES,float,PARTIAL,DR,V4,69,44,63.76811594202898,False
fast27,HETERO-QUESTIONNAIRES,float,PARTIAL,BP,V0,6252,452,7.229686500319897,False
fast27,HETERO-QUESTIONNAIRES,float,PARTIAL,BP,V1,3074,337,10.96291476903058,False
fast27,HETERO-QUESTIONNAIRES,float,PARTIAL,BP,V2,2228,269,12.073608617594255,False
fast27,HETERO-QUESTIONNAIRES,float,PARTIAL,BP,V3,1497,169,11.289245156980627,False
fast27,HETERO-QUESTIONNAIRES,float,PARTIAL,BP,V4,512,76,14.84375,False
fast27,HETERO-QUESTIONNAIRES,float,PARTIAL,SZ,V0,2209,2209,,True
fast27,HETERO-QUESTIONNAIRES,float,PARTIAL,SZ,V1,963,963,,True
fast27,HETERO-QUESTIONNAIRES,float,PARTIAL,SZ,V2,595,595,,True
fast27,HETERO-QUESTIONNAIRES,float,PARTIAL,SZ,V3,456,456,,True
fast27,HETERO-QUESTIONNAIRES,float,PARTIAL,SZ,V4,198,198,,True
fast27,HETERO-QUESTIONNAIRES,float,PARTIAL,DR,V0,552,186,33.69565217391305,False
fast27,HETERO-QUESTIONNAIRES,float,PARTIAL,DR,V1,233,233,100.0,False
fast27,HETERO-QUESTIONNAIRES,float,PARTIAL,DR,V2,135,58,42.96296296296296,False
fast27,HETERO-QUESTIONNAIRES,float,PARTIAL,DR,V3,3,2,66.66666666666666,False
fast27,HETERO-QUESTIONNAIRES,float,PARTIAL,DR,V4,69,43,62.31884057971014,False
fast28,HETERO-QUESTIONNAIRES,int8 categorical,PARTIAL,BP,V0,6252,447,7.149712092130518,False
fast28,HETERO-QUESTIONNAIRES,int8 categorical,PARTIAL,BP,V1,3074,326,10.605074821080027,False
fast28,HETERO-QUESTIONNAIRES,int8 categorical,PARTIAL,BP,V2,2228,262,11.759425493716337,False
fast28,HETERO-QUESTIONNAIRES,int8 categorical,PARTIAL,BP,V3,1497,164,10.955243820975284,False
fast28,HETERO-QUESTIONNAIRES,int8 categorical,PARTIAL,BP,V4,512,76,14.84375,False
fast28,HETERO-QUESTIONNAIRES,int8 categorical,PARTIAL,SZ,V0,2209,2209,,True
fast28,HETERO-QUESTIONNAIRES,int8 categorical,PARTIAL,SZ,V1,963,963,,True
fast28,HETERO-QUESTIONNAIRES,int8 categorical,PARTIAL,SZ,V2,595,595,,True
fast28,HETERO-QUESTIONNAIRES,int8 categorical,PARTIAL,SZ,V3,456,456,,True
fast28,HETERO-QUESTIONNAIRES,int8 categorical,PARTIAL,SZ,V4,198,198,,True
fast28,HETERO-QUESTIONNAIRES,int8 categorical,PARTIAL,DR,V0,552,227,41.1231884057971,False
fast28,HETERO-QUESTIONNAIRES,int8 categorical,PARTIAL,DR,V1,233,233,100.0,False
fast28,HETERO-QUESTIONNAIRES,int8 categorical,PARTIAL,DR,V2,135,60,44.44444444444444,False
fast28,HETERO-QUESTIONNAIRES,int8 categorical,PARTIAL,DR,V3,3,2,66.66666666666666,False
fast28,HETERO-QUESTIONNAIRES,int8 categorical,PARTIAL,DR,V4,69,44,63.76811594202898,False
fast29,HETERO-QUESTIONNAIRES,float,PARTIAL,BP,V0,6252,476,7.61356365962892,False
fast29,HETERO-QUESTIONNAIRES,float,PARTIAL,BP,V1,3074,344,11.190631099544568,False
fast29,HETERO-QUESTIONNAIRES,float,PARTIAL,BP,V2,2228,264,11.8491921005386,False
fast29,HETERO-QUESTIONNAIRES,float,PARTIAL,BP,V3,1497,170,11.356045424181696,False
fast29,HETERO-QUESTIONNAIRES,float,PARTIAL,BP,V4,512,77,15.0390625,False
fast29,HETERO-QUESTIONNAIRES,float,PARTIAL,SZ,V0,2209,2209,,True
fast29,HETERO-QUESTIONNAIRES,float,PARTIAL,SZ,V1,963,963,,True
fast29,HETERO-QUESTIONNAIRES,float,PARTIAL,SZ,V2,595,595,,True
fast29,HETERO-QUESTIONNAIRES,float,PARTIAL,SZ,V3,456,456,,True
fast29,HETERO-QUESTIONNAIRES,float,PARTIAL,SZ,V4,198,198,,True
fast29,HETERO-QUESTIONNAIRES,float,PARTIAL,DR,V0,552,187,33.8768115942029,False
fast29,HETERO-QUESTIONNAIRES,float,PARTIAL,DR,V1,233,233,100.0,False
fast29,HETERO-QUESTIONNAIRES,float,PARTIAL,DR,V2,135,59,43.7037037037037,False
fast29,HETERO-QUESTIONNAIRES,float,PARTIAL,DR,V3,3,2,66.66666666666666,False
fast29,HETERO-QUESTIONNAIRES,float,PARTIAL,DR,V4,69,43,62.31884057971014,False
fast30,HETERO-QUESTIONNAIRES,int8 categorical,PARTIAL,BP,V0,6252,444,7.1017274472168905,False
fast30,HETERO-QUESTIONNAIRES,int8 categorical,PARTIAL,BP,V1,3074,324,10.540013012361744,False
fast30,HETERO-QUESTIONNAIRES,int8 categorical,PARTIAL,BP,V2,2228,256,11.490125673249551,False
fast30,HETERO-QUESTIONNAIRES,int8 categorical,PARTIAL,BP,V3,1497,163,10.888443553774215,False
fast30,HETERO-QUESTIONNAIRES,int8 categorical,PARTIAL,BP,V4,512,76,14.84375,False
fast30,HETERO-QUESTIONNAIRES,int8 categorical,PARTIAL,SZ,V0,2209,2209,,True
fast30,HETERO-QUESTIONNAIRES,int8 categorical,PARTIAL,SZ,V1,963,963,,True
fast30,HETERO-QUESTIONNAIRES,int8 categorical,PARTIAL,SZ,V2,595,595,,True
fast30,HETERO-QUESTIONNAIRES,int8 categorical,PARTIAL,SZ,V3,456,456,,True
fast30,HETERO-QUESTIONNAIRES,int8 categorical,PARTIAL,SZ,V4,198,198,,True
fast30,HETERO-QUESTIONNAIRES,int8 categorical,PARTIAL,DR,V0,552,191,34.60144927536232,False
fast30,HETERO-QUESTIONNAIRES,int8 categorical,PARTIAL,DR,V1,233,233,100.0,False
fast30,HETERO-QUESTIONNAIRES,int8 categorical,PARTIAL,DR,V2,135,59,43.7037037037037,False
fast30,HETERO-QUESTIONNAIRES,int8 categorical,PARTIAL,DR,V3,3,2,66.66666666666666,False
fast30,HETERO-QUESTIONNAIRES,int8 categorical,PARTIAL,DR,V4,69,43,62.31884057971014,False
fast,HETERO-QUESTIONNAIRES,float,PARTIAL,BP,V0,6252,431,6.893793985924504,False
fast,HETERO-QUESTIONNAIRES,float,PARTIAL,BP,V1,3074,291,9.466493168510084,False
fast,HETERO-QUESTIONNAIRES,float,PARTIAL,BP,V2,2228,218,9.784560143626571,False
fast,HETERO-QUESTIONNAIRES,float,PARTIAL,BP,V3,1497,131,8.750835003340013,False
fast,HETERO-QUESTIONNAIRES,float,PARTIAL,BP,V4,512,60,11.71875,False
fast,HETERO-QUESTIONNAIRES,float,PARTIAL,SZ,V0,2209,2209,,True
fast,HETERO-QUESTIONNAIRES,float,PARTIAL,SZ,V1,963,963,,True
fast,HETERO-QUESTIONNAIRES,float,PARTIAL,SZ,V2,595,595,,True
fast,HETERO-QUESTIONNAIRES,float,PARTIAL,SZ,V3,456,456,,True
fast,HETERO-QUESTIONNAIRES,float,PARTIAL,SZ,V4,198,198,,True
fast,HETERO-QUESTIONNAIRES,float,PARTIAL,DR,V0,552,185,33.51449275362319,False
fast,HETERO-QUESTIONNAIRES,float,PARTIAL,DR,V1,233,233,100.0,False
fast,HETERO-QUESTIONNAIRES,float,PARTIAL,DR,V2,135,57,42.22222222222222,False
fast,HETERO-QUESTIONNAIRES,float,PARTIAL,DR,V3,3,2,66.66666666666666,False
fast,HETERO-QUESTIONNAIRES,float,PARTIAL,DR,V4,69,43,62.31884057971014,False
height,CONSTANTES ET ECG,float,READY,BP,V0,6252,410,6.557901471529111,False
height,CONSTANTES ET ECG,float,READY,BP,V1,3074,355,11.54847104749512,False
height,CONSTANTES ET ECG,float,READY,BP,V2,2228,271,12.163375224416518,False
height,CONSTANTES ET ECG,float,READY,BP,V3,1497,157,10.487641950567802,False
height,CONSTANTES ET ECG,float,READY,BP,V4,512,45,8.7890625,False
height,CONSTANTES ET ECG,float,READY,SZ,V0,2209,244,11.04572204617474,False
height,CONSTANTES ET ECG,float,READY,SZ,V1,963,124,12.876427829698859,False
height,CONSTANTES ET ECG,float,READY,SZ,V2,595,92,15.46218487394958,False
height,CONSTANTES ET ECG,float,READY,SZ,V3,456,79,17.324561403508774,False
height,CONSTANTES ET ECG,float,READY,SZ,V4,198,17,8.585858585858585,False
height,CONSTANTES ET ECG,float,READY,DR,V0,552,97,17.57246376811594,False
height,CONSTANTES ET ECG,float,READY,DR,V1,233,44,18.88412017167382,False
height,CONSTANTES ET ECG,float,READY,DR,V2,135,30,22.22222222222222,False
height,CONSTANTES ET ECG,float,READY,DR,V3,3,2,66.66666666666666,False
height,CONSTANTES ET ECG,float,READY,DR,V4,69,10,14.492753623188406,False
weight,CONSTANTES ET ECG,float,READY,BP,V0,6252,418,6.685860524632117,False
weight,CONSTANTES ET ECG,float,READY,BP,V1,3074,369,12.003903708523097,False
weight,CONSTANTES ET ECG,float,READY,BP,V2,2228,278,12.477558348294435,False
weight,CONSTANTES ET ECG,float,READY,BP,V3,1497,163,10.888443553774215,False
weight,CONSTANTES ET ECG,float,READY,BP,V4,512,46,8.984375,False
weight,CONSTANTES ET ECG,float,READY,SZ,V0,2209,243,11.000452693526483,False
weight,CONSTANTES ET ECG,float,READY,SZ,V1,963,123,12.77258566978193,False
weight,CONSTANTES ET ECG,float,READY,SZ,V2,595,90,15.126050420168067,False
weight,CONSTANTES ET ECG,float,READY,SZ,V3,456,79,17.324561403508774,False
weight,CONSTANTES ET ECG,float,READY,SZ,V4,198,19,9.595959595959595,False
weight,CONSTANTES ET ECG,float,READY,DR,V0,552,97,17.57246376811594,False
weight,CONSTANTES ET ECG,float,READY,DR,V1,233,43,18.4549356223176,False
weight,CONSTANTES ET ECG,float,READY,DR,V2,135,30,22.22222222222222,False
weight,CONSTANTES ET ECG,float,READY,DR,V3,3,2,66.66666666666666,False
weight,CONSTANTES ET ECG,float,READY,DR,V4,69,10,14.492753623188406,False
bmi,CONSTANTES ET ECG,float,READY,BP,V0,6252,540,8.637236084452974,False
bmi,CONSTANTES ET ECG,float,READY,BP,V1,3074,413,13.43526350032531,False
bmi,CONSTANTES ET ECG,float,READY,BP,V2,2228,297,13.330341113105925,False
bmi,CONSTANTES ET ECG,float,READY,BP,V3,1497,173,11.556446225784903,False
bmi,CONSTANTES ET ECG,float,READY,BP,V4,512,50,9.765625,False
bmi,CONSTANTES ET ECG,float,READY,SZ,V0,2209,307,13.897691263014938,False
bmi,CONSTANTES ET ECG,float,READY,SZ,V1,963,161,16.71858774662513,False
bmi,CONSTANTES ET ECG,float,READY,SZ,V2,595,118,19.831932773109244,False
bmi,CONSTANTES ET ECG,float,READY,SZ,V3,456,95,20.833333333333336,False
bmi,CONSTANTES ET ECG,float,READY,SZ,V4,198,21,10.606060606060606,False
bmi,CONSTANTES ET ECG,float,READY,DR,V0,552,112,20.28985507246377,False
bmi,CONSTANTES ET ECG,float,READY,DR,V1,233,45,19.313304721030043,False
bmi,CONSTANTES ET ECG,float,READY,DR,V2,135,31,22.962962962962962,False
bmi,CONSTANTES ET ECG,float,READY,DR,V3,3,2,66.66666666666666,False
bmi,CONSTANTES ET ECG,float,READY,DR,V4,69,10,14.492753623188406,False
wstcir,CONSTANTES ET ECG,float,READY,BP,V0,6252,662,10.588611644273833,False
wstcir,CONSTANTES ET ECG,float,READY,BP,V1,3074,449,14.606376057254392,False
wstcir,CONSTANTES ET ECG,float,READY,BP,V2,2228,349,15.66427289048474,False
wstcir,CONSTANTES ET ECG,float,READY,BP,V3,1497,194,12.959251837007349,False
wstcir,CONSTANTES ET ECG,float,READY,BP,V4,512,58,11.328125,False
wstcir,CONSTANTES ET ECG,float,READY,SZ,V0,2209,363,16.43277501131734,False
wstcir,CONSTANTES ET ECG,float,READY,SZ,V1,963,151,15.680166147455868,False
wstcir,CONSTANTES ET ECG,float,READY,SZ,V2,595,114,19.15966386554622,False
wstcir,CONSTANTES ET ECG,float,READY,SZ,V3,456,92,20.175438596491226,False
wstcir,CONSTANTES ET ECG,float,READY,SZ,V4,198,24,12.121212121212121,False
wstcir,CONSTANTES ET ECG,float,READY,DR,V0,552,147,26.6304347826087,False
wstcir,CONSTANTES ET ECG,float,READY,DR,V1,233,56,24.034334763948497,False
wstcir,CONSTANTES ET ECG,float,READY,DR,V2,135,36,26.666666666666668,False
wstcir,CONSTANTES ET ECG,float,READY,DR,V3,3,2,66.66666666666666,False
wstcir,CONSTANTES ET ECG,float,READY,DR,V4,69,14,20.28985507246377,False
sysbpsupine,CONSTANTES ET ECG,float,READY,BP,V0,6252,519,8.30134357005758,False
sysbpsupine,CONSTANTES ET ECG,float,READY,BP,V1,3074,406,13.20754716981132,False
sysbpsupine,CONSTANTES ET ECG,float,READY,BP,V2,2228,331,14.85637342908438,False
sysbpsupine,CONSTANTES ET ECG,float,READY,BP,V3,1497,181,12.090848363393453,False
sysbpsupine,CONSTANTES ET ECG,float,READY,BP,V4,512,52,10.15625,False
sysbpsupine,CONSTANTES ET ECG,float,READY,SZ,V0,2209,338,15.301041195110908,False
sysbpsupine,CONSTANTES ET ECG,float,READY,SZ,V1,963,163,16.926272066458985,False
sysbpsupine,CONSTANTES ET ECG,float,READY,SZ,V2,595,118,19.831932773109244,False
sysbpsupine,CONSTANTES ET ECG,float,READY,SZ,V3,456,95,20.833333333333336,False
sysbpsupine,CONSTANTES ET ECG,float,READY,SZ,V4,198,28,14.14141414141414,False
sysbpsupine,CONSTANTES ET ECG,float,READY,DR,V0,552,121,21.920289855072465,False
sysbpsupine,CONSTANTES ET ECG,float,READY,DR,V1,233,47,20.171673819742487,False
sysbpsupine,CONSTANTES ET ECG,float,READY,DR,V2,135,32,23.703703703703706,False
sysbpsupine,CONSTANTES ET ECG,float,READY,DR,V3,3,2,66.66666666666666,False
sysbpsupine,CONSTANTES ET ECG,float,READY,DR,V4,69,12,17.391304347826086,False
diabpsupine,CONSTANTES ET ECG,float,READY,BP,V0,6252,518,8.285348688419706,False
diabpsupine,CONSTANTES ET ECG,float,READY,BP,V1,3074,406,13.20754716981132,False
diabpsupine,CONSTANTES ET ECG,float,READY,BP,V2,2228,328,14.721723518850988,False
diabpsupine,CONSTANTES ET ECG,float,READY,BP,V3,1497,181,12.090848363393453,False
diabpsupine,CONSTANTES ET ECG,float,READY,BP,V4,512,52,10.15625,False
diabpsupine,CONSTANTES ET ECG,float,READY,SZ,V0,2209,337,15.255771842462654,False
diabpsupine,CONSTANTES ET ECG,float,READY,SZ,V1,963,164,17.030114226375908,False
diabpsupine,CONSTANTES ET ECG,float,READY,SZ,V2,595,118,19.831932773109244,False
diabpsupine,CONSTANTES ET ECG,float,READY,SZ,V3,456,95,20.833333333333336,False
diabpsupine,CONSTANTES ET ECG,float,READY,SZ,V4,198,28,14.14141414141414,False
diabpsupine,CONSTANTES ET ECG,float,READY,DR,V0,552,121,21.920289855072465,False
diabpsupine,CONSTANTES ET ECG,float,READY,DR,V1,233,47,20.171673819742487,False
diabpsupine,CONSTANTES ET ECG,float,READY,DR,V2,135,32,23.703703703703706,False
diabpsupine,CONSTANTES ET ECG,float,READY,DR,V3,3,2,66.66666666666666,False
diabpsupine,CONSTANTES ET ECG,float,READY,DR,V4,69,12,17.391304347826086,False
hrsupine,CONSTANTES ET ECG,float,PARTIAL,BP,V0,6252,653,10.44465770953295,False
hrsupine,CONSTANTES ET ECG,float,PARTIAL,BP,V1,3074,473,15.387117761873782,False
hrsupine,CONSTANTES ET ECG,float,PARTIAL,BP,V2,2228,383,17.190305206463197,False
hrsupine,CONSTANTES ET ECG,float,PARTIAL,BP,V3,1497,218,14.562458249833,False
hrsupine,CONSTANTES ET ECG,float,PARTIAL,BP,V4,512,74,14.453125,False
hrsupine,CONSTANTES ET ECG,float,PARTIAL,SZ,V0,2209,2209,,True
hrsupine,CONSTANTES ET ECG,float,PARTIAL,SZ,V1,963,963,,True
hrsupine,CONSTANTES ET ECG,float,PARTIAL,SZ,V2,595,595,,True
hrsupine,CONSTANTES ET ECG,float,PARTIAL,SZ,V3,456,456,,True
hrsupine,CONSTANTES ET ECG,float,PARTIAL,SZ,V4,198,198,,True
hrsupine,CONSTANTES ET ECG,float,PARTIAL,DR,V0,552,126,22.82608695652174,False
hrsupine,CONSTANTES ET ECG,float,PARTIAL,DR,V1,233,48,20.600858369098713,False
hrsupine,CONSTANTES ET ECG,float,PARTIAL,DR,V2,135,33,24.444444444444443,False
hrsupine,CONSTANTES ET ECG,float,PARTIAL,DR,V3,3,2,66.66666666666666,False
hrsupine,CONSTANTES ET ECG,float,PARTIAL,DR,V4,69,11,15.942028985507244,False
sysbpstanding,CONSTANTES ET ECG,float,PARTIAL,BP,V0,6252,943,15.083173384516954,False
sysbpstanding,CONSTANTES ET ECG,float,PARTIAL,BP,V1,3074,658,21.405335068314898,False
sysbpstanding,CONSTANTES ET ECG,float,PARTIAL,BP,V2,2228,514,23.070017953321365,False
sysbpstanding,CONSTANTES ET ECG,float,PARTIAL,BP,V3,1497,304,20.307281229124914,False
sysbpstanding,CONSTANTES ET ECG,float,PARTIAL,BP,V4,512,140,27.34375,False
sysbpstanding,CONSTANTES ET ECG,float,PARTIAL,SZ,V0,2209,2209,,True
sysbpstanding,CONSTANTES ET ECG,float,PARTIAL,SZ,V1,963,963,,True
sysbpstanding,CONSTANTES ET ECG,float,PARTIAL,SZ,V2,595,595,,True
sysbpstanding,CONSTANTES ET ECG,float,PARTIAL,SZ,V3,456,456,,True
sysbpstanding,CONSTANTES ET ECG,float,PARTIAL,SZ,V4,198,198,,True
sysbpstanding,CONSTANTES ET ECG,float,PARTIAL,DR,V0,552,141,25.543478260869566,False
sysbpstanding,CONSTANTES ET ECG,float,PARTIAL,DR,V1,233,50,21.45922746781116,False
sysbpstanding,CONSTANTES ET ECG,float,PARTIAL,DR,V2,135,35,25.925925925925924,False
sysbpstanding,CONSTANTES ET ECG,float,PARTIAL,DR,V3,3,2,66.66666666666666,False
sysbpstanding,CONSTANTES ET ECG,float,PARTIAL,DR,V4,69,12,17.391304347826086,False
diabpstanding,CONSTANTES ET ECG,float,PARTIAL,BP,V0,6252,942,15.067178502879077,False
diabpstanding,CONSTANTES ET ECG,float,PARTIAL,BP,V1,3074,661,21.502927781392323,False
diabpstanding,CONSTANTES ET ECG,float,PARTIAL,BP,V2,2228,515,23.114901256732495,False
diabpstanding,CONSTANTES ET ECG,float,PARTIAL,BP,V3,1497,305,20.374081496325985,False
diabpstanding,CONSTANTES ET ECG,float,PARTIAL,BP,V4,512,140,27.34375,False
diabpstanding,CONSTANTES ET ECG,float,PARTIAL,SZ,V0,2209,2209,,True
diabpstanding,CONSTANTES ET ECG,float,PARTIAL,SZ,V1,963,963,,True
diabpstanding,CONSTANTES ET ECG,float,PARTIAL,SZ,V2,595,595,,True
diabpstanding,CONSTANTES ET ECG,float,PARTIAL,SZ,V3,456,456,,True
diabpstanding,CONSTANTES ET ECG,float,PARTIAL,SZ,V4,198,198,,True
diabpstanding,CONSTANTES ET ECG,float,PARTIAL,DR,V0,552,141,25.543478260869566,False
diabpstanding,CONSTANTES ET ECG,float,PARTIAL,DR,V1,233,50,21.45922746781116,False
diabpstanding,CONSTANTES ET ECG,float,PARTIAL,DR,V2,135,35,25.925925925925924,False
diabpstanding,CONSTANTES ET ECG,float,PARTIAL,DR,V3,3,2,66.66666666666666,False
diabpstanding,CONSTANTES ET ECG,float,PARTIAL,DR,V4,69,12,17.391304347826086,False
hrstanding,CONSTANTES ET ECG,float,PARTIAL,BP,V0,6252,1329,21.257197696737045,False
hrstanding,CONSTANTES ET ECG,float,PARTIAL,BP,V1,3074,774,25.178919973975276,False
hrstanding,CONSTANTES ET ECG,float,PARTIAL,BP,V2,2228,604,27.109515260323157,False
hrstanding,CONSTANTES ET ECG,float,PARTIAL,BP,V3,1497,343,22.912491649966597,False
hrstanding,CONSTANTES ET ECG,float,PARTIAL,BP,V4,512,162,31.640625,False
hrstanding,CONSTANTES ET ECG,float,PARTIAL,SZ,V0,2209,2209,,True
hrstanding,CONSTANTES ET ECG,float,PARTIAL,SZ,V1,963,963,,True
hrstanding,CONSTANTES ET ECG,float,PARTIAL,SZ,V2,595,595,,True
hrstanding,CONSTANTES ET ECG,float,PARTIAL,SZ,V3,456,456,,True
hrstanding,CONSTANTES ET ECG,float,PARTIAL,SZ,V4,198,198,,True
hrstanding,CONSTANTES ET ECG,float,PARTIAL,DR,V0,552,177,32.065217391304344,False
hrstanding,CONSTANTES ET ECG,float,PARTIAL,DR,V1,233,62,26.609442060085836,False
hrstanding,CONSTANTES ET ECG,float,PARTIAL,DR,V2,135,38,28.14814814814815,False
hrstanding,CONSTANTES ET ECG,float,PARTIAL,DR,V3,3,2,66.66666666666666,False
hrstanding,CONSTANTES ET ECG,float,PARTIAL,DR,V4,69,11,15.942028985507244,False
eghrmn,CONSTANTES ET ECG,float,PARTIAL,BP,V0,6252,1993,31.87779910428663,False
eghrmn,CONSTANTES ET ECG,float,PARTIAL,BP,V1,3074,1743,56.70136629798308,False
eghrmn,CONSTANTES ET ECG,float,PARTIAL,BP,V2,2228,811,36.40035906642729,False
eghrmn,CONSTANTES ET ECG,float,PARTIAL,BP,V3,1497,866,57.84903139612558,False
eghrmn,CONSTANTES ET ECG,float,PARTIAL,BP,V4,512,260,50.78125,False
eghrmn,CONSTANTES ET ECG,float,PARTIAL,SZ,V0,2209,2209,,True
eghrmn,CONSTANTES ET ECG,float,PARTIAL,SZ,V1,963,963,,True
eghrmn,CONSTANTES ET ECG,float,PARTIAL,SZ,V2,595,595,,True
eghrmn,CONSTANTES ET ECG,float,PARTIAL,SZ,V3,456,456,,True
eghrmn,CONSTANTES ET ECG,float,PARTIAL,SZ,V4,198,198,,True
eghrmn,CONSTANTES ET ECG,float,PARTIAL,DR,V0,552,179,32.427536231884055,False
eghrmn,CONSTANTES ET ECG,float,PARTIAL,DR,V1,233,78,33.47639484978541,False
eghrmn,CONSTANTES ET ECG,float,PARTIAL,DR,V2,135,44,32.592592592592595,False
eghrmn,CONSTANTES ET ECG,float,PARTIAL,DR,V3,3,2,66.66666666666666,False
eghrmn,CONSTANTES ET ECG,float,PARTIAL,DR,V4,69,13,18.84057971014493,False
qt,CONSTANTES ET ECG,float,PARTIAL,BP,V0,6252,2341,37.444017914267434,False
qt,CONSTANTES ET ECG,float,PARTIAL,BP,V1,3074,1886,61.35328562134027,False
qt,CONSTANTES ET ECG,float,PARTIAL,BP,V2,2228,908,40.754039497307005,False
qt,CONSTANTES ET ECG,float,PARTIAL,BP,V3,1497,942,62.925851703406806,False
qt,CONSTANTES ET ECG,float,PARTIAL,BP,V4,512,280,54.6875,False
qt,CONSTANTES ET ECG,float,PARTIAL,SZ,V0,2209,2209,,True
qt,CONSTANTES ET ECG,float,PARTIAL,SZ,V1,963,963,,True
qt,CONSTANTES ET ECG,float,PARTIAL,SZ,V2,595,595,,True
qt,CONSTANTES ET ECG,float,PARTIAL,SZ,V3,456,456,,True
qt,CONSTANTES ET ECG,float,PARTIAL,SZ,V4,198,198,,True
qt,CONSTANTES ET ECG,float,PARTIAL,DR,V0,552,187,33.8768115942029,False
qt,CONSTANTES ET ECG,float,PARTIAL,DR,V1,233,81,34.763948497854074,False
qt,CONSTANTES ET ECG,float,PARTIAL,DR,V2,135,44,32.592592592592595,False
qt,CONSTANTES ET ECG,float,PARTIAL,DR,V3,3,2,66.66666666666666,False
qt,CONSTANTES ET ECG,float,PARTIAL,DR,V4,69,13,18.84057971014493,False
rr,CONSTANTES ET ECG,float,PARTIAL,BP,V0,6252,2762,44.17786308381318,False
rr,CONSTANTES ET ECG,float,PARTIAL,BP,V1,3074,2034,66.16785946649317,False
rr,CONSTANTES ET ECG,float,PARTIAL,BP,V2,2228,1028,46.14003590664273,False
rr,CONSTANTES ET ECG,float,PARTIAL,BP,V3,1497,978,65.33066132264528,False
rr,CONSTANTES ET ECG,float,PARTIAL,BP,V4,512,292,57.03125,False
rr,CONSTANTES ET ECG,float,PARTIAL,SZ,V0,2209,2209,,True
rr,CONSTANTES ET ECG,float,PARTIAL,SZ,V1,963,963,,True
rr,CONSTANTES ET ECG,float,PARTIAL,SZ,V2,595,595,,True
rr,CONSTANTES ET ECG,float,PARTIAL,SZ,V3,456,456,,True
rr,CONSTANTES ET ECG,float,PARTIAL,SZ,V4,198,198,,True
rr,CONSTANTES ET ECG,float,PARTIAL,DR,V0,552,187,33.8768115942029,False
rr,CONSTANTES ET ECG,float,PARTIAL,DR,V1,233,85,36.48068669527897,False
rr,CONSTANTES ET ECG,float,PARTIAL,DR,V2,135,44,32.592592592592595,False
rr,CONSTANTES ET ECG,float,PARTIAL,DR,V3,3,2,66.66666666666666,False
rr,CONSTANTES ET ECG,float,PARTIAL,DR,V4,69,14,20.28985507246377,False
qtc,CONSTANTES ET ECG,float,READY,BP,V0,6252,2494,39.89123480486245,False
qtc,CONSTANTES ET ECG,float,READY,BP,V1,3074,1950,63.43526350032531,False
qtc,CONSTANTES ET ECG,float,READY,BP,V2,2228,952,42.72890484739677,False
qtc,CONSTANTES ET ECG,float,READY,BP,V3,1497,960,64.12825651302605,False
qtc,CONSTANTES ET ECG,float,READY,BP,V4,512,291,56.8359375,False
qtc,CONSTANTES ET ECG,float,READY,SZ,V0,2209,877,39.701222272521505,False
qtc,CONSTANTES ET ECG,float,READY,SZ,V1,963,429,44.54828660436137,False
qtc,CONSTANTES ET ECG,float,READY,SZ,V2,595,284,47.73109243697479,False
qtc,CONSTANTES ET ECG,float,READY,SZ,V3,456,206,45.17543859649123,False
qtc,CONSTANTES ET ECG,float,READY,SZ,V4,198,80,40.4040404040404,False
qtc,CONSTANTES ET ECG,float,READY,DR,V0,552,188,34.05797101449276,False
qtc,CONSTANTES ET ECG,float,READY,DR,V1,233,84,36.05150214592275,False
qtc,CONSTANTES ET ECG,float,READY,DR,V2,135,45,33.33333333333333,False
qtc,CONSTANTES ET ECG,float,READY,DR,V3,3,2,66.66666666666666,False
qtc,CONSTANTES ET ECG,float,READY,DR,V4,69,14,20.28985507246377,False
sodium_lbstresc,BILAN BIOLOGIQUE,float,PARTIAL,BP,V0,6252,1214,19.41778630838132,False
sodium_lbstresc,BILAN BIOLOGIQUE,float,PARTIAL,BP,V1,3074,829,26.96811971372804,False
sodium_lbstresc,BILAN BIOLOGIQUE,float,PARTIAL,BP,V2,2228,547,24.55116696588869,False
sodium_lbstresc,BILAN BIOLOGIQUE,float,PARTIAL,BP,V3,1497,311,20.7748830995324,False
sodium_lbstresc,BILAN BIOLOGIQUE,float,PARTIAL,BP,V4,512,114,22.265625,False
sodium_lbstresc,BILAN BIOLOGIQUE,float,PARTIAL,SZ,V0,2209,2209,,True
sodium_lbstresc,BILAN BIOLOGIQUE,float,PARTIAL,SZ,V1,963,963,,True
sodium_lbstresc,BILAN BIOLOGIQUE,float,PARTIAL,SZ,V2,595,595,,True
sodium_lbstresc,BILAN BIOLOGIQUE,float,PARTIAL,SZ,V3,456,456,,True
sodium_lbstresc,BILAN BIOLOGIQUE,float,PARTIAL,SZ,V4,198,198,,True
sodium_lbstresc,BILAN BIOLOGIQUE,float,PARTIAL,DR,V0,552,122,22.10144927536232,False
sodium_lbstresc,BILAN BIOLOGIQUE,float,PARTIAL,DR,V1,233,57,24.463519313304722,False
sodium_lbstresc,BILAN BIOLOGIQUE,float,PARTIAL,DR,V2,135,35,25.925925925925924,False
sodium_lbstresc,BILAN BIOLOGIQUE,float,PARTIAL,DR,V3,3,2,66.66666666666666,False
sodium_lbstresc,BILAN BIOLOGIQUE,float,PARTIAL,DR,V4,69,13,18.84057971014493,False
k_lbstresc,BILAN BIOLOGIQUE,float,PARTIAL,BP,V0,6252,1219,19.497760716570696,False
k_lbstresc,BILAN BIOLOGIQUE,float,PARTIAL,BP,V1,3074,830,27.000650618087185,False
k_lbstresc,BILAN BIOLOGIQUE,float,PARTIAL,BP,V2,2228,549,24.640933572710953,False
k_lbstresc,BILAN BIOLOGIQUE,float,PARTIAL,BP,V3,1497,310,20.70808283233133,False
k_lbstresc,BILAN BIOLOGIQUE,float,PARTIAL,BP,V4,512,114,22.265625,False
k_lbstresc,BILAN BIOLOGIQUE,float,PARTIAL,SZ,V0,2209,2209,,True
k_lbstresc,BILAN BIOLOGIQUE,float,PARTIAL,SZ,V1,963,963,,True
k_lbstresc,BILAN BIOLOGIQUE,float,PARTIAL,SZ,V2,595,595,,True
k_lbstresc,BILAN BIOLOGIQUE,float,PARTIAL,SZ,V3,456,456,,True
k_lbstresc,BILAN BIOLOGIQUE,float,PARTIAL,SZ,V4,198,198,,True
k_lbstresc,BILAN BIOLOGIQUE,float,PARTIAL,DR,V0,552,123,22.282608695652172,False
k_lbstresc,BILAN BIOLOGIQUE,float,PARTIAL,DR,V1,233,58,24.892703862660944,False
k_lbstresc,BILAN BIOLOGIQUE,float,PARTIAL,DR,V2,135,36,26.666666666666668,False
k_lbstresc,BILAN BIOLOGIQUE,float,PARTIAL,DR,V3,3,2,66.66666666666666,False
k_lbstresc,BILAN BIOLOGIQUE,float,PARTIAL,DR,V4,69,13,18.84057971014493,False
cl_lbstresc,BILAN BIOLOGIQUE,float,PARTIAL,BP,V0,6252,1541,24.64811260396673,False
cl_lbstresc,BILAN BIOLOGIQUE,float,PARTIAL,BP,V1,3074,1063,34.58035133376708,False
cl_lbstresc,BILAN BIOLOGIQUE,float,PARTIAL,BP,V2,2228,672,30.16157989228007,False
cl_lbstresc,BILAN BIOLOGIQUE,float,PARTIAL,BP,V3,1497,444,29.659318637274552,False
cl_lbstresc,BILAN BIOLOGIQUE,float,PARTIAL,BP,V4,512,138,26.953125,False
cl_lbstresc,BILAN BIOLOGIQUE,float,PARTIAL,SZ,V0,2209,2209,,True
cl_lbstresc,BILAN BIOLOGIQUE,float,PARTIAL,SZ,V1,963,963,,True
cl_lbstresc,BILAN BIOLOGIQUE,float,PARTIAL,SZ,V2,595,595,,True
cl_lbstresc,BILAN BIOLOGIQUE,float,PARTIAL,SZ,V3,456,456,,True
cl_lbstresc,BILAN BIOLOGIQUE,float,PARTIAL,SZ,V4,198,198,,True
cl_lbstresc,BILAN BIOLOGIQUE,float,PARTIAL,DR,V0,552,136,24.637681159420293,False
cl_lbstresc,BILAN BIOLOGIQUE,float,PARTIAL,DR,V1,233,63,27.038626609442062,False
cl_lbstresc,BILAN BIOLOGIQUE,float,PARTIAL,DR,V2,135,39,28.888888888888886,False
cl_lbstresc,BILAN BIOLOGIQUE,float,PARTIAL,DR,V3,3,2,66.66666666666666,False
cl_lbstresc,BILAN BIOLOGIQUE,float,PARTIAL,DR,V4,69,13,18.84057971014493,False
bicarb_lbstresc,BILAN BIOLOGIQUE,float,PARTIAL,BP,V0,6252,1916,30.646193218170186,False
bicarb_lbstresc,BILAN BIOLOGIQUE,float,PARTIAL,BP,V1,3074,1300,42.29017566688354,False
bicarb_lbstresc,BILAN BIOLOGIQUE,float,PARTIAL,BP,V2,2228,820,36.80430879712747,False
bicarb_lbstresc,BILAN BIOLOGIQUE,float,PARTIAL,BP,V3,1497,582,38.877755511022045,False
bicarb_lbstresc,BILAN BIOLOGIQUE,float,PARTIAL,BP,V4,512,160,31.25,False
bicarb_lbstresc,BILAN BIOLOGIQUE,float,PARTIAL,SZ,V0,2209,2209,,True
bicarb_lbstresc,BILAN BIOLOGIQUE,float,PARTIAL,SZ,V1,963,963,,True
bicarb_lbstresc,BILAN BIOLOGIQUE,float,PARTIAL,SZ,V2,595,595,,True
bicarb_lbstresc,BILAN BIOLOGIQUE,float,PARTIAL,SZ,V3,456,456,,True
bicarb_lbstresc,BILAN BIOLOGIQUE,float,PARTIAL,SZ,V4,198,198,,True
bicarb_lbstresc,BILAN BIOLOGIQUE,float,PARTIAL,DR,V0,552,168,30.434782608695656,False
bicarb_lbstresc,BILAN BIOLOGIQUE,float,PARTIAL,DR,V1,233,77,33.047210300429185,False
bicarb_lbstresc,BILAN BIOLOGIQUE,float,PARTIAL,DR,V2,135,40,29.629629629629626,False
bicarb_lbstresc,BILAN BIOLOGIQUE,float,PARTIAL,DR,V3,3,2,66.66666666666666,False
bicarb_lbstresc,BILAN BIOLOGIQUE,float,PARTIAL,DR,V4,69,13,18.84057971014493,False
prot_lbstresc,BILAN BIOLOGIQUE,float,PARTIAL,BP,V0,6252,1646,26.327575175943696,False
prot_lbstresc,BILAN BIOLOGIQUE,float,PARTIAL,BP,V1,3074,1211,39.394925178919976,False
prot_lbstresc,BILAN BIOLOGIQUE,float,PARTIAL,BP,V2,2228,763,34.245960502692995,False
prot_lbstresc,BILAN BIOLOGIQUE,float,PARTIAL,BP,V3,1497,559,37.34134936539746,False
prot_lbstresc,BILAN BIOLOGIQUE,float,PARTIAL,BP,V4,512,151,29.4921875,False
prot_lbstresc,BILAN BIOLOGIQUE,float,PARTIAL,SZ,V0,2209,2209,,True
prot_lbstresc,BILAN BIOLOGIQUE,float,PARTIAL,SZ,V1,963,963,,True
prot_lbstresc,BILAN BIOLOGIQUE,float,PARTIAL,SZ,V2,595,595,,True
prot_lbstresc,BILAN BIOLOGIQUE,float,PARTIAL,SZ,V3,456,456,,True
prot_lbstresc,BILAN BIOLOGIQUE,float,PARTIAL,SZ,V4,198,198,,True
prot_lbstresc,BILAN BIOLOGIQUE,float,PARTIAL,DR,V0,552,139,25.181159420289855,False
prot_lbstresc,BILAN BIOLOGIQUE,float,PARTIAL,DR,V1,233,66,28.32618025751073,False
prot_lbstresc,BILAN BIOLOGIQUE,float,PARTIAL,DR,V2,135,36,26.666666666666668,False
prot_lbstresc,BILAN BIOLOGIQUE,float,PARTIAL,DR,V3,3,3,100.0,False
prot_lbstresc,BILAN BIOLOGIQUE,float,PARTIAL,DR,V4,69,12,17.391304347826086,False
alb_lbstresc,BILAN BIOLOGIQUE,float,PARTIAL,BP,V0,6252,1519,24.29622520793346,False
alb_lbstresc,BILAN BIOLOGIQUE,float,PARTIAL,BP,V1,3074,947,30.8067664281067,False
alb_lbstresc,BILAN BIOLOGIQUE,float,PARTIAL,BP,V2,2228,624,28.007181328545784,False
alb_lbstresc,BILAN BIOLOGIQUE,float,PARTIAL,BP,V3,1497,368,24.582498329993317,False
alb_lbstresc,BILAN BIOLOGIQUE,float,PARTIAL,BP,V4,512,127,24.8046875,False
alb_lbstresc,BILAN BIOLOGIQUE,float,PARTIAL,SZ,V0,2209,2209,,True
alb_lbstresc,BILAN BIOLOGIQUE,float,PARTIAL,SZ,V1,963,963,,True
alb_lbstresc,BILAN BIOLOGIQUE,float,PARTIAL,SZ,V2,595,595,,True
alb_lbstresc,BILAN BIOLOGIQUE,float,PARTIAL,SZ,V3,456,456,,True
alb_lbstresc,BILAN BIOLOGIQUE,float,PARTIAL,SZ,V4,198,198,,True
alb_lbstresc,BILAN BIOLOGIQUE,float,PARTIAL,DR,V0,552,176,31.88405797101449,False
alb_lbstresc,BILAN BIOLOGIQUE,float,PARTIAL,DR,V1,233,67,28.75536480686695,False
alb_lbstresc,BILAN BIOLOGIQUE,float,PARTIAL,DR,V2,135,45,33.33333333333333,False
alb_lbstresc,BILAN BIOLOGIQUE,float,PARTIAL,DR,V3,3,2,66.66666666666666,False
alb_lbstresc,BILAN BIOLOGIQUE,float,PARTIAL,DR,V4,69,16,23.18840579710145,False
urea_lbstresc,BILAN BIOLOGIQUE,float,PARTIAL,BP,V0,6252,1476,23.608445297504797,False
urea_lbstresc,BILAN BIOLOGIQUE,float,PARTIAL,BP,V1,3074,935,30.416395575797004,False
urea_lbstresc,BILAN BIOLOGIQUE,float,PARTIAL,BP,V2,2228,633,28.41113105924596,False
urea_lbstresc,BILAN BIOLOGIQUE,float,PARTIAL,BP,V3,1497,390,26.052104208416832,False
urea_lbstresc,BILAN BIOLOGIQUE,float,PARTIAL,BP,V4,512,134,26.171875,False
urea_lbstresc,BILAN BIOLOGIQUE,float,PARTIAL,SZ,V0,2209,2209,,True
urea_lbstresc,BILAN BIOLOGIQUE,float,PARTIAL,SZ,V1,963,963,,True
urea_lbstresc,BILAN BIOLOGIQUE,float,PARTIAL,SZ,V2,595,595,,True
urea_lbstresc,BILAN BIOLOGIQUE,float,PARTIAL,SZ,V3,456,456,,True
urea_lbstresc,BILAN BIOLOGIQUE,float,PARTIAL,SZ,V4,198,198,,True
urea_lbstresc,BILAN BIOLOGIQUE,float,PARTIAL,DR,V0,552,143,25.905797101449274,False
urea_lbstresc,BILAN BIOLOGIQUE,float,PARTIAL,DR,V1,233,68,29.184549356223176,False
urea_lbstresc,BILAN BIOLOGIQUE,float,PARTIAL,DR,V2,135,39,28.888888888888886,False
urea_lbstresc,BILAN BIOLOGIQUE,float,PARTIAL,DR,V3,3,3,100.0,False
urea_lbstresc,BILAN BIOLOGIQUE,float,PARTIAL,DR,V4,69,15,21.73913043478261,False
urate,BILAN BIOLOGIQUE,float,READY,BP,V0,6252,1597,25.543825975687778,False
urate,BILAN BIOLOGIQUE,float,READY,BP,V1,3074,959,31.1971372804164,False
urate,BILAN BIOLOGIQUE,float,READY,BP,V2,2228,645,28.949730700179533,False
urate,BILAN BIOLOGIQUE,float,READY,BP,V3,1497,356,23.780895123580496,False
urate,BILAN BIOLOGIQUE,float,READY,BP,V4,512,132,25.78125,False
urate,BILAN BIOLOGIQUE,float,READY,SZ,V0,2209,647,29.289271163422363,False
urate,BILAN BIOLOGIQUE,float,READY,SZ,V1,963,326,33.85254413291797,False
urate,BILAN BIOLOGIQUE,float,READY,SZ,V2,595,218,36.63865546218487,False
urate,BILAN BIOLOGIQUE,float,READY,SZ,V3,456,165,36.18421052631579,False
urate,BILAN BIOLOGIQUE,float,READY,SZ,V4,198,72,36.36363636363637,False
urate,BILAN BIOLOGIQUE,float,READY,DR,V0,552,190,34.42028985507246,False
urate,BILAN BIOLOGIQUE,float,READY,DR,V1,233,72,30.90128755364807,False
urate,BILAN BIOLOGIQUE,float,READY,DR,V2,135,40,29.629629629629626,False
urate,BILAN BIOLOGIQUE,float,READY,DR,V3,3,2,66.66666666666666,False
urate,BILAN BIOLOGIQUE,float,READY,DR,V4,69,15,21.73913043478261,False
creat_lbstresc,BILAN BIOLOGIQUE,float,PARTIAL,BP,V0,6252,1220,19.513755598208572,False
creat_lbstresc,BILAN BIOLOGIQUE,float,PARTIAL,BP,V1,3074,835,27.163305139882887,False
creat_lbstresc,BILAN BIOLOGIQUE,float,PARTIAL,BP,V2,2228,554,24.865350089766608,False
creat_lbstresc,BILAN BIOLOGIQUE,float,PARTIAL,BP,V3,1497,308,20.57448229792919,False
creat_lbstresc,BILAN BIOLOGIQUE,float,PARTIAL,BP,V4,512,117,22.8515625,False
creat_lbstresc,BILAN BIOLOGIQUE,float,PARTIAL,SZ,V0,2209,2209,,True
creat_lbstresc,BILAN BIOLOGIQUE,float,PARTIAL,SZ,V1,963,963,,True
creat_lbstresc,BILAN BIOLOGIQUE,float,PARTIAL,SZ,V2,595,595,,True
creat_lbstresc,BILAN BIOLOGIQUE,float,PARTIAL,SZ,V3,456,456,,True
creat_lbstresc,BILAN BIOLOGIQUE,float,PARTIAL,SZ,V4,198,198,,True
creat_lbstresc,BILAN BIOLOGIQUE,float,PARTIAL,DR,V0,552,126,22.82608695652174,False
creat_lbstresc,BILAN BIOLOGIQUE,float,PARTIAL,DR,V1,233,59,25.321888412017167,False
creat_lbstresc,BILAN BIOLOGIQUE,float,PARTIAL,DR,V2,135,35,25.925925925925924,False
creat_lbstresc,BILAN BIOLOGIQUE,float,PARTIAL,DR,V3,3,2,66.66666666666666,False
creat_lbstresc,BILAN BIOLOGIQUE,float,PARTIAL,DR,V4,69,13,18.84057971014493,False
creatclr_lbstresc,BILAN BIOLOGIQUE,string,PARTIAL,BP,V0,6252,2007,32.10172744721689,False
creatclr_lbstresc,BILAN BIOLOGIQUE,string,PARTIAL,BP,V1,3074,1122,36.49967469095641,False
creatclr_lbstresc,BILAN BIOLOGIQUE,string,PARTIAL,BP,V2,2228,787,35.32315978456014,False
creatclr_lbstresc,BILAN BIOLOGIQUE,string,PARTIAL,BP,V3,1497,468,31.262525050100198,False
creatclr_lbstresc,BILAN BIOLOGIQUE,string,PARTIAL,BP,V4,512,167,32.6171875,False
creatclr_lbstresc,BILAN BIOLOGIQUE,string,PARTIAL,SZ,V0,2209,2209,,True
creatclr_lbstresc,BILAN BIOLOGIQUE,string,PARTIAL,SZ,V1,963,963,,True
creatclr_lbstresc,BILAN BIOLOGIQUE,string,PARTIAL,SZ,V2,595,595,,True
creatclr_lbstresc,BILAN BIOLOGIQUE,string,PARTIAL,SZ,V3,456,456,,True
creatclr_lbstresc,BILAN BIOLOGIQUE,string,PARTIAL,SZ,V4,198,198,,True
creatclr_lbstresc,BILAN BIOLOGIQUE,string,PARTIAL,DR,V0,552,192,34.78260869565217,False
creatclr_lbstresc,BILAN BIOLOGIQUE,string,PARTIAL,DR,V1,233,73,31.330472103004293,False
creatclr_lbstresc,BILAN BIOLOGIQUE,string,PARTIAL,DR,V2,135,45,33.33333333333333,False
creatclr_lbstresc,BILAN BIOLOGIQUE,string,PARTIAL,DR,V3,3,2,66.66666666666666,False
creatclr_lbstresc,BILAN BIOLOGIQUE,string,PARTIAL,DR,V4,69,18,26.08695652173913,False
phos_lbstresc,BILAN BIOLOGIQUE,float,PARTIAL,BP,V0,6252,1647,26.343570057581573,False
phos_lbstresc,BILAN BIOLOGIQUE,float,PARTIAL,BP,V1,3074,960,31.229668184775537,False
phos_lbstresc,BILAN BIOLOGIQUE,float,PARTIAL,BP,V2,2228,648,29.084380610412925,False
phos_lbstresc,BILAN BIOLOGIQUE,float,PARTIAL,BP,V3,1497,359,23.9812959251837,False
phos_lbstresc,BILAN BIOLOGIQUE,float,PARTIAL,BP,V4,512,142,27.734375,False
phos_lbstresc,BILAN BIOLOGIQUE,float,PARTIAL,SZ,V0,2209,2209,,True
phos_lbstresc,BILAN BIOLOGIQUE,float,PARTIAL,SZ,V1,963,963,,True
phos_lbstresc,BILAN BIOLOGIQUE,float,PARTIAL,SZ,V2,595,595,,True
phos_lbstresc,BILAN BIOLOGIQUE,float,PARTIAL,SZ,V3,456,456,,True
phos_lbstresc,BILAN BIOLOGIQUE,float,PARTIAL,SZ,V4,198,198,,True
phos_lbstresc,BILAN BIOLOGIQUE,float,PARTIAL,DR,V0,552,194,35.14492753623188,False
phos_lbstresc,BILAN BIOLOGIQUE,float,PARTIAL,DR,V1,233,80,34.33476394849785,False
phos_lbstresc,BILAN BIOLOGIQUE,float,PARTIAL,DR,V2,135,42,31.11111111111111,False
phos_lbstresc,BILAN BIOLOGIQUE,float,PARTIAL,DR,V3,3,3,100.0,False
phos_lbstresc,BILAN BIOLOGIQUE,float,PARTIAL,DR,V4,69,12,17.391304347826086,False
iron_lbstresc,BILAN BIOLOGIQUE,float,PARTIAL,BP,V0,6252,2698,43.15419065898912,False
iron_lbstresc,BILAN BIOLOGIQUE,float,PARTIAL,BP,V1,3074,1551,50.45543266102798,False
iron_lbstresc,BILAN BIOLOGIQUE,float,PARTIAL,BP,V2,2228,1079,48.42908438061041,False
iron_lbstresc,BILAN BIOLOGIQUE,float,PARTIAL,BP,V3,1497,763,50.9686038744155,False
iron_lbstresc,BILAN BIOLOGIQUE,float,PARTIAL,BP,V4,512,217,42.3828125,False
iron_lbstresc,BILAN BIOLOGIQUE,float,PARTIAL,SZ,V0,2209,2209,,True
iron_lbstresc,BILAN BIOLOGIQUE,float,PARTIAL,SZ,V1,963,963,,True
iron_lbstresc,BILAN BIOLOGIQUE,float,PARTIAL,SZ,V2,595,595,,True
iron_lbstresc,BILAN BIOLOGIQUE,float,PARTIAL,SZ,V3,456,456,,True
iron_lbstresc,BILAN BIOLOGIQUE,float,PARTIAL,SZ,V4,198,198,,True
iron_lbstresc,BILAN BIOLOGIQUE,float,PARTIAL,DR,V0,552,260,47.10144927536232,False
iron_lbstresc,BILAN BIOLOGIQUE,float,PARTIAL,DR,V1,233,107,45.92274678111588,False
iron_lbstresc,BILAN BIOLOGIQUE,float,PARTIAL,DR,V2,135,64,47.40740740740741,False
iron_lbstresc,BILAN BIOLOGIQUE,float,PARTIAL,DR,V3,3,2,66.66666666666666,False
iron_lbstresc,BILAN BIOLOGIQUE,float,PARTIAL,DR,V4,69,36,52.17391304347826,False
ca_lbstresc,BILAN BIOLOGIQUE,float,PARTIAL,BP,V0,6252,1383,22.120921305182343,False
ca_lbstresc,BILAN BIOLOGIQUE,float,PARTIAL,BP,V1,3074,894,29.082628497072214,False
ca_lbstresc,BILAN BIOLOGIQUE,float,PARTIAL,BP,V2,2228,597,26.795332136445243,False
ca_lbstresc,BILAN BIOLOGIQUE,float,PARTIAL,BP,V3,1497,330,22.044088176352705,False
ca_lbstresc,BILAN BIOLOGIQUE,float,PARTIAL,BP,V4,512,124,24.21875,False
ca_lbstresc,BILAN BIOLOGIQUE,float,PARTIAL,SZ,V0,2209,2209,,True
ca_lbstresc,BILAN BIOLOGIQUE,float,PARTIAL,SZ,V1,963,963,,True
ca_lbstresc,BILAN BIOLOGIQUE,float,PARTIAL,SZ,V2,595,595,,True
ca_lbstresc,BILAN BIOLOGIQUE,float,PARTIAL,SZ,V3,456,456,,True
ca_lbstresc,BILAN BIOLOGIQUE,float,PARTIAL,SZ,V4,198,198,,True
ca_lbstresc,BILAN BIOLOGIQUE,float,PARTIAL,DR,V0,552,166,30.07246376811594,False
ca_lbstresc,BILAN BIOLOGIQUE,float,PARTIAL,DR,V1,233,69,29.613733905579398,False
ca_lbstresc,BILAN BIOLOGIQUE,float,PARTIAL,DR,V2,135,43,31.851851851851855,False
ca_lbstresc,BILAN BIOLOGIQUE,float,PARTIAL,DR,V3,3,2,66.66666666666666,False
ca_lbstresc,BILAN BIOLOGIQUE,float,PARTIAL,DR,V4,69,12,17.391304347826086,False
crp,BILAN BIOLOGIQUE,string,READY,BP,V0,6252,1464,23.41650671785029,False
crp,BILAN BIOLOGIQUE,string,READY,BP,V1,3074,968,31.489915419648668,False
crp,BILAN BIOLOGIQUE,string,READY,BP,V2,2228,639,28.68043087971275,False
crp,BILAN BIOLOGIQUE,string,READY,BP,V3,1497,359,23.9812959251837,False
crp,BILAN BIOLOGIQUE,string,READY,BP,V4,512,133,25.9765625,False
crp,BILAN BIOLOGIQUE,string,READY,SZ,V0,2209,520,23.540063377093706,False
crp,BILAN BIOLOGIQUE,string,READY,SZ,V1,963,271,28.14122533748702,False
crp,BILAN BIOLOGIQUE,string,READY,SZ,V2,595,197,33.10924369747899,False
crp,BILAN BIOLOGIQUE,string,READY,SZ,V3,456,145,31.798245614035086,False
crp,BILAN BIOLOGIQUE,string,READY,SZ,V4,198,56,28.28282828282828,False
crp,BILAN BIOLOGIQUE,string,READY,DR,V0,552,149,26.992753623188403,False
crp,BILAN BIOLOGIQUE,string,READY,DR,V1,233,64,27.467811158798284,False
crp,BILAN BIOLOGIQUE,string,READY,DR,V2,135,36,26.666666666666668,False
crp,BILAN BIOLOGIQUE,string,READY,DR,V3,3,3,100.0,False
crp,BILAN BIOLOGIQUE,string,READY,DR,V4,69,14,20.28985507246377,False
gluc,BILAN BIOLOGIQUE,float,READY,BP,V0,6252,1374,21.976967370441457,False
gluc,BILAN BIOLOGIQUE,float,READY,BP,V1,3074,1004,32.66102797657775,False
gluc,BILAN BIOLOGIQUE,float,READY,BP,V2,2228,670,30.07181328545781,False
gluc,BILAN BIOLOGIQUE,float,READY,BP,V3,1497,395,26.38610554442218,False
gluc,BILAN BIOLOGIQUE,float,READY,BP,V4,512,143,27.9296875,False
gluc,BILAN BIOLOGIQUE,float,READY,SZ,V0,2209,723,32.72974196468991,False
gluc,BILAN BIOLOGIQUE,float,READY,SZ,V1,963,361,37.48701973001039,False
gluc,BILAN BIOLOGIQUE,float,READY,SZ,V2,595,253,42.52100840336134,False
gluc,BILAN BIOLOGIQUE,float,READY,SZ,V3,456,193,42.32456140350877,False
gluc,BILAN BIOLOGIQUE,float,READY,SZ,V4,198,68,34.34343434343434,False
gluc,BILAN BIOLOGIQUE,float,READY,DR,V0,552,174,31.521739130434785,False
gluc,BILAN BIOLOGIQUE,float,READY,DR,V1,233,63,27.038626609442062,False
gluc,BILAN BIOLOGIQUE,float,READY,DR,V2,135,38,28.14814814814815,False
gluc,BILAN BIOLOGIQUE,float,READY,DR,V3,3,2,66.66666666666666,False
gluc,BILAN BIOLOGIQUE,float,READY,DR,V4,69,14,20.28985507246377,False
hba1c,BILAN BIOLOGIQUE,float,READY,BP,V0,6252,4375,69.97760716570698,False
hba1c,BILAN BIOLOGIQUE,float,READY,BP,V1,3074,2078,67.59921925829538,False
hba1c,BILAN BIOLOGIQUE,float,READY,BP,V2,2228,1458,65.43985637342908,False
hba1c,BILAN BIOLOGIQUE,float,READY,BP,V3,1497,940,62.79225116900468,False
hba1c,BILAN BIOLOGIQUE,float,READY,BP,V4,512,299,58.3984375,False
hba1c,BILAN BIOLOGIQUE,float,READY,SZ,V0,2209,1439,65.14259846084201,False
hba1c,BILAN BIOLOGIQUE,float,READY,SZ,V1,963,612,63.55140186915887,False
hba1c,BILAN BIOLOGIQUE,float,READY,SZ,V2,595,363,61.00840336134454,False
hba1c,BILAN BIOLOGIQUE,float,READY,SZ,V3,456,279,61.18421052631579,False
hba1c,BILAN BIOLOGIQUE,float,READY,SZ,V4,198,124,62.62626262626263,False
hba1c,BILAN BIOLOGIQUE,float,READY,DR,V0,552,360,65.21739130434783,False
hba1c,BILAN BIOLOGIQUE,float,READY,DR,V1,233,130,55.793991416309005,False
hba1c,BILAN BIOLOGIQUE,float,READY,DR,V2,135,61,45.18518518518518,False
hba1c,BILAN BIOLOGIQUE,float,READY,DR,V3,3,2,66.66666666666666,False
hba1c,BILAN BIOLOGIQUE,float,READY,DR,V4,69,16,23.18840579710145,False
hdl,BILAN BIOLOGIQUE,float,READY,BP,V0,6252,1289,20.61740243122201,False
hdl,BILAN BIOLOGIQUE,float,READY,BP,V1,3074,943,30.676642810670135,False
hdl,BILAN BIOLOGIQUE,float,READY,BP,V2,2228,628,28.186714542190305,False
hdl,BILAN BIOLOGIQUE,float,READY,BP,V3,1497,355,23.714094856379425,False
hdl,BILAN BIOLOGIQUE,float,READY,BP,V4,512,130,25.390625,False
hdl,BILAN BIOLOGIQUE,float,READY,SZ,V0,2209,505,22.86102308736985,False
hdl,BILAN BIOLOGIQUE,float,READY,SZ,V1,963,265,27.51817237798546,False
hdl,BILAN BIOLOGIQUE,float,READY,SZ,V2,595,202,33.94957983193277,False
hdl,BILAN BIOLOGIQUE,float,READY,SZ,V3,456,138,30.263157894736842,False
hdl,BILAN BIOLOGIQUE,float,READY,SZ,V4,198,54,27.27272727272727,False
hdl,BILAN BIOLOGIQUE,float,READY,DR,V0,552,153,27.717391304347828,False
hdl,BILAN BIOLOGIQUE,float,READY,DR,V1,233,67,28.75536480686695,False
hdl,BILAN BIOLOGIQUE,float,READY,DR,V2,135,37,27.40740740740741,False
hdl,BILAN BIOLOGIQUE,float,READY,DR,V3,3,2,66.66666666666666,False
hdl,BILAN BIOLOGIQUE,float,READY,DR,V4,69,15,21.73913043478261,False
ldl,BILAN BIOLOGIQUE,float,READY,BP,V0,6252,1515,24.232245681381958,False
ldl,BILAN BIOLOGIQUE,float,READY,BP,V1,3074,991,32.238126219908914,False
ldl,BILAN BIOLOGIQUE,float,READY,BP,V2,2228,695,31.19389587073609,False
ldl,BILAN BIOLOGIQUE,float,READY,BP,V3,1497,385,25.718102872411492,False
ldl,BILAN BIOLOGIQUE,float,READY,BP,V4,512,134,26.171875,False
ldl,BILAN BIOLOGIQUE,float,READY,SZ,V0,2209,539,24.400181077410593,False
ldl,BILAN BIOLOGIQUE,float,READY,SZ,V1,963,275,28.556593977154726,False
ldl,BILAN BIOLOGIQUE,float,READY,SZ,V2,595,212,35.63025210084034,False
ldl,BILAN BIOLOGIQUE,float,READY,SZ,V3,456,148,32.45614035087719,False
ldl,BILAN BIOLOGIQUE,float,READY,SZ,V4,198,58,29.292929292929294,False
ldl,BILAN BIOLOGIQUE,float,READY,DR,V0,552,159,28.804347826086957,False
ldl,BILAN BIOLOGIQUE,float,READY,DR,V1,233,72,30.90128755364807,False
ldl,BILAN BIOLOGIQUE,float,READY,DR,V2,135,38,28.14814814814815,False
ldl,BILAN BIOLOGIQUE,float,READY,DR,V3,3,2,66.66666666666666,False
ldl,BILAN BIOLOGIQUE,float,READY,DR,V4,69,16,23.18840579710145,False
chol,BILAN BIOLOGIQUE,float,READY,BP,V0,6252,1277,20.4254638515675,False
chol,BILAN BIOLOGIQUE,float,READY,BP,V1,3074,930,30.2537410540013,False
chol,BILAN BIOLOGIQUE,float,READY,BP,V2,2228,623,27.96229802513465,False
chol,BILAN BIOLOGIQUE,float,READY,BP,V3,1497,354,23.647294589178355,False
chol,BILAN BIOLOGIQUE,float,READY,BP,V4,512,131,25.5859375,False
chol,BILAN BIOLOGIQUE,float,READY,SZ,V0,2209,496,22.453598913535536,False
chol,BILAN BIOLOGIQUE,float,READY,SZ,V1,963,261,27.102803738317753,False
chol,BILAN BIOLOGIQUE,float,READY,SZ,V2,595,201,33.78151260504202,False
chol,BILAN BIOLOGIQUE,float,READY,SZ,V3,456,138,30.263157894736842,False
chol,BILAN BIOLOGIQUE,float,READY,SZ,V4,198,56,28.28282828282828,False
chol,BILAN BIOLOGIQUE,float,READY,DR,V0,552,146,26.44927536231884,False
chol,BILAN BIOLOGIQUE,float,READY,DR,V1,233,66,28.32618025751073,False
chol,BILAN BIOLOGIQUE,float,READY,DR,V2,135,37,27.40740740740741,False
chol,BILAN BIOLOGIQUE,float,READY,DR,V3,3,2,66.66666666666666,False
chol,BILAN BIOLOGIQUE,float,READY,DR,V4,69,15,21.73913043478261,False
cholhdl_lbstresc,BILAN BIOLOGIQUE,float,PARTIAL,BP,V0,6252,1557,24.904030710172744,False
cholhdl_lbstresc,BILAN BIOLOGIQUE,float,PARTIAL,BP,V1,3074,1027,33.409238776837995,False
cholhdl_lbstresc,BILAN BIOLOGIQUE,float,PARTIAL,BP,V2,2228,711,31.912028725314183,False
cholhdl_lbstresc,BILAN BIOLOGIQUE,float,PARTIAL,BP,V3,1497,403,26.920507682030724,False
cholhdl_lbstresc,BILAN BIOLOGIQUE,float,PARTIAL,BP,V4,512,146,28.515625,False
cholhdl_lbstresc,BILAN BIOLOGIQUE,float,PARTIAL,SZ,V0,2209,655,29.65142598460842,False
cholhdl_lbstresc,BILAN BIOLOGIQUE,float,PARTIAL,SZ,V1,963,334,34.68328141225337,False
cholhdl_lbstresc,BILAN BIOLOGIQUE,float,PARTIAL,SZ,V2,595,237,39.831932773109244,False
cholhdl_lbstresc,BILAN BIOLOGIQUE,float,PARTIAL,SZ,V3,456,175,38.377192982456144,False
cholhdl_lbstresc,BILAN BIOLOGIQUE,float,PARTIAL,SZ,V4,198,77,38.88888888888889,False
cholhdl_lbstresc,BILAN BIOLOGIQUE,float,PARTIAL,DR,V0,552,552,,True
cholhdl_lbstresc,BILAN BIOLOGIQUE,float,PARTIAL,DR,V1,233,233,,True
cholhdl_lbstresc,BILAN BIOLOGIQUE,float,PARTIAL,DR,V2,135,135,,True
cholhdl_lbstresc,BILAN BIOLOGIQUE,float,PARTIAL,DR,V3,3,3,,True
cholhdl_lbstresc,BILAN BIOLOGIQUE,float,PARTIAL,DR,V4,69,69,,True
trig,BILAN BIOLOGIQUE,float,READY,BP,V0,6252,1304,20.857325655790145,False
trig,BILAN BIOLOGIQUE,float,READY,BP,V1,3074,931,30.286271958360445,False
trig,BILAN BIOLOGIQUE,float,READY,BP,V2,2228,622,27.91741472172352,False
trig,BILAN BIOLOGIQUE,float,READY,BP,V3,1497,354,23.647294589178355,False
trig,BILAN BIOLOGIQUE,float,READY,BP,V4,512,131,25.5859375,False
trig,BILAN BIOLOGIQUE,float,READY,SZ,V0,2209,498,22.54413761883205,False
trig,BILAN BIOLOGIQUE,float,READY,SZ,V1,963,263,27.31048805815161,False
trig,BILAN BIOLOGIQUE,float,READY,SZ,V2,595,201,33.78151260504202,False
trig,BILAN BIOLOGIQUE,float,READY,SZ,V3,456,139,30.482456140350877,False
trig,BILAN BIOLOGIQUE,float,READY,SZ,V4,198,55,27.77777777777778,False
trig,BILAN BIOLOGIQUE,float,READY,DR,V0,552,155,28.07971014492754,False
trig,BILAN BIOLOGIQUE,float,READY,DR,V1,233,68,29.184549356223176,False
trig,BILAN BIOLOGIQUE,float,READY,DR,V2,135,37,27.40740740740741,False
trig,BILAN BIOLOGIQUE,float,READY,DR,V3,3,2,66.66666666666666,False
trig,BILAN BIOLOGIQUE,float,READY,DR,V4,69,15,21.73913043478261,False
alp_lbstresc,BILAN BIOLOGIQUE,float,PARTIAL,BP,V0,6252,1425,22.79270633397313,False
alp_lbstresc,BILAN BIOLOGIQUE,float,PARTIAL,BP,V1,3074,934,30.383864671437866,False
alp_lbstresc,BILAN BIOLOGIQUE,float,PARTIAL,BP,V2,2228,601,26.974865350089765,False
alp_lbstresc,BILAN BIOLOGIQUE,float,PARTIAL,BP,V3,1497,347,23.179692718770877,False
alp_lbstresc,BILAN BIOLOGIQUE,float,PARTIAL,BP,V4,512,127,24.8046875,False
alp_lbstresc,BILAN BIOLOGIQUE,float,PARTIAL,SZ,V0,2209,2209,,True
alp_lbstresc,BILAN BIOLOGIQUE,float,PARTIAL,SZ,V1,963,963,,True
alp_lbstresc,BILAN BIOLOGIQUE,float,PARTIAL,SZ,V2,595,595,,True
alp_lbstresc,BILAN BIOLOGIQUE,float,PARTIAL,SZ,V3,456,456,,True
alp_lbstresc,BILAN BIOLOGIQUE,float,PARTIAL,SZ,V4,198,198,,True
alp_lbstresc,BILAN BIOLOGIQUE,float,PARTIAL,DR,V0,552,150,27.173913043478258,False
alp_lbstresc,BILAN BIOLOGIQUE,float,PARTIAL,DR,V1,233,64,27.467811158798284,False
alp_lbstresc,BILAN BIOLOGIQUE,float,PARTIAL,DR,V2,135,38,28.14814814814815,False
alp_lbstresc,BILAN BIOLOGIQUE,float,PARTIAL,DR,V3,3,2,66.66666666666666,False
alp_lbstresc,BILAN BIOLOGIQUE,float,PARTIAL,DR,V4,69,14,20.28985507246377,False
ast_lbstresc,BILAN BIOLOGIQUE,string,PARTIAL,BP,V0,6252,1273,20.361484325015994,False
ast_lbstresc,BILAN BIOLOGIQUE,string,PARTIAL,BP,V1,3074,842,27.391021470396876,False
ast_lbstresc,BILAN BIOLOGIQUE,string,PARTIAL,BP,V2,2228,559,25.089766606822263,False
ast_lbstresc,BILAN BIOLOGIQUE,string,PARTIAL,BP,V3,1497,311,20.7748830995324,False
ast_lbstresc,BILAN BIOLOGIQUE,string,PARTIAL,BP,V4,512,120,23.4375,False
ast_lbstresc,BILAN BIOLOGIQUE,string,PARTIAL,SZ,V0,2209,2209,,True
ast_lbstresc,BILAN BIOLOGIQUE,string,PARTIAL,SZ,V1,963,963,,True
ast_lbstresc,BILAN BIOLOGIQUE,string,PARTIAL,SZ,V2,595,595,,True
ast_lbstresc,BILAN BIOLOGIQUE,string,PARTIAL,SZ,V3,456,456,,True
ast_lbstresc,BILAN BIOLOGIQUE,string,PARTIAL,SZ,V4,198,198,,True
ast_lbstresc,BILAN BIOLOGIQUE,string,PARTIAL,DR,V0,552,138,25.0,False
ast_lbstresc,BILAN BIOLOGIQUE,string,PARTIAL,DR,V1,233,61,26.180257510729614,False
ast_lbstresc,BILAN BIOLOGIQUE,string,PARTIAL,DR,V2,135,36,26.666666666666668,False
ast_lbstresc,BILAN BIOLOGIQUE,string,PARTIAL,DR,V3,3,2,66.66666666666666,False
ast_lbstresc,BILAN BIOLOGIQUE,string,PARTIAL,DR,V4,69,13,18.84057971014493,False
alt_lbstresc,BILAN BIOLOGIQUE,string,PARTIAL,BP,V0,6252,1263,20.201535508637235,False
alt_lbstresc,BILAN BIOLOGIQUE,string,PARTIAL,BP,V1,3074,839,27.293428757319454,False
alt_lbstresc,BILAN BIOLOGIQUE,string,PARTIAL,BP,V2,2228,557,25.0,False
alt_lbstresc,BILAN BIOLOGIQUE,string,PARTIAL,BP,V3,1497,311,20.7748830995324,False
alt_lbstresc,BILAN BIOLOGIQUE,string,PARTIAL,BP,V4,512,120,23.4375,False
alt_lbstresc,BILAN BIOLOGIQUE,string,PARTIAL,SZ,V0,2209,2209,,True
alt_lbstresc,BILAN BIOLOGIQUE,string,PARTIAL,SZ,V1,963,963,,True
alt_lbstresc,BILAN BIOLOGIQUE,string,PARTIAL,SZ,V2,595,595,,True
alt_lbstresc,BILAN BIOLOGIQUE,string,PARTIAL,SZ,V3,456,456,,True
alt_lbstresc,BILAN BIOLOGIQUE,string,PARTIAL,SZ,V4,198,198,,True
alt_lbstresc,BILAN BIOLOGIQUE,string,PARTIAL,DR,V0,552,137,24.818840579710145,False
alt_lbstresc,BILAN BIOLOGIQUE,string,PARTIAL,DR,V1,233,62,26.609442060085836,False
alt_lbstresc,BILAN BIOLOGIQUE,string,PARTIAL,DR,V2,135,36,26.666666666666668,False
alt_lbstresc,BILAN BIOLOGIQUE,string,PARTIAL,DR,V3,3,2,66.66666666666666,False
alt_lbstresc,BILAN BIOLOGIQUE,string,PARTIAL,DR,V4,69,13,18.84057971014493,False
bili_lbstresc,BILAN BIOLOGIQUE,float,PARTIAL,BP,V0,6252,1650,26.391554702495203,False
bili_lbstresc,BILAN BIOLOGIQUE,float,PARTIAL,BP,V1,3074,1027,33.409238776837995,False
bili_lbstresc,BILAN BIOLOGIQUE,float,PARTIAL,BP,V2,2228,681,30.565529622980254,False
bili_lbstresc,BILAN BIOLOGIQUE,float,PARTIAL,BP,V3,1497,399,26.65330661322645,False
bili_lbstresc,BILAN BIOLOGIQUE,float,PARTIAL,BP,V4,512,159,31.0546875,False
bili_lbstresc,BILAN BIOLOGIQUE,float,PARTIAL,SZ,V0,2209,2209,,True
bili_lbstresc,BILAN BIOLOGIQUE,float,PARTIAL,SZ,V1,963,963,,True
bili_lbstresc,BILAN BIOLOGIQUE,float,PARTIAL,SZ,V2,595,595,,True
bili_lbstresc,BILAN BIOLOGIQUE,float,PARTIAL,SZ,V3,456,456,,True
bili_lbstresc,BILAN BIOLOGIQUE,float,PARTIAL,SZ,V4,198,198,,True
bili_lbstresc,BILAN BIOLOGIQUE,float,PARTIAL,DR,V0,552,190,34.42028985507246,False
bili_lbstresc,BILAN BIOLOGIQUE,float,PARTIAL,DR,V1,233,83,35.622317596566525,False
bili_lbstresc,BILAN BIOLOGIQUE,float,PARTIAL,DR,V2,135,40,29.629629629629626,False
bili_lbstresc,BILAN BIOLOGIQUE,float,PARTIAL,DR,V3,3,2,66.66666666666666,False
bili_lbstresc,BILAN BIOLOGIQUE,float,PARTIAL,DR,V4,69,13,18.84057971014493,False
ggt_lbstresc,BILAN BIOLOGIQUE,float,PARTIAL,BP,V0,6252,1309,20.937300063979528,False
ggt_lbstresc,BILAN BIOLOGIQUE,float,PARTIAL,BP,V1,3074,890,28.952504879635654,False
ggt_lbstresc,BILAN BIOLOGIQUE,float,PARTIAL,BP,V2,2228,582,26.122082585278278,False
ggt_lbstresc,BILAN BIOLOGIQUE,float,PARTIAL,BP,V3,1497,328,21.910487641950567,False
ggt_lbstresc,BILAN BIOLOGIQUE,float,PARTIAL,BP,V4,512,124,24.21875,False
ggt_lbstresc,BILAN BIOLOGIQUE,float,PARTIAL,SZ,V0,2209,2209,,True
ggt_lbstresc,BILAN BIOLOGIQUE,float,PARTIAL,SZ,V1,963,963,,True
ggt_lbstresc,BILAN BIOLOGIQUE,float,PARTIAL,SZ,V2,595,595,,True
ggt_lbstresc,BILAN BIOLOGIQUE,float,PARTIAL,SZ,V3,456,456,,True
ggt_lbstresc,BILAN BIOLOGIQUE,float,PARTIAL,SZ,V4,198,198,,True
ggt_lbstresc,BILAN BIOLOGIQUE,float,PARTIAL,DR,V0,552,140,25.36231884057971,False
ggt_lbstresc,BILAN BIOLOGIQUE,float,PARTIAL,DR,V1,233,63,27.038626609442062,False
ggt_lbstresc,BILAN BIOLOGIQUE,float,PARTIAL,DR,V2,135,36,26.666666666666668,False
ggt_lbstresc,BILAN BIOLOGIQUE,float,PARTIAL,DR,V3,3,2,66.66666666666666,False
ggt_lbstresc,BILAN BIOLOGIQUE,float,PARTIAL,DR,V4,69,13,18.84057971014493,False
tsh_lbstresc,BILAN BIOLOGIQUE,float,PARTIAL,BP,V0,6252,1673,26.759436980166345,False
tsh_lbstresc,BILAN BIOLOGIQUE,float,PARTIAL,BP,V1,3074,1151,37.4430709173715,False
tsh_lbstresc,BILAN BIOLOGIQUE,float,PARTIAL,BP,V2,2228,789,35.412926391382406,False
tsh_lbstresc,BILAN BIOLOGIQUE,float,PARTIAL,BP,V3,1497,499,33.33333333333333,False
tsh_lbstresc,BILAN BIOLOGIQUE,float,PARTIAL,BP,V4,512,155,30.2734375,False
tsh_lbstresc,BILAN BIOLOGIQUE,float,PARTIAL,SZ,V0,2209,2209,,True
tsh_lbstresc,BILAN BIOLOGIQUE,float,PARTIAL,SZ,V1,963,963,,True
tsh_lbstresc,BILAN BIOLOGIQUE,float,PARTIAL,SZ,V2,595,595,,True
tsh_lbstresc,BILAN BIOLOGIQUE,float,PARTIAL,SZ,V3,456,456,,True
tsh_lbstresc,BILAN BIOLOGIQUE,float,PARTIAL,SZ,V4,198,198,,True
tsh_lbstresc,BILAN BIOLOGIQUE,float,PARTIAL,DR,V0,552,137,24.818840579710145,False
tsh_lbstresc,BILAN BIOLOGIQUE,float,PARTIAL,DR,V1,233,60,25.75107296137339,False
tsh_lbstresc,BILAN BIOLOGIQUE,float,PARTIAL,DR,V2,135,37,27.40740740740741,False
tsh_lbstresc,BILAN BIOLOGIQUE,float,PARTIAL,DR,V3,3,2,66.66666666666666,False
tsh_lbstresc,BILAN BIOLOGIQUE,float,PARTIAL,DR,V4,69,13,18.84057971014493,False
t3fr_lbstresc,BILAN BIOLOGIQUE,float,PARTIAL,BP,V0,6252,1551,24.80806142034549,False
t3fr_lbstresc,BILAN BIOLOGIQUE,float,PARTIAL,BP,V1,3074,975,31.717631750162656,False
t3fr_lbstresc,BILAN BIOLOGIQUE,float,PARTIAL,BP,V2,2228,639,28.68043087971275,False
t3fr_lbstresc,BILAN BIOLOGIQUE,float,PARTIAL,BP,V3,1497,361,24.11489645958584,False
t3fr_lbstresc,BILAN BIOLOGIQUE,float,PARTIAL,BP,V4,512,135,26.3671875,False
t3fr_lbstresc,BILAN BIOLOGIQUE,float,PARTIAL,SZ,V0,2209,2209,,True
t3fr_lbstresc,BILAN BIOLOGIQUE,float,PARTIAL,SZ,V1,963,963,,True
t3fr_lbstresc,BILAN BIOLOGIQUE,float,PARTIAL,SZ,V2,595,595,,True
t3fr_lbstresc,BILAN BIOLOGIQUE,float,PARTIAL,SZ,V3,456,456,,True
t3fr_lbstresc,BILAN BIOLOGIQUE,float,PARTIAL,SZ,V4,198,198,,True
t3fr_lbstresc,BILAN BIOLOGIQUE,float,PARTIAL,DR,V0,552,156,28.26086956521739,False
t3fr_lbstresc,BILAN BIOLOGIQUE,float,PARTIAL,DR,V1,233,62,26.609442060085836,False
t3fr_lbstresc,BILAN BIOLOGIQUE,float,PARTIAL,DR,V2,135,39,28.888888888888886,False
t3fr_lbstresc,BILAN BIOLOGIQUE,float,PARTIAL,DR,V3,3,2,66.66666666666666,False
t3fr_lbstresc,BILAN BIOLOGIQUE,float,PARTIAL,DR,V4,69,15,21.73913043478261,False
t4fr_lbstresc,BILAN BIOLOGIQUE,float,PARTIAL,BP,V0,6252,1518,24.280230326295584,False
t4fr_lbstresc,BILAN BIOLOGIQUE,float,PARTIAL,BP,V1,3074,960,31.229668184775537,False
t4fr_lbstresc,BILAN BIOLOGIQUE,float,PARTIAL,BP,V2,2228,632,28.366247755834827,False
t4fr_lbstresc,BILAN BIOLOGIQUE,float,PARTIAL,BP,V3,1497,351,23.446893787575153,False
t4fr_lbstresc,BILAN BIOLOGIQUE,float,PARTIAL,BP,V4,512,131,25.5859375,False
t4fr_lbstresc,BILAN BIOLOGIQUE,float,PARTIAL,SZ,V0,2209,2209,,True
t4fr_lbstresc,BILAN BIOLOGIQUE,float,PARTIAL,SZ,V1,963,963,,True
t4fr_lbstresc,BILAN BIOLOGIQUE,float,PARTIAL,SZ,V2,595,595,,True
t4fr_lbstresc,BILAN BIOLOGIQUE,float,PARTIAL,SZ,V3,456,456,,True
t4fr_lbstresc,BILAN BIOLOGIQUE,float,PARTIAL,SZ,V4,198,198,,True
t4fr_lbstresc,BILAN BIOLOGIQUE,float,PARTIAL,DR,V0,552,153,27.717391304347828,False
t4fr_lbstresc,BILAN BIOLOGIQUE,float,PARTIAL,DR,V1,233,63,27.038626609442062,False
t4fr_lbstresc,BILAN BIOLOGIQUE,float,PARTIAL,DR,V2,135,39,28.888888888888886,False
t4fr_lbstresc,BILAN BIOLOGIQUE,float,PARTIAL,DR,V3,3,2,66.66666666666666,False
t4fr_lbstresc,BILAN BIOLOGIQUE,float,PARTIAL,DR,V4,69,14,20.28985507246377,False
wbc,BILAN BIOLOGIQUE,float,READY,BP,V0,6252,1276,20.409468969929623,False
wbc,BILAN BIOLOGIQUE,float,READY,BP,V1,3074,869,28.26935588809369,False
wbc,BILAN BIOLOGIQUE,float,READY,BP,V2,2228,589,26.436265709156192,False
wbc,BILAN BIOLOGIQUE,float,READY,BP,V3,1497,334,22.31128924515698,False
wbc,BILAN BIOLOGIQUE,float,READY,BP,V4,512,122,23.828125,False
wbc,BILAN BIOLOGIQUE,float,READY,SZ,V0,2209,486,22.000905387052967,False
wbc,BILAN BIOLOGIQUE,float,READY,SZ,V1,963,260,26.99896157840083,False
wbc,BILAN BIOLOGIQUE,float,READY,SZ,V2,595,188,31.596638655462183,False
wbc,BILAN BIOLOGIQUE,float,READY,SZ,V3,456,132,28.947368421052634,False
wbc,BILAN BIOLOGIQUE,float,READY,SZ,V4,198,53,26.767676767676768,False
wbc,BILAN BIOLOGIQUE,float,READY,DR,V0,552,137,24.818840579710145,False
wbc,BILAN BIOLOGIQUE,float,READY,DR,V1,233,60,25.75107296137339,False
wbc,BILAN BIOLOGIQUE,float,READY,DR,V2,135,39,28.888888888888886,False
wbc,BILAN BIOLOGIQUE,float,READY,DR,V3,3,2,66.66666666666666,False
wbc,BILAN BIOLOGIQUE,float,READY,DR,V4,69,12,17.391304347826086,False
rbc,BILAN BIOLOGIQUE,float,READY,BP,V0,6252,1295,20.713371721049263,False
rbc,BILAN BIOLOGIQUE,float,READY,BP,V1,3074,863,28.07417046193884,False
rbc,BILAN BIOLOGIQUE,float,READY,BP,V2,2228,591,26.526032315978455,False
rbc,BILAN BIOLOGIQUE,float,READY,BP,V3,1497,329,21.977287909151634,False
rbc,BILAN BIOLOGIQUE,float,READY,BP,V4,512,120,23.4375,False
rbc,BILAN BIOLOGIQUE,float,READY,SZ,V0,2209,489,22.136713444997735,False
rbc,BILAN BIOLOGIQUE,float,READY,SZ,V1,963,264,27.41433021806853,False
rbc,BILAN BIOLOGIQUE,float,READY,SZ,V2,595,188,31.596638655462183,False
rbc,BILAN BIOLOGIQUE,float,READY,SZ,V3,456,134,29.385964912280706,False
rbc,BILAN BIOLOGIQUE,float,READY,SZ,V4,198,53,26.767676767676768,False
rbc,BILAN BIOLOGIQUE,float,READY,DR,V0,552,135,24.456521739130434,False
rbc,BILAN BIOLOGIQUE,float,READY,DR,V1,233,61,26.180257510729614,False
rbc,BILAN BIOLOGIQUE,float,READY,DR,V2,135,38,28.14814814814815,False
rbc,BILAN BIOLOGIQUE,float,READY,DR,V3,3,2,66.66666666666666,False
rbc,BILAN BIOLOGIQUE,float,READY,DR,V4,69,12,17.391304347826086,False
hgb,BILAN BIOLOGIQUE,float,READY,BP,V0,6252,1317,21.065259117082533,False
hgb,BILAN BIOLOGIQUE,float,READY,BP,V1,3074,875,28.464541314248535,False
hgb,BILAN BIOLOGIQUE,float,READY,BP,V2,2228,601,26.974865350089765,False
hgb,BILAN BIOLOGIQUE,float,READY,BP,V3,1497,357,23.847695390781563,False
hgb,BILAN BIOLOGIQUE,float,READY,BP,V4,512,121,23.6328125,False
hgb,BILAN BIOLOGIQUE,float,READY,SZ,V0,2209,472,21.367134449977364,False
hgb,BILAN BIOLOGIQUE,float,READY,SZ,V1,963,260,26.99896157840083,False
hgb,BILAN BIOLOGIQUE,float,READY,SZ,V2,595,188,31.596638655462183,False
hgb,BILAN BIOLOGIQUE,float,READY,SZ,V3,456,132,28.947368421052634,False
hgb,BILAN BIOLOGIQUE,float,READY,SZ,V4,198,54,27.27272727272727,False
hgb,BILAN BIOLOGIQUE,float,READY,DR,V0,552,135,24.456521739130434,False
hgb,BILAN BIOLOGIQUE,float,READY,DR,V1,233,59,25.321888412017167,False
hgb,BILAN BIOLOGIQUE,float,READY,DR,V2,135,38,28.14814814814815,False
hgb,BILAN BIOLOGIQUE,float,READY,DR,V3,3,2,66.66666666666666,False
hgb,BILAN BIOLOGIQUE,float,READY,DR,V4,69,12,17.391304347826086,False
hct_lbstresc,BILAN BIOLOGIQUE,float,PARTIAL,BP,V0,6252,1559,24.936020473448497,False
hct_lbstresc,BILAN BIOLOGIQUE,float,PARTIAL,BP,V1,3074,978,31.815224463240078,False
hct_lbstresc,BILAN BIOLOGIQUE,float,PARTIAL,BP,V2,2228,761,34.156193895870736,False
hct_lbstresc,BILAN BIOLOGIQUE,float,PARTIAL,BP,V3,1497,428,28.59051436205745,False
hct_lbstresc,BILAN BIOLOGIQUE,float,PARTIAL,BP,V4,512,134,26.171875,False
hct_lbstresc,BILAN BIOLOGIQUE,float,PARTIAL,SZ,V0,2209,2209,,True
hct_lbstresc,BILAN BIOLOGIQUE,float,PARTIAL,SZ,V1,963,963,,True
hct_lbstresc,BILAN BIOLOGIQUE,float,PARTIAL,SZ,V2,595,595,,True
hct_lbstresc,BILAN BIOLOGIQUE,float,PARTIAL,SZ,V3,456,456,,True
hct_lbstresc,BILAN BIOLOGIQUE,float,PARTIAL,SZ,V4,198,198,,True
hct_lbstresc,BILAN BIOLOGIQUE,float,PARTIAL,DR,V0,552,139,25.181159420289855,False
hct_lbstresc,BILAN BIOLOGIQUE,float,PARTIAL,DR,V1,233,60,25.75107296137339,False
hct_lbstresc,BILAN BIOLOGIQUE,float,PARTIAL,DR,V2,135,38,28.14814814814815,False
hct_lbstresc,BILAN BIOLOGIQUE,float,PARTIAL,DR,V3,3,2,66.66666666666666,False
hct_lbstresc,BILAN BIOLOGIQUE,float,PARTIAL,DR,V4,69,12,17.391304347826086,False
neut,BILAN BIOLOGIQUE,float,READY,BP,V0,6252,1347,21.545105566218812,False
neut,BILAN BIOLOGIQUE,float,READY,BP,V1,3074,885,28.789850357839946,False
neut,BILAN BIOLOGIQUE,float,READY,BP,V2,2228,592,26.570915619389584,False
neut,BILAN BIOLOGIQUE,float,READY,BP,V3,1497,339,22.645290581162325,False
neut,BILAN BIOLOGIQUE,float,READY,BP,V4,512,121,23.6328125,False
neut,BILAN BIOLOGIQUE,float,READY,SZ,V0,2209,494,22.363060208239023,False
neut,BILAN BIOLOGIQUE,float,READY,SZ,V1,963,265,27.51817237798546,False
neut,BILAN BIOLOGIQUE,float,READY,SZ,V2,595,188,31.596638655462183,False
neut,BILAN BIOLOGIQUE,float,READY,SZ,V3,456,132,28.947368421052634,False
neut,BILAN BIOLOGIQUE,float,READY,SZ,V4,198,53,26.767676767676768,False
neut,BILAN BIOLOGIQUE,float,READY,DR,V0,552,142,25.724637681159418,False
neut,BILAN BIOLOGIQUE,float,READY,DR,V1,233,61,26.180257510729614,False
neut,BILAN BIOLOGIQUE,float,READY,DR,V2,135,38,28.14814814814815,False
neut,BILAN BIOLOGIQUE,float,READY,DR,V3,3,2,66.66666666666666,False
neut,BILAN BIOLOGIQUE,float,READY,DR,V4,69,12,17.391304347826086,False
baso_lbstresc,BILAN BIOLOGIQUE,float,PARTIAL,BP,V0,6252,1361,21.769033909149073,False
baso_lbstresc,BILAN BIOLOGIQUE,float,PARTIAL,BP,V1,3074,895,29.115159401431363,False
baso_lbstresc,BILAN BIOLOGIQUE,float,PARTIAL,BP,V2,2228,599,26.885098743267505,False
baso_lbstresc,BILAN BIOLOGIQUE,float,PARTIAL,BP,V3,1497,344,22.979291917167668,False
baso_lbstresc,BILAN BIOLOGIQUE,float,PARTIAL,BP,V4,512,123,24.0234375,False
baso_lbstresc,BILAN BIOLOGIQUE,float,PARTIAL,SZ,V0,2209,2209,,True
baso_lbstresc,BILAN BIOLOGIQUE,float,PARTIAL,SZ,V1,963,963,,True
baso_lbstresc,BILAN BIOLOGIQUE,float,PARTIAL,SZ,V2,595,595,,True
baso_lbstresc,BILAN BIOLOGIQUE,float,PARTIAL,SZ,V3,456,456,,True
baso_lbstresc,BILAN BIOLOGIQUE,float,PARTIAL,SZ,V4,198,198,,True
baso_lbstresc,BILAN BIOLOGIQUE,float,PARTIAL,DR,V0,552,142,25.724637681159418,False
baso_lbstresc,BILAN BIOLOGIQUE,float,PARTIAL,DR,V1,233,63,27.038626609442062,False
baso_lbstresc,BILAN BIOLOGIQUE,float,PARTIAL,DR,V2,135,38,28.14814814814815,False
baso_lbstresc,BILAN BIOLOGIQUE,float,PARTIAL,DR,V3,3,2,66.66666666666666,False
baso_lbstresc,BILAN BIOLOGIQUE,float,PARTIAL,DR,V4,69,12,17.391304347826086,False
eos,BILAN BIOLOGIQUE,float,READY,BP,V0,6252,1348,21.561100447856685,False
eos,BILAN BIOLOGIQUE,float,READY,BP,V1,3074,888,28.887443070917374,False
eos,BILAN BIOLOGIQUE,float,READY,BP,V2,2228,594,26.66068222621185,False
eos,BILAN BIOLOGIQUE,float,READY,BP,V3,1497,341,22.778891115564463,False
eos,BILAN BIOLOGIQUE,float,READY,BP,V4,512,122,23.828125,False
eos,BILAN BIOLOGIQUE,float,READY,SZ,V0,2209,495,22.40832956088728,False
eos,BILAN BIOLOGIQUE,float,READY,SZ,V1,963,266,27.62201453790239,False
eos,BILAN BIOLOGIQUE,float,READY,SZ,V2,595,188,31.596638655462183,False
eos,BILAN BIOLOGIQUE,float,READY,SZ,V3,456,133,29.166666666666668,False
eos,BILAN BIOLOGIQUE,float,READY,SZ,V4,198,53,26.767676767676768,False
eos,BILAN BIOLOGIQUE,float,READY,DR,V0,552,159,28.804347826086957,False
eos,BILAN BIOLOGIQUE,float,READY,DR,V1,233,64,27.467811158798284,False
eos,BILAN BIOLOGIQUE,float,READY,DR,V2,135,39,28.888888888888886,False
eos,BILAN BIOLOGIQUE,float,READY,DR,V3,3,2,66.66666666666666,False
eos,BILAN BIOLOGIQUE,float,READY,DR,V4,69,12,17.391304347826086,False
lym_lbstresc,BILAN BIOLOGIQUE,float,PARTIAL,BP,V0,6252,1348,21.561100447856685,False
lym_lbstresc,BILAN BIOLOGIQUE,float,PARTIAL,BP,V1,3074,891,28.985035783994796,False
lym_lbstresc,BILAN BIOLOGIQUE,float,PARTIAL,BP,V2,2228,595,26.705565529622984,False
lym_lbstresc,BILAN BIOLOGIQUE,float,PARTIAL,BP,V3,1497,340,22.712090848363392,False
lym_lbstresc,BILAN BIOLOGIQUE,float,PARTIAL,BP,V4,512,122,23.828125,False
lym_lbstresc,BILAN BIOLOGIQUE,float,PARTIAL,SZ,V0,2209,2209,,True
lym_lbstresc,BILAN BIOLOGIQUE,float,PARTIAL,SZ,V1,963,963,,True
lym_lbstresc,BILAN BIOLOGIQUE,float,PARTIAL,SZ,V2,595,595,,True
lym_lbstresc,BILAN BIOLOGIQUE,float,PARTIAL,SZ,V3,456,456,,True
lym_lbstresc,BILAN BIOLOGIQUE,float,PARTIAL,SZ,V4,198,198,,True
lym_lbstresc,BILAN BIOLOGIQUE,float,PARTIAL,DR,V0,552,152,27.536231884057973,False
lym_lbstresc,BILAN BIOLOGIQUE,float,PARTIAL,DR,V1,233,63,27.038626609442062,False
lym_lbstresc,BILAN BIOLOGIQUE,float,PARTIAL,DR,V2,135,39,28.888888888888886,False
lym_lbstresc,BILAN BIOLOGIQUE,float,PARTIAL,DR,V3,3,2,66.66666666666666,False
lym_lbstresc,BILAN BIOLOGIQUE,float,PARTIAL,DR,V4,69,12,17.391304347826086,False
mono_lbstresc,BILAN BIOLOGIQUE,float,PARTIAL,BP,V0,6252,1354,21.65706973768394,False
mono_lbstresc,BILAN BIOLOGIQUE,float,PARTIAL,BP,V1,3074,888,28.887443070917374,False
mono_lbstresc,BILAN BIOLOGIQUE,float,PARTIAL,BP,V2,2228,596,26.750448833034113,False
mono_lbstresc,BILAN BIOLOGIQUE,float,PARTIAL,BP,V3,1497,341,22.778891115564463,False
mono_lbstresc,BILAN BIOLOGIQUE,float,PARTIAL,BP,V4,512,121,23.6328125,False
mono_lbstresc,BILAN BIOLOGIQUE,float,PARTIAL,SZ,V0,2209,2209,,True
mono_lbstresc,BILAN BIOLOGIQUE,float,PARTIAL,SZ,V1,963,963,,True
mono_lbstresc,BILAN BIOLOGIQUE,float,PARTIAL,SZ,V2,595,595,,True
mono_lbstresc,BILAN BIOLOGIQUE,float,PARTIAL,SZ,V3,456,456,,True
mono_lbstresc,BILAN BIOLOGIQUE,float,PARTIAL,SZ,V4,198,198,,True
mono_lbstresc,BILAN BIOLOGIQUE,float,PARTIAL,DR,V0,552,147,26.6304347826087,False
mono_lbstresc,BILAN BIOLOGIQUE,float,PARTIAL,DR,V1,233,64,27.467811158798284,False
mono_lbstresc,BILAN BIOLOGIQUE,float,PARTIAL,DR,V2,135,38,28.14814814814815,False
mono_lbstresc,BILAN BIOLOGIQUE,float,PARTIAL,DR,V3,3,2,66.66666666666666,False
mono_lbstresc,BILAN BIOLOGIQUE,float,PARTIAL,DR,V4,69,12,17.391304347826086,False
mcv,BILAN BIOLOGIQUE,float,READY,BP,V0,6252,1378,22.040946896992963,False
mcv,BILAN BIOLOGIQUE,float,READY,BP,V1,3074,889,28.919973975276513,False
mcv,BILAN BIOLOGIQUE,float,READY,BP,V2,2228,614,27.55834829443447,False
mcv,BILAN BIOLOGIQUE,float,READY,BP,V3,1497,350,23.380093520374082,False
mcv,BILAN BIOLOGIQUE,float,READY,BP,V4,512,124,24.21875,False
mcv,BILAN BIOLOGIQUE,float,READY,SZ,V0,2209,474,21.45767315527388,False
mcv,BILAN BIOLOGIQUE,float,READY,SZ,V1,963,261,27.102803738317753,False
mcv,BILAN BIOLOGIQUE,float,READY,SZ,V2,595,188,31.596638655462183,False
mcv,BILAN BIOLOGIQUE,float,READY,SZ,V3,456,132,28.947368421052634,False
mcv,BILAN BIOLOGIQUE,float,READY,SZ,V4,198,54,27.27272727272727,False
mcv,BILAN BIOLOGIQUE,float,READY,DR,V0,552,132,23.91304347826087,False
mcv,BILAN BIOLOGIQUE,float,READY,DR,V1,233,59,25.321888412017167,False
mcv,BILAN BIOLOGIQUE,float,READY,DR,V2,135,38,28.14814814814815,False
mcv,BILAN BIOLOGIQUE,float,READY,DR,V3,3,2,66.66666666666666,False
mcv,BILAN BIOLOGIQUE,float,READY,DR,V4,69,12,17.391304347826086,False
mch_lbstresc,BILAN BIOLOGIQUE,float,PARTIAL,BP,V0,6252,2227,35.620601407549586,False
mch_lbstresc,BILAN BIOLOGIQUE,float,PARTIAL,BP,V1,3074,1311,42.648015614834094,False
mch_lbstresc,BILAN BIOLOGIQUE,float,PARTIAL,BP,V2,2228,947,42.50448833034111,False
mch_lbstresc,BILAN BIOLOGIQUE,float,PARTIAL,BP,V3,1497,587,39.21175684702739,False
mch_lbstresc,BILAN BIOLOGIQUE,float,PARTIAL,BP,V4,512,205,40.0390625,False
mch_lbstresc,BILAN BIOLOGIQUE,float,PARTIAL,SZ,V0,2209,2209,,True
mch_lbstresc,BILAN BIOLOGIQUE,float,PARTIAL,SZ,V1,963,963,,True
mch_lbstresc,BILAN BIOLOGIQUE,float,PARTIAL,SZ,V2,595,595,,True
mch_lbstresc,BILAN BIOLOGIQUE,float,PARTIAL,SZ,V3,456,456,,True
mch_lbstresc,BILAN BIOLOGIQUE,float,PARTIAL,SZ,V4,198,198,,True
mch_lbstresc,BILAN BIOLOGIQUE,float,PARTIAL,DR,V0,552,165,29.891304347826086,False
mch_lbstresc,BILAN BIOLOGIQUE,float,PARTIAL,DR,V1,233,76,32.61802575107296,False
mch_lbstresc,BILAN BIOLOGIQUE,float,PARTIAL,DR,V2,135,46,34.074074074074076,False
mch_lbstresc,BILAN BIOLOGIQUE,float,PARTIAL,DR,V3,3,2,66.66666666666666,False
mch_lbstresc,BILAN BIOLOGIQUE,float,PARTIAL,DR,V4,69,14,20.28985507246377,False
mchc_lbstresc,BILAN BIOLOGIQUE,float,PARTIAL,BP,V0,6252,2361,37.76391554702495,False
mchc_lbstresc,BILAN BIOLOGIQUE,float,PARTIAL,BP,V1,3074,1430,46.51919323357189,False
mchc_lbstresc,BILAN BIOLOGIQUE,float,PARTIAL,BP,V2,2228,1058,47.48653500897666,False
mchc_lbstresc,BILAN BIOLOGIQUE,float,PARTIAL,BP,V3,1497,682,45.557782231128925,False
mchc_lbstresc,BILAN BIOLOGIQUE,float,PARTIAL,BP,V4,512,222,43.359375,False
mchc_lbstresc,BILAN BIOLOGIQUE,float,PARTIAL,SZ,V0,2209,2209,,True
mchc_lbstresc,BILAN BIOLOGIQUE,float,PARTIAL,SZ,V1,963,963,,True
mchc_lbstresc,BILAN BIOLOGIQUE,float,PARTIAL,SZ,V2,595,595,,True
mchc_lbstresc,BILAN BIOLOGIQUE,float,PARTIAL,SZ,V3,456,456,,True
mchc_lbstresc,BILAN BIOLOGIQUE,float,PARTIAL,SZ,V4,198,198,,True
mchc_lbstresc,BILAN BIOLOGIQUE,float,PARTIAL,DR,V0,552,158,28.6231884057971,False
mchc_lbstresc,BILAN BIOLOGIQUE,float,PARTIAL,DR,V1,233,77,33.047210300429185,False
mchc_lbstresc,BILAN BIOLOGIQUE,float,PARTIAL,DR,V2,135,47,34.81481481481482,False
mchc_lbstresc,BILAN BIOLOGIQUE,float,PARTIAL,DR,V3,3,2,66.66666666666666,False
mchc_lbstresc,BILAN BIOLOGIQUE,float,PARTIAL,DR,V4,69,14,20.28985507246377,False
plat,BILAN BIOLOGIQUE,float,READY,BP,V0,6252,1293,20.68138195777351,False
plat,BILAN BIOLOGIQUE,float,READY,BP,V1,3074,868,28.23682498373455,False
plat,BILAN BIOLOGIQUE,float,READY,BP,V2,2228,588,26.391382405745063,False
plat,BILAN BIOLOGIQUE,float,READY,BP,V3,1497,328,21.910487641950567,False
plat,BILAN BIOLOGIQUE,float,READY,BP,V4,512,126,24.609375,False
plat,BILAN BIOLOGIQUE,float,READY,SZ,V0,2209,497,22.498868266183795,False
plat,BILAN BIOLOGIQUE,float,READY,SZ,V1,963,266,27.62201453790239,False
plat,BILAN BIOLOGIQUE,float,READY,SZ,V2,595,189,31.76470588235294,False
plat,BILAN BIOLOGIQUE,float,READY,SZ,V3,456,133,29.166666666666668,False
plat,BILAN BIOLOGIQUE,float,READY,SZ,V4,198,53,26.767676767676768,False
plat,BILAN BIOLOGIQUE,float,READY,DR,V0,552,133,24.094202898550723,False
plat,BILAN BIOLOGIQUE,float,READY,DR,V1,233,58,24.892703862660944,False
plat,BILAN BIOLOGIQUE,float,READY,DR,V2,135,38,28.14814814814815,False
plat,BILAN BIOLOGIQUE,float,READY,DR,V3,3,2,66.66666666666666,False
plat,BILAN BIOLOGIQUE,float,READY,DR,V4,69,12,17.391304347826086,False
hcg_lbstresc,BILAN BIOLOGIQUE,string,PARTIAL,BP,V0,6252,4880,78.05502239283429,False
hcg_lbstresc,BILAN BIOLOGIQUE,string,PARTIAL,BP,V1,3074,2479,80.644111906311,False
hcg_lbstresc,BILAN BIOLOGIQUE,string,PARTIAL,BP,V2,2228,1806,81.0592459605027,False
hcg_lbstresc,BILAN BIOLOGIQUE,string,PARTIAL,BP,V3,1497,1196,79.89311957247828,False
hcg_lbstresc,BILAN BIOLOGIQUE,string,PARTIAL,BP,V4,512,414,80.859375,False
hcg_lbstresc,BILAN BIOLOGIQUE,string,PARTIAL,SZ,V0,2209,2209,,True
hcg_lbstresc,BILAN BIOLOGIQUE,string,PARTIAL,SZ,V1,963,963,,True
hcg_lbstresc,BILAN BIOLOGIQUE,string,PARTIAL,SZ,V2,595,595,,True
hcg_lbstresc,BILAN BIOLOGIQUE,string,PARTIAL,SZ,V3,456,456,,True
hcg_lbstresc,BILAN BIOLOGIQUE,string,PARTIAL,SZ,V4,198,198,,True
hcg_lbstresc,BILAN BIOLOGIQUE,string,PARTIAL,DR,V0,552,454,82.2463768115942,False
hcg_lbstresc,BILAN BIOLOGIQUE,string,PARTIAL,DR,V1,233,188,80.68669527896995,False
hcg_lbstresc,BILAN BIOLOGIQUE,string,PARTIAL,DR,V2,135,106,78.51851851851852,False
hcg_lbstresc,BILAN BIOLOGIQUE,string,PARTIAL,DR,V3,3,3,100.0,False
hcg_lbstresc,BILAN BIOLOGIQUE,string,PARTIAL,DR,V4,69,52,75.36231884057972,False
prolctn,BILAN BIOLOGIQUE,float,READY,BP,V0,6252,3973,63.547664747280876,False
prolctn,BILAN BIOLOGIQUE,float,READY,BP,V1,3074,2008,65.3220559531555,False
prolctn,BILAN BIOLOGIQUE,float,READY,BP,V2,2228,1449,65.0359066427289,False
prolctn,BILAN BIOLOGIQUE,float,READY,BP,V3,1497,901,60.18704074816299,False
prolctn,BILAN BIOLOGIQUE,float,READY,BP,V4,512,286,55.859375,False
prolctn,BILAN BIOLOGIQUE,float,READY,SZ,V0,2209,765,34.6310547759167,False
prolctn,BILAN BIOLOGIQUE,float,READY,SZ,V1,963,338,35.098650051921084,False
prolctn,BILAN BIOLOGIQUE,float,READY,SZ,V2,595,218,36.63865546218487,False
prolctn,BILAN BIOLOGIQUE,float,READY,SZ,V3,456,156,34.21052631578947,False
prolctn,BILAN BIOLOGIQUE,float,READY,SZ,V4,198,57,28.78787878787879,False
prolctn,BILAN BIOLOGIQUE,float,READY,DR,V0,552,304,55.072463768115945,False
prolctn,BILAN BIOLOGIQUE,float,READY,DR,V1,233,145,62.231759656652365,False
prolctn,BILAN BIOLOGIQUE,float,READY,DR,V2,135,86,63.70370370370371,False
prolctn,BILAN BIOLOGIQUE,float,READY,DR,V3,3,3,100.0,False
prolctn,BILAN BIOLOGIQUE,float,READY,DR,V4,69,34,49.275362318840585,False
vitd,BILAN BIOLOGIQUE,float,PARTIAL,BP,V0,6252,6252,,True
vitd,BILAN BIOLOGIQUE,float,PARTIAL,BP,V1,3074,3074,,True
vitd,BILAN BIOLOGIQUE,float,PARTIAL,BP,V2,2228,2228,,True
vitd,BILAN BIOLOGIQUE,float,PARTIAL,BP,V3,1497,1497,,True
vitd,BILAN BIOLOGIQUE,float,PARTIAL,BP,V4,512,512,,True
vitd,BILAN BIOLOGIQUE,float,PARTIAL,SZ,V0,2209,1097,49.66047985513807,False
vitd,BILAN BIOLOGIQUE,float,PARTIAL,SZ,V1,963,452,46.93665628245067,False
vitd,BILAN BIOLOGIQUE,float,PARTIAL,SZ,V2,595,264,44.36974789915966,False
vitd,BILAN BIOLOGIQUE,float,PARTIAL,SZ,V3,456,181,39.69298245614035,False
vitd,BILAN BIOLOGIQUE,float,PARTIAL,SZ,V4,198,66,33.33333333333333,False
vitd,BILAN BIOLOGIQUE,float,PARTIAL,DR,V0,552,191,34.60144927536232,False
vitd,BILAN BIOLOGIQUE,float,PARTIAL,DR,V1,233,75,32.18884120171674,False
vitd,BILAN BIOLOGIQUE,float,PARTIAL,DR,V2,135,40,29.629629629629626,False
vitd,BILAN BIOLOGIQUE,float,PARTIAL,DR,V3,3,2,66.66666666666666,False
vitd,BILAN BIOLOGIQUE,float,PARTIAL,DR,V4,69,16,23.18840579710145,False
clozapin,BILAN BIOLOGIQUE,string,PARTIAL,BP,V0,6252,6221,99.50415866922584,False
clozapin,BILAN BIOLOGIQUE,string,PARTIAL,BP,V1,3074,3065,99.70722186076773,False
clozapin,BILAN BIOLOGIQUE,string,PARTIAL,BP,V2,2228,2223,99.77558348294434,False
clozapin,BILAN BIOLOGIQUE,string,PARTIAL,BP,V3,1497,1493,99.73279893119572,False
clozapin,BILAN BIOLOGIQUE,string,PARTIAL,BP,V4,512,510,99.609375,False
clozapin,BILAN BIOLOGIQUE,string,PARTIAL,SZ,V0,2209,2007,90.85559076505206,False
clozapin,BILAN BIOLOGIQUE,string,PARTIAL,SZ,V1,963,835,86.70820353063343,False
clozapin,BILAN BIOLOGIQUE,string,PARTIAL,SZ,V2,595,521,87.56302521008404,False
clozapin,BILAN BIOLOGIQUE,string,PARTIAL,SZ,V3,456,384,84.21052631578947,False
clozapin,BILAN BIOLOGIQUE,string,PARTIAL,SZ,V4,198,157,79.29292929292929,False
clozapin,BILAN BIOLOGIQUE,string,PARTIAL,DR,V0,552,552,,True
clozapin,BILAN BIOLOGIQUE,string,PARTIAL,DR,V1,233,233,,True
clozapin,BILAN BIOLOGIQUE,string,PARTIAL,DR,V2,135,135,,True
clozapin,BILAN BIOLOGIQUE,string,PARTIAL,DR,V3,3,3,,True
clozapin,BILAN BIOLOGIQUE,string,PARTIAL,DR,V4,69,69,,True
oxcarbaz,BILAN BIOLOGIQUE,float,PARTIAL,BP,V0,6252,6237,99.76007677543186,False
oxcarbaz,BILAN BIOLOGIQUE,float,PARTIAL,BP,V1,3074,3069,99.8373454782043,False
oxcarbaz,BILAN BIOLOGIQUE,float,PARTIAL,BP,V2,2228,2222,99.73070017953322,False
oxcarbaz,BILAN BIOLOGIQUE,float,PARTIAL,BP,V3,1497,1497,100.0,False
oxcarbaz,BILAN BIOLOGIQUE,float,PARTIAL,BP,V4,512,512,100.0,False
oxcarbaz,BILAN BIOLOGIQUE,float,PARTIAL,SZ,V0,2209,2209,,True
oxcarbaz,BILAN BIOLOGIQUE,float,PARTIAL,SZ,V1,963,963,,True
oxcarbaz,BILAN BIOLOGIQUE,float,PARTIAL,SZ,V2,595,595,,True
oxcarbaz,BILAN BIOLOGIQUE,float,PARTIAL,SZ,V3,456,456,,True
oxcarbaz,BILAN BIOLOGIQUE,float,PARTIAL,SZ,V4,198,198,,True
oxcarbaz,BILAN BIOLOGIQUE,float,PARTIAL,DR,V0,552,540,97.82608695652173,False
oxcarbaz,BILAN BIOLOGIQUE,float,PARTIAL,DR,V1,233,233,100.0,False
oxcarbaz,BILAN BIOLOGIQUE,float,PARTIAL,DR,V2,135,134,99.25925925925925,False
oxcarbaz,BILAN BIOLOGIQUE,float,PARTIAL,DR,V3,3,3,100.0,False
oxcarbaz,BILAN BIOLOGIQUE,float,PARTIAL,DR,V4,69,69,100.0,False
agemere,PERINATALITE,float,READY,BP,V0,6252,1911,30.566218809980803,False
agemere,PERINATALITE,float,READY,BP,V1,3074,2927,95.21795705920624,False
agemere,PERINATALITE,float,READY,BP,V2,2228,2115,94.92818671454219,False
agemere,PERINATALITE,float,READY,BP,V3,1497,1445,96.52638610554443,False
agemere,PERINATALITE,float,READY,BP,V4,512,498,97.265625,False
agemere,PERINATALITE,float,READY,SZ,V0,2209,808,36.577636939791766,False
agemere,PERINATALITE,float,READY,SZ,V1,963,939,97.50778816199377,False
agemere,PERINATALITE,float,READY,SZ,V2,595,572,96.1344537815126,False
agemere,PERINATALITE,float,READY,SZ,V3,456,445,97.58771929824562,False
agemere,PERINATALITE,float,READY,SZ,V4,198,195,98.48484848484848,False
agemere,PERINATALITE,float,READY,DR,V0,552,130,23.55072463768116,False
agemere,PERINATALITE,float,READY,DR,V1,233,233,100.0,False
agemere,PERINATALITE,float,READY,DR,V2,135,135,100.0,False
agemere,PERINATALITE,float,READY,DR,V3,3,3,100.0,False
agemere,PERINATALITE,float,READY,DR,V4,69,69,100.0,False
agepere,PERINATALITE,float,READY,BP,V0,6252,2009,32.13371721049264,False
agepere,PERINATALITE,float,READY,BP,V1,3074,2927,95.21795705920624,False
agepere,PERINATALITE,float,READY,BP,V2,2228,2116,94.97307001795332,False
agepere,PERINATALITE,float,READY,BP,V3,1497,1445,96.52638610554443,False
agepere,PERINATALITE,float,READY,BP,V4,512,498,97.265625,False
agepere,PERINATALITE,float,READY,SZ,V0,2209,869,39.339067451335445,False
agepere,PERINATALITE,float,READY,SZ,V1,963,940,97.6116303219107,False
agepere,PERINATALITE,float,READY,SZ,V2,595,576,96.80672268907563,False
agepere,PERINATALITE,float,READY,SZ,V3,456,446,97.80701754385966,False
agepere,PERINATALITE,float,READY,SZ,V4,198,195,98.48484848484848,False
agepere,PERINATALITE,float,READY,DR,V0,552,134,24.27536231884058,False
agepere,PERINATALITE,float,READY,DR,V1,233,233,100.0,False
agepere,PERINATALITE,float,READY,DR,V2,135,135,100.0,False
agepere,PERINATALITE,float,READY,DR,V3,3,3,100.0,False
agepere,PERINATALITE,float,READY,DR,V4,69,69,100.0,False
prembrth,PERINATALITE,int8 categorical,READY,BP,V0,6252,1705,27.271273192578377,False
prembrth,PERINATALITE,int8 categorical,READY,BP,V1,3074,2920,94.99024072869226,False
prembrth,PERINATALITE,int8 categorical,READY,BP,V2,2228,2108,94.61400359066428,False
prembrth,PERINATALITE,int8 categorical,READY,BP,V3,1497,1442,96.32598530394122,False
prembrth,PERINATALITE,int8 categorical,READY,BP,V4,512,494,96.484375,False
prembrth,PERINATALITE,int8 categorical,READY,SZ,V0,2209,665,30.104119511090992,False
prembrth,PERINATALITE,int8 categorical,READY,SZ,V1,963,938,97.40394600207685,False
prembrth,PERINATALITE,int8 categorical,READY,SZ,V2,595,574,96.47058823529412,False
prembrth,PERINATALITE,int8 categorical,READY,SZ,V3,456,445,97.58771929824562,False
prembrth,PERINATALITE,int8 categorical,READY,SZ,V4,198,195,98.48484848484848,False
prembrth,PERINATALITE,int8 categorical,READY,DR,V0,552,126,22.82608695652174,False
prembrth,PERINATALITE,int8 categorical,READY,DR,V1,233,233,100.0,False
prembrth,PERINATALITE,int8 categorical,READY,DR,V2,135,135,100.0,False
prembrth,PERINATALITE,int8 categorical,READY,DR,V3,3,3,100.0,False
prembrth,PERINATALITE,int8 categorical,READY,DR,V4,69,69,100.0,False
gstabrth,PERINATALITE,float,READY,BP,V0,6252,5140,82.21369161868202,False
gstabrth,PERINATALITE,float,READY,BP,V1,3074,3034,98.69876382563434,False
gstabrth,PERINATALITE,float,READY,BP,V2,2228,2212,99.2818671454219,False
gstabrth,PERINATALITE,float,READY,BP,V3,1497,1488,99.39879759519037,False
gstabrth,PERINATALITE,float,READY,BP,V4,512,509,99.4140625,False
gstabrth,PERINATALITE,float,READY,SZ,V0,2209,1460,66.09325486645541,False
gstabrth,PERINATALITE,float,READY,SZ,V1,963,956,99.27310488058151,False
gstabrth,PERINATALITE,float,READY,SZ,V2,595,588,98.82352941176471,False
gstabrth,PERINATALITE,float,READY,SZ,V3,456,453,99.3421052631579,False
gstabrth,PERINATALITE,float,READY,SZ,V4,198,198,100.0,False
gstabrth,PERINATALITE,float,READY,DR,V0,552,472,85.5072463768116,False
gstabrth,PERINATALITE,float,READY,DR,V1,233,233,100.0,False
gstabrth,PERINATALITE,float,READY,DR,V2,135,135,100.0,False
gstabrth,PERINATALITE,float,READY,DR,V3,3,3,100.0,False
gstabrth,PERINATALITE,float,READY,DR,V4,69,69,100.0,False
naisstyp,PERINATALITE,int8 binary,READY,BP,V0,6252,1930,30.87012156110045,False
naisstyp,PERINATALITE,int8 binary,READY,BP,V1,3074,2926,95.18542615484711,False
naisstyp,PERINATALITE,int8 binary,READY,BP,V2,2228,2118,95.06283662477558,False
naisstyp,PERINATALITE,int8 binary,READY,BP,V3,1497,1442,96.32598530394122,False
naisstyp,PERINATALITE,int8 binary,READY,BP,V4,512,495,96.6796875,False
naisstyp,PERINATALITE,int8 binary,READY,SZ,V0,2209,599,27.116342236306025,False
naisstyp,PERINATALITE,int8 binary,READY,SZ,V1,963,816,84.73520249221184,False
naisstyp,PERINATALITE,int8 binary,READY,SZ,V2,595,529,88.90756302521008,False
naisstyp,PERINATALITE,int8 binary,READY,SZ,V3,456,411,90.13157894736842,False
naisstyp,PERINATALITE,int8 binary,READY,SZ,V4,198,193,97.47474747474747,False
naisstyp,PERINATALITE,int8 binary,READY,DR,V0,552,139,25.181159420289855,False
naisstyp,PERINATALITE,int8 binary,READY,DR,V1,233,233,100.0,False
naisstyp,PERINATALITE,int8 binary,READY,DR,V2,135,135,100.0,False
naisstyp,PERINATALITE,int8 binary,READY,DR,V3,3,3,100.0,False
naisstyp,PERINATALITE,int8 binary,READY,DR,V4,69,69,100.0,False
honeonat,PERINATALITE,int8 binary,READY,BP,V0,6252,2175,34.78886756238004,False
honeonat,PERINATALITE,int8 binary,READY,BP,V1,3074,2940,95.64085881587509,False
honeonat,PERINATALITE,int8 binary,READY,BP,V2,2228,2120,95.15260323159784,False
honeonat,PERINATALITE,int8 binary,READY,BP,V3,1497,1449,96.79358717434869,False
honeonat,PERINATALITE,int8 binary,READY,BP,V4,512,498,97.265625,False
honeonat,PERINATALITE,int8 binary,READY,SZ,V0,2209,824,37.30194658216387,False
honeonat,PERINATALITE,int8 binary,READY,SZ,V1,963,937,97.30010384215991,False
honeonat,PERINATALITE,int8 binary,READY,SZ,V2,595,579,97.3109243697479,False
honeonat,PERINATALITE,int8 binary,READY,SZ,V3,456,446,97.80701754385966,False
honeonat,PERINATALITE,int8 binary,READY,SZ,V4,198,197,99.4949494949495,False
honeonat,PERINATALITE,int8 binary,READY,DR,V0,552,161,29.166666666666668,False
honeonat,PERINATALITE,int8 binary,READY,DR,V1,233,233,100.0,False
honeonat,PERINATALITE,int8 binary,READY,DR,V2,135,135,100.0,False
honeonat,PERINATALITE,int8 binary,READY,DR,V3,3,3,100.0,False
honeonat,PERINATALITE,int8 binary,READY,DR,V4,69,69,100.0,False
brthht,PERINATALITE,float,PARTIAL,BP,V0,6252,4950,79.1746641074856,False
brthht,PERINATALITE,float,PARTIAL,BP,V1,3074,3035,98.7312947299935,False
brthht,PERINATALITE,float,PARTIAL,BP,V2,2228,2196,98.56373429084381,False
brthht,PERINATALITE,float,PARTIAL,BP,V3,1497,1484,99.1315965263861,False
brthht,PERINATALITE,float,PARTIAL,BP,V4,512,509,99.4140625,False
brthht,PERINATALITE,float,PARTIAL,SZ,V0,2209,2209,,True
brthht,PERINATALITE,float,PARTIAL,SZ,V1,963,963,,True
brthht,PERINATALITE,float,PARTIAL,SZ,V2,595,595,,True
brthht,PERINATALITE,float,PARTIAL,SZ,V3,456,456,,True
brthht,PERINATALITE,float,PARTIAL,SZ,V4,198,198,,True
brthht,PERINATALITE,float,PARTIAL,DR,V0,552,481,87.13768115942028,False
brthht,PERINATALITE,float,PARTIAL,DR,V1,233,233,100.0,False
brthht,PERINATALITE,float,PARTIAL,DR,V2,135,135,100.0,False
brthht,PERINATALITE,float,PARTIAL,DR,V3,3,3,100.0,False
brthht,PERINATALITE,float,PARTIAL,DR,V4,69,69,100.0,False
brthcirc,PERINATALITE,float,PARTIAL,BP,V0,6252,5557,88.88355726167626,False
brthcirc,PERINATALITE,float,PARTIAL,BP,V1,3074,3058,99.47950553025375,False
brthcirc,PERINATALITE,float,PARTIAL,BP,V2,2228,2213,99.32675044883304,False
brthcirc,PERINATALITE,float,PARTIAL,BP,V3,1497,1492,99.66599866399466,False
brthcirc,PERINATALITE,float,PARTIAL,BP,V4,512,511,99.8046875,False
brthcirc,PERINATALITE,float,PARTIAL,SZ,V0,2209,2209,,True
brthcirc,PERINATALITE,float,PARTIAL,SZ,V1,963,963,,True
brthcirc,PERINATALITE,float,PARTIAL,SZ,V2,595,595,,True
brthcirc,PERINATALITE,float,PARTIAL,SZ,V3,456,456,,True
brthcirc,PERINATALITE,float,PARTIAL,SZ,V4,198,198,,True
brthcirc,PERINATALITE,float,PARTIAL,DR,V0,552,524,94.92753623188406,False
brthcirc,PERINATALITE,float,PARTIAL,DR,V1,233,233,100.0,False
brthcirc,PERINATALITE,float,PARTIAL,DR,V2,135,135,100.0,False
brthcirc,PERINATALITE,float,PARTIAL,DR,V3,3,3,100.0,False
brthcirc,PERINATALITE,float,PARTIAL,DR,V4,69,69,100.0,False
apgr0106_1min,PERINATALITE,float,PARTIAL,BP,V0,6252,5350,85.57261676263596,False
apgr0106_1min,PERINATALITE,float,PARTIAL,BP,V1,3074,3050,99.21925829538061,False
apgr0106_1min,PERINATALITE,float,PARTIAL,BP,V2,2228,2213,99.32675044883304,False
apgr0106_1min,PERINATALITE,float,PARTIAL,BP,V3,1497,1489,99.46559786239145,False
apgr0106_1min,PERINATALITE,float,PARTIAL,BP,V4,512,511,99.8046875,False
apgr0106_1min,PERINATALITE,float,PARTIAL,SZ,V0,2209,2209,,True
apgr0106_1min,PERINATALITE,float,PARTIAL,SZ,V1,963,963,,True
apgr0106_1min,PERINATALITE,float,PARTIAL,SZ,V2,595,595,,True
apgr0106_1min,PERINATALITE,float,PARTIAL,SZ,V3,456,456,,True
apgr0106_1min,PERINATALITE,float,PARTIAL,SZ,V4,198,198,,True
apgr0106_1min,PERINATALITE,float,PARTIAL,DR,V0,552,514,93.11594202898551,False
apgr0106_1min,PERINATALITE,float,PARTIAL,DR,V1,233,233,100.0,False
apgr0106_1min,PERINATALITE,float,PARTIAL,DR,V2,135,135,100.0,False
apgr0106_1min,PERINATALITE,float,PARTIAL,DR,V3,3,3,100.0,False
apgr0106_1min,PERINATALITE,float,PARTIAL,DR,V4,69,69,100.0,False
apgr0106_5min,PERINATALITE,int8 categorical,PARTIAL,BP,V0,6252,5408,86.50031989763276,False
apgr0106_5min,PERINATALITE,int8 categorical,PARTIAL,BP,V1,3074,3052,99.2843201040989,False
apgr0106_5min,PERINATALITE,int8 categorical,PARTIAL,BP,V2,2228,2214,99.37163375224416,False
apgr0106_5min,PERINATALITE,int8 categorical,PARTIAL,BP,V3,1497,1491,99.59919839679358,False
apgr0106_5min,PERINATALITE,int8 categorical,PARTIAL,BP,V4,512,511,99.8046875,False
apgr0106_5min,PERINATALITE,int8 categorical,PARTIAL,SZ,V0,2209,2209,,True
apgr0106_5min,PERINATALITE,int8 categorical,PARTIAL,SZ,V1,963,963,,True
apgr0106_5min,PERINATALITE,int8 categorical,PARTIAL,SZ,V2,595,595,,True
apgr0106_5min,PERINATALITE,int8 categorical,PARTIAL,SZ,V3,456,456,,True
apgr0106_5min,PERINATALITE,int8 categorical,PARTIAL,SZ,V4,198,198,,True
apgr0106_5min,PERINATALITE,int8 categorical,PARTIAL,DR,V0,552,512,92.7536231884058,False
apgr0106_5min,PERINATALITE,int8 categorical,PARTIAL,DR,V1,233,233,100.0,False
apgr0106_5min,PERINATALITE,int8 categorical,PARTIAL,DR,V2,135,135,100.0,False
apgr0106_5min,PERINATALITE,int8 categorical,PARTIAL,DR,V3,3,3,100.0,False
apgr0106_5min,PERINATALITE,int8 categorical,PARTIAL,DR,V4,69,69,100.0,False
isf01,SUICIDE,int8 binary,READY,BP,V0,6252,573,9.165067178502879,False
isf01,SUICIDE,int8 binary,READY,BP,V1,3074,621,20.201691607026675,False
isf01,SUICIDE,int8 binary,READY,BP,V2,2228,551,24.730700179533212,False
isf01,SUICIDE,int8 binary,READY,BP,V3,1497,391,26.118904475617903,False
isf01,SUICIDE,int8 binary,READY,BP,V4,512,155,30.2734375,False
isf01,SUICIDE,int8 binary,READY,SZ,V0,2209,121,5.4775916704391125,False
isf01,SUICIDE,int8 binary,READY,SZ,V1,963,80,8.307372793354102,False
isf01,SUICIDE,int8 binary,READY,SZ,V2,595,53,8.907563025210084,False
isf01,SUICIDE,int8 binary,READY,SZ,V3,456,49,10.74561403508772,False
isf01,SUICIDE,int8 binary,READY,SZ,V4,198,15,7.575757575757576,False
isf01,SUICIDE,int8 binary,READY,DR,V0,552,145,26.268115942028984,False
isf01,SUICIDE,int8 binary,READY,DR,V1,233,233,100.0,False
isf01,SUICIDE,int8 binary,READY,DR,V2,135,42,31.11111111111111,False
isf01,SUICIDE,int8 binary,READY,DR,V3,3,2,66.66666666666666,False
isf01,SUICIDE,int8 binary,READY,DR,V4,69,27,39.130434782608695,False
isf01a,SUICIDE,int8 categorical,READY,BP,V0,6252,1596,25.5278310940499,False
isf01a,SUICIDE,int8 categorical,READY,BP,V1,3074,2149,69.9089134677944,False
isf01a,SUICIDE,int8 categorical,READY,BP,V2,2228,1645,73.8330341113106,False
isf01a,SUICIDE,int8 categorical,READY,BP,V3,1497,1134,75.75150300601202,False
isf01a,SUICIDE,int8 categorical,READY,BP,V4,512,388,75.78125,False
isf01a,SUICIDE,int8 categorical,READY,SZ,V0,2209,926,41.9194205522861,False
isf01a,SUICIDE,int8 categorical,READY,SZ,V1,963,678,70.40498442367601,False
isf01a,SUICIDE,int8 categorical,READY,SZ,V2,595,439,73.78151260504202,False
isf01a,SUICIDE,int8 categorical,READY,SZ,V3,456,326,71.49122807017544,False
isf01a,SUICIDE,int8 categorical,READY,SZ,V4,198,153,77.27272727272727,False
isf01a,SUICIDE,int8 categorical,READY,DR,V0,552,200,36.231884057971016,False
isf01a,SUICIDE,int8 categorical,READY,DR,V1,233,233,100.0,False
isf01a,SUICIDE,int8 categorical,READY,DR,V2,135,79,58.51851851851851,False
isf01a,SUICIDE,int8 categorical,READY,DR,V3,3,2,66.66666666666666,False
isf01a,SUICIDE,int8 categorical,READY,DR,V4,69,38,55.072463768115945,False
isf02,SUICIDE,int8 binary,READY,BP,V0,6252,583,9.325015994881637,False
isf02,SUICIDE,int8 binary,READY,BP,V1,3074,623,20.266753415744958,False
isf02,SUICIDE,int8 binary,READY,BP,V2,2228,553,24.820466786355475,False
isf02,SUICIDE,int8 binary,READY,BP,V3,1497,390,26.052104208416832,False
isf02,SUICIDE,int8 binary,READY,BP,V4,512,153,29.8828125,False
isf02,SUICIDE,int8 binary,READY,SZ,V0,2209,123,5.568130375735627,False
isf02,SUICIDE,int8 binary,READY,SZ,V1,963,81,8.411214953271028,False
isf02,SUICIDE,int8 binary,READY,SZ,V2,595,55,9.243697478991598,False
isf02,SUICIDE,int8 binary,READY,SZ,V3,456,50,10.964912280701753,False
isf02,SUICIDE,int8 binary,READY,SZ,V4,198,15,7.575757575757576,False
isf02,SUICIDE,int8 binary,READY,DR,V0,552,145,26.268115942028984,False
isf02,SUICIDE,int8 binary,READY,DR,V1,233,233,100.0,False
isf02,SUICIDE,int8 binary,READY,DR,V2,135,42,31.11111111111111,False
isf02,SUICIDE,int8 binary,READY,DR,V3,3,2,66.66666666666666,False
isf02,SUICIDE,int8 binary,READY,DR,V4,69,27,39.130434782608695,False
isf02a,SUICIDE,int8 categorical,READY,BP,V0,6252,2059,32.93346129238643,False
isf02a,SUICIDE,int8 categorical,READY,BP,V1,3074,2373,77.19583604424203,False
isf02a,SUICIDE,int8 categorical,READY,BP,V2,2228,1796,80.61041292639139,False
isf02a,SUICIDE,int8 categorical,READY,BP,V3,1497,1229,82.09752839011357,False
isf02a,SUICIDE,int8 categorical,READY,BP,V4,512,420,82.03125,False
isf02a,SUICIDE,int8 categorical,READY,SZ,V0,2209,1078,48.80036215482119,False
isf02a,SUICIDE,int8 categorical,READY,SZ,V1,963,751,77.98546209761163,False
isf02a,SUICIDE,int8 categorical,READY,SZ,V2,595,484,81.34453781512605,False
isf02a,SUICIDE,int8 categorical,READY,SZ,V3,456,362,79.3859649122807,False
isf02a,SUICIDE,int8 categorical,READY,SZ,V4,198,159,80.3030303030303,False
isf02a,SUICIDE,int8 categorical,READY,DR,V0,552,237,42.934782608695656,False
isf02a,SUICIDE,int8 categorical,READY,DR,V1,233,233,100.0,False
isf02a,SUICIDE,int8 categorical,READY,DR,V2,135,81,60.0,False
isf02a,SUICIDE,int8 categorical,READY,DR,V3,3,2,66.66666666666666,False
isf02a,SUICIDE,int8 categorical,READY,DR,V4,69,40,57.971014492753625,False
isf03,SUICIDE,int8 binary,READY,BP,V0,6252,588,9.404990403071018,False
isf03,SUICIDE,int8 binary,READY,BP,V1,3074,633,20.59206245933637,False
isf03,SUICIDE,int8 binary,READY,BP,V2,2228,556,24.95511669658887,False
isf03,SUICIDE,int8 binary,READY,BP,V3,1497,392,26.18570474281897,False
isf03,SUICIDE,int8 binary,READY,BP,V4,512,153,29.8828125,False
isf03,SUICIDE,int8 binary,READY,SZ,V0,2209,123,5.568130375735627,False
isf03,SUICIDE,int8 binary,READY,SZ,V1,963,88,9.138110072689512,False
isf03,SUICIDE,int8 binary,READY,SZ,V2,595,54,9.07563025210084,False
isf03,SUICIDE,int8 binary,READY,SZ,V3,456,48,10.526315789473683,False
isf03,SUICIDE,int8 binary,READY,SZ,V4,198,16,8.080808080808081,False
isf03,SUICIDE,int8 binary,READY,DR,V0,552,145,26.268115942028984,False
isf03,SUICIDE,int8 binary,READY,DR,V1,233,233,100.0,False
isf03,SUICIDE,int8 binary,READY,DR,V2,135,42,31.11111111111111,False
isf03,SUICIDE,int8 binary,READY,DR,V3,3,2,66.66666666666666,False
isf03,SUICIDE,int8 binary,READY,DR,V4,69,27,39.130434782608695,False
isf03a,SUICIDE,int8 categorical,READY,BP,V0,6252,2198,35.156749840051184,False
isf03a,SUICIDE,int8 categorical,READY,BP,V1,3074,2516,81.84775536759922,False
isf03a,SUICIDE,int8 categorical,READY,BP,V2,2228,1890,84.8294434470377,False
isf03a,SUICIDE,int8 categorical,READY,BP,V3,1497,1276,85.23714094856379,False
isf03a,SUICIDE,int8 categorical,READY,BP,V4,512,437,85.3515625,False
isf03a,SUICIDE,int8 categorical,READY,SZ,V0,2209,1030,46.62743322770485,False
isf03a,SUICIDE,int8 categorical,READY,SZ,V1,963,781,81.10072689511942,False
isf03a,SUICIDE,int8 categorical,READY,SZ,V2,595,496,83.36134453781513,False
isf03a,SUICIDE,int8 categorical,READY,SZ,V3,456,372,81.57894736842105,False
isf03a,SUICIDE,int8 categorical,READY,SZ,V4,198,171,86.36363636363636,False
isf03a,SUICIDE,int8 categorical,READY,DR,V0,552,236,42.7536231884058,False
isf03a,SUICIDE,int8 categorical,READY,DR,V1,233,233,100.0,False
isf03a,SUICIDE,int8 categorical,READY,DR,V2,135,87,64.44444444444444,False
isf03a,SUICIDE,int8 categorical,READY,DR,V3,3,2,66.66666666666666,False
isf03a,SUICIDE,int8 categorical,READY,DR,V4,69,45,65.21739130434783,False
isf04,SUICIDE,int8 binary,READY,BP,V0,6252,596,9.532949456174023,False
isf04,SUICIDE,int8 binary,READY,BP,V1,3074,628,20.429407937540663,False
isf04,SUICIDE,int8 binary,READY,BP,V2,2228,561,25.179533213644522,False
isf04,SUICIDE,int8 binary,READY,BP,V3,1497,395,26.38610554442218,False
isf04,SUICIDE,int8 binary,READY,BP,V4,512,153,29.8828125,False
isf04,SUICIDE,int8 binary,READY,SZ,V0,2209,124,5.613399728383884,False
isf04,SUICIDE,int8 binary,READY,SZ,V1,963,89,9.241952232606438,False
isf04,SUICIDE,int8 binary,READY,SZ,V2,595,55,9.243697478991598,False
isf04,SUICIDE,int8 binary,READY,SZ,V3,456,51,11.18421052631579,False
isf04,SUICIDE,int8 binary,READY,SZ,V4,198,15,7.575757575757576,False
isf04,SUICIDE,int8 binary,READY,DR,V0,552,145,26.268115942028984,False
isf04,SUICIDE,int8 binary,READY,DR,V1,233,233,100.0,False
isf04,SUICIDE,int8 binary,READY,DR,V2,135,42,31.11111111111111,False
isf04,SUICIDE,int8 binary,READY,DR,V3,3,2,66.66666666666666,False
isf04,SUICIDE,int8 binary,READY,DR,V4,69,27,39.130434782608695,False
isf04a,SUICIDE,int8 categorical,READY,BP,V0,6252,3410,54.542546385156754,False
isf04a,SUICIDE,int8 categorical,READY,BP,V1,3074,2815,91.57449577098244,False
isf04a,SUICIDE,int8 categorical,READY,BP,V2,2228,2079,93.31238779174147,False
isf04a,SUICIDE,int8 categorical,READY,BP,V3,1497,1393,93.05277221108884,False
isf04a,SUICIDE,int8 categorical,READY,BP,V4,512,486,94.921875,False
isf04a,SUICIDE,int8 categorical,READY,SZ,V0,2209,1473,66.68175645088276,False
isf04a,SUICIDE,int8 categorical,READY,SZ,V1,963,898,93.25025960539979,False
isf04a,SUICIDE,int8 categorical,READY,SZ,V2,595,559,93.94957983193277,False
isf04a,SUICIDE,int8 categorical,READY,SZ,V3,456,429,94.07894736842105,False
isf04a,SUICIDE,int8 categorical,READY,SZ,V4,198,190,95.95959595959596,False
isf04a,SUICIDE,int8 categorical,READY,DR,V0,552,342,61.95652173913043,False
isf04a,SUICIDE,int8 categorical,READY,DR,V1,233,233,100.0,False
isf04a,SUICIDE,int8 categorical,READY,DR,V2,135,109,80.74074074074075,False
isf04a,SUICIDE,int8 categorical,READY,DR,V3,3,2,66.66666666666666,False
isf04a,SUICIDE,int8 categorical,READY,DR,V4,69,54,78.26086956521739,False
isf05,SUICIDE,int8 binary,READY,BP,V0,6252,574,9.181062060140754,False
isf05,SUICIDE,int8 binary,READY,BP,V1,3074,627,20.396877033181525,False
isf05,SUICIDE,int8 binary,READY,BP,V2,2228,555,24.910233393177737,False
isf05,SUICIDE,int8 binary,READY,BP,V3,1497,398,26.586506346025384,False
isf05,SUICIDE,int8 binary,READY,BP,V4,512,153,29.8828125,False
isf05,SUICIDE,int8 binary,READY,SZ,V0,2209,118,5.341783612494341,False
isf05,SUICIDE,int8 binary,READY,SZ,V1,963,83,8.618899273104882,False
isf05,SUICIDE,int8 binary,READY,SZ,V2,595,54,9.07563025210084,False
isf05,SUICIDE,int8 binary,READY,SZ,V3,456,49,10.74561403508772,False
isf05,SUICIDE,int8 binary,READY,SZ,V4,198,15,7.575757575757576,False
isf05,SUICIDE,int8 binary,READY,DR,V0,552,145,26.268115942028984,False
isf05,SUICIDE,int8 binary,READY,DR,V1,233,233,100.0,False
isf05,SUICIDE,int8 binary,READY,DR,V2,135,42,31.11111111111111,False
isf05,SUICIDE,int8 binary,READY,DR,V3,3,2,66.66666666666666,False
isf05,SUICIDE,int8 binary,READY,DR,V4,69,27,39.130434782608695,False
isf05a,SUICIDE,int8 categorical,READY,BP,V0,6252,4145,66.29878438899553,False
isf05a,SUICIDE,int8 categorical,READY,BP,V1,3074,3001,97.62524398178269,False
isf05a,SUICIDE,int8 categorical,READY,BP,V2,2228,2183,97.9802513464991,False
isf05a,SUICIDE,int8 categorical,READY,BP,V3,1497,1475,98.53039412157648,False
isf05a,SUICIDE,int8 categorical,READY,BP,V4,512,503,98.2421875,False
isf05a,SUICIDE,int8 categorical,READY,SZ,V0,2209,1611,72.92892711634224,False
isf05a,SUICIDE,int8 categorical,READY,SZ,V1,963,942,97.81931464174455,False
isf05a,SUICIDE,int8 categorical,READY,SZ,V2,595,584,98.15126050420167,False
isf05a,SUICIDE,int8 categorical,READY,SZ,V3,456,448,98.24561403508771,False
isf05a,SUICIDE,int8 categorical,READY,SZ,V4,198,194,97.97979797979798,False
isf05a,SUICIDE,int8 categorical,READY,DR,V0,552,406,73.55072463768117,False
isf05a,SUICIDE,int8 categorical,READY,DR,V1,233,233,100.0,False
isf05a,SUICIDE,int8 categorical,READY,DR,V2,135,119,88.14814814814815,False
isf05a,SUICIDE,int8 categorical,READY,DR,V3,3,2,66.66666666666666,False
isf05a,SUICIDE,int8 categorical,READY,DR,V4,69,61,88.40579710144928,False
isf07,SUICIDE,float,READY,BP,V0,6252,3906,62.47600767754319,False
isf07,SUICIDE,float,READY,BP,V1,3074,2985,97.10474951203643,False
isf07,SUICIDE,float,READY,BP,V2,2228,2179,97.80071813285458,False
isf07,SUICIDE,float,READY,BP,V3,1497,1474,98.46359385437542,False
isf07,SUICIDE,float,READY,BP,V4,512,502,98.046875,False
isf07,SUICIDE,float,READY,SZ,V0,2209,1621,73.38162064282481,False
isf07,SUICIDE,float,READY,SZ,V1,963,942,97.81931464174455,False
isf07,SUICIDE,float,READY,SZ,V2,595,584,98.15126050420167,False
isf07,SUICIDE,float,READY,SZ,V3,456,447,98.02631578947368,False
isf07,SUICIDE,float,READY,SZ,V4,198,194,97.97979797979798,False
isf07,SUICIDE,float,READY,DR,V0,552,413,74.81884057971014,False
isf07,SUICIDE,float,READY,DR,V1,233,233,100.0,False
isf07,SUICIDE,float,READY,DR,V2,135,120,88.88888888888889,False
isf07,SUICIDE,float,READY,DR,V3,3,2,66.66666666666666,False
isf07,SUICIDE,float,READY,DR,V4,69,64,92.7536231884058,False
isf08,SUICIDE,int8 binary,READY,BP,V0,6252,3994,63.88355726167626,False
isf08,SUICIDE,int8 binary,READY,BP,V1,3074,2998,97.52765126870527,False
isf08,SUICIDE,int8 binary,READY,BP,V2,2228,2191,98.33931777378815,False
isf08,SUICIDE,int8 binary,READY,BP,V3,1497,1476,98.59719438877755,False
isf08,SUICIDE,int8 binary,READY,BP,V4,512,503,98.2421875,False
isf08,SUICIDE,int8 binary,READY,SZ,V0,2209,1621,73.38162064282481,False
isf08,SUICIDE,int8 binary,READY,SZ,V1,963,942,97.81931464174455,False
isf08,SUICIDE,int8 binary,READY,SZ,V2,595,584,98.15126050420167,False
isf08,SUICIDE,int8 binary,READY,SZ,V3,456,447,98.02631578947368,False
isf08,SUICIDE,int8 binary,READY,SZ,V4,198,194,97.97979797979798,False
isf08,SUICIDE,int8 binary,READY,DR,V0,552,411,74.45652173913044,False
isf08,SUICIDE,int8 binary,READY,DR,V1,233,233,100.0,False
isf08,SUICIDE,int8 binary,READY,DR,V2,135,120,88.88888888888889,False
isf08,SUICIDE,int8 binary,READY,DR,V3,3,2,66.66666666666666,False
isf08,SUICIDE,int8 binary,READY,DR,V4,69,63,91.30434782608695,False
isf08a,SUICIDE,int8 categorical,READY,BP,V0,6252,5804,92.8342930262316,False
isf08a,SUICIDE,int8 categorical,READY,BP,V1,3074,3049,99.18672739102146,False
isf08a,SUICIDE,int8 categorical,READY,BP,V2,2228,2222,99.73070017953322,False
isf08a,SUICIDE,int8 categorical,READY,BP,V3,1497,1495,99.86639946559787,False
isf08a,SUICIDE,int8 categorical,READY,BP,V4,512,511,99.8046875,False
isf08a,SUICIDE,int8 categorical,READY,SZ,V0,2209,2056,93.07378904481666,False
isf08a,SUICIDE,int8 categorical,READY,SZ,V1,963,960,99.68847352024922,False
isf08a,SUICIDE,int8 categorical,READY,SZ,V2,595,593,99.66386554621849,False
isf08a,SUICIDE,int8 categorical,READY,SZ,V3,456,453,99.3421052631579,False
isf08a,SUICIDE,int8 categorical,READY,SZ,V4,198,197,99.4949494949495,False
isf08a,SUICIDE,int8 categorical,READY,DR,V0,552,529,95.83333333333334,False
isf08a,SUICIDE,int8 categorical,READY,DR,V1,233,233,100.0,False
isf08a,SUICIDE,int8 categorical,READY,DR,V2,135,129,95.55555555555556,False
isf08a,SUICIDE,int8 categorical,READY,DR,V3,3,2,66.66666666666666,False
isf08a,SUICIDE,int8 categorical,READY,DR,V4,69,67,97.10144927536231,False
isf09,SUICIDE,int8 binary,READY,BP,V0,6252,4002,64.01151631477927,False
isf09,SUICIDE,int8 binary,READY,BP,V1,3074,2999,97.56018217306442,False
isf09,SUICIDE,int8 binary,READY,BP,V2,2228,2191,98.33931777378815,False
isf09,SUICIDE,int8 binary,READY,BP,V3,1497,1477,98.66399465597863,False
isf09,SUICIDE,int8 binary,READY,BP,V4,512,503,98.2421875,False
isf09,SUICIDE,int8 binary,READY,SZ,V0,2209,1635,74.01539157990041,False
isf09,SUICIDE,int8 binary,READY,SZ,V1,963,942,97.81931464174455,False
isf09,SUICIDE,int8 binary,READY,SZ,V2,595,584,98.15126050420167,False
isf09,SUICIDE,int8 binary,READY,SZ,V3,456,448,98.24561403508771,False
isf09,SUICIDE,int8 binary,READY,SZ,V4,198,194,97.97979797979798,False
isf09,SUICIDE,int8 binary,READY,DR,V0,552,417,75.54347826086956,False
isf09,SUICIDE,int8 binary,READY,DR,V1,233,233,100.0,False
isf09,SUICIDE,int8 binary,READY,DR,V2,135,121,89.62962962962962,False
isf09,SUICIDE,int8 binary,READY,DR,V3,3,2,66.66666666666666,False
isf09,SUICIDE,int8 binary,READY,DR,V4,69,64,92.7536231884058,False
isf09a,SUICIDE,float,READY,BP,V0,6252,5641,90.22712731925783,False
isf09a,SUICIDE,float,READY,BP,V1,3074,3050,99.21925829538061,False
isf09a,SUICIDE,float,READY,BP,V2,2228,2212,99.2818671454219,False
isf09a,SUICIDE,float,READY,BP,V3,1497,1493,99.73279893119572,False
isf09a,SUICIDE,float,READY,BP,V4,512,510,99.609375,False
isf09a,SUICIDE,float,READY,SZ,V0,2209,2067,93.57175192394749,False
isf09a,SUICIDE,float,READY,SZ,V1,963,957,99.37694704049844,False
isf09a,SUICIDE,float,READY,SZ,V2,595,592,99.49579831932773,False
isf09a,SUICIDE,float,READY,SZ,V3,456,455,99.78070175438597,False
isf09a,SUICIDE,float,READY,SZ,V4,198,198,100.0,False
isf09a,SUICIDE,float,READY,DR,V0,552,502,90.94202898550725,False
isf09a,SUICIDE,float,READY,DR,V1,233,233,100.0,False
isf09a,SUICIDE,float,READY,DR,V2,135,127,94.07407407407408,False
isf09a,SUICIDE,float,READY,DR,V3,3,3,100.0,False
isf09a,SUICIDE,float,READY,DR,V4,69,67,97.10144927536231,False
ltsv01,SUICIDE,int8 categorical,PARTIAL,BP,V0,6252,5936,94.94561740243122,False
ltsv01,SUICIDE,int8 categorical,PARTIAL,BP,V1,3074,3066,99.73975276512687,False
ltsv01,SUICIDE,int8 categorical,PARTIAL,BP,V2,2228,2227,99.95511669658886,False
ltsv01,SUICIDE,int8 categorical,PARTIAL,BP,V3,1497,1496,99.93319973279893,False
ltsv01,SUICIDE,int8 categorical,PARTIAL,BP,V4,512,511,99.8046875,False
ltsv01,SUICIDE,int8 categorical,PARTIAL,SZ,V0,2209,2209,,True
ltsv01,SUICIDE,int8 categorical,PARTIAL,SZ,V1,963,963,,True
ltsv01,SUICIDE,int8 categorical,PARTIAL,SZ,V2,595,595,,True
ltsv01,SUICIDE,int8 categorical,PARTIAL,SZ,V3,456,456,,True
ltsv01,SUICIDE,int8 categorical,PARTIAL,SZ,V4,198,198,,True
ltsv01,SUICIDE,int8 categorical,PARTIAL,DR,V0,552,541,98.0072463768116,False
ltsv01,SUICIDE,int8 categorical,PARTIAL,DR,V1,233,233,100.0,False
ltsv01,SUICIDE,int8 categorical,PARTIAL,DR,V2,135,132,97.77777777777777,False
ltsv01,SUICIDE,int8 categorical,PARTIAL,DR,V3,3,3,100.0,False
ltsv01,SUICIDE,int8 categorical,PARTIAL,DR,V4,69,68,98.55072463768117,False
ltsv02,SUICIDE,int8 ordinal,PARTIAL,BP,V0,6252,6252,100.0,False
ltsv02,SUICIDE,int8 ordinal,PARTIAL,BP,V1,3074,3074,100.0,False
ltsv02,SUICIDE,int8 ordinal,PARTIAL,BP,V2,2228,2228,100.0,False
ltsv02,SUICIDE,int8 ordinal,PARTIAL,BP,V3,1497,1497,100.0,False
ltsv02,SUICIDE,int8 ordinal,PARTIAL,BP,V4,512,512,100.0,False
ltsv02,SUICIDE,int8 ordinal,PARTIAL,SZ,V0,2209,2209,,True
ltsv02,SUICIDE,int8 ordinal,PARTIAL,SZ,V1,963,963,,True
ltsv02,SUICIDE,int8 ordinal,PARTIAL,SZ,V2,595,595,,True
ltsv02,SUICIDE,int8 ordinal,PARTIAL,SZ,V3,456,456,,True
ltsv02,SUICIDE,int8 ordinal,PARTIAL,SZ,V4,198,198,,True
ltsv02,SUICIDE,int8 ordinal,PARTIAL,DR,V0,552,551,99.81884057971014,False
ltsv02,SUICIDE,int8 ordinal,PARTIAL,DR,V1,233,233,100.0,False
ltsv02,SUICIDE,int8 ordinal,PARTIAL,DR,V2,135,135,100.0,False
ltsv02,SUICIDE,int8 ordinal,PARTIAL,DR,V3,3,3,100.0,False
ltsv02,SUICIDE,int8 ordinal,PARTIAL,DR,V4,69,69,100.0,False
ltsv03,SUICIDE,category,PARTIAL,BP,V0,6252,6179,98.83237364043505,False
ltsv03,SUICIDE,category,PARTIAL,BP,V1,3074,3073,99.96746909564087,False
ltsv03,SUICIDE,category,PARTIAL,BP,V2,2228,2228,100.0,False
ltsv03,SUICIDE,category,PARTIAL,BP,V3,1497,1497,100.0,False
ltsv03,SUICIDE,category,PARTIAL,BP,V4,512,512,100.0,False
ltsv03,SUICIDE,category,PARTIAL,SZ,V0,2209,2209,,True
ltsv03,SUICIDE,category,PARTIAL,SZ,V1,963,963,,True
ltsv03,SUICIDE,category,PARTIAL,SZ,V2,595,595,,True
ltsv03,SUICIDE,category,PARTIAL,SZ,V3,456,456,,True
ltsv03,SUICIDE,category,PARTIAL,SZ,V4,198,198,,True
ltsv03,SUICIDE,category,PARTIAL,DR,V0,552,552,100.0,False
ltsv03,SUICIDE,category,PARTIAL,DR,V1,233,233,100.0,False
ltsv03,SUICIDE,category,PARTIAL,DR,V2,135,135,100.0,False
ltsv03,SUICIDE,category,PARTIAL,DR,V3,3,3,100.0,False
ltsv03,SUICIDE,category,PARTIAL,DR,V4,69,69,100.0,False
ltsv04,SUICIDE,int8 ordinal,PARTIAL,BP,V0,6252,6252,100.0,False
ltsv04,SUICIDE,int8 ordinal,PARTIAL,BP,V1,3074,3074,100.0,False
ltsv04,SUICIDE,int8 ordinal,PARTIAL,BP,V2,2228,2228,100.0,False
ltsv04,SUICIDE,int8 ordinal,PARTIAL,BP,V3,1497,1497,100.0,False
ltsv04,SUICIDE,int8 ordinal,PARTIAL,BP,V4,512,512,100.0,False
ltsv04,SUICIDE,int8 ordinal,PARTIAL,SZ,V0,2209,2209,,True
ltsv04,SUICIDE,int8 ordinal,PARTIAL,SZ,V1,963,963,,True
ltsv04,SUICIDE,int8 ordinal,PARTIAL,SZ,V2,595,595,,True
ltsv04,SUICIDE,int8 ordinal,PARTIAL,SZ,V3,456,456,,True
ltsv04,SUICIDE,int8 ordinal,PARTIAL,SZ,V4,198,198,,True
ltsv04,SUICIDE,int8 ordinal,PARTIAL,DR,V0,552,552,100.0,False
ltsv04,SUICIDE,int8 ordinal,PARTIAL,DR,V1,233,233,100.0,False
ltsv04,SUICIDE,int8 ordinal,PARTIAL,DR,V2,135,135,100.0,False
ltsv04,SUICIDE,int8 ordinal,PARTIAL,DR,V3,3,3,100.0,False
ltsv04,SUICIDE,int8 ordinal,PARTIAL,DR,V4,69,69,100.0,False
ltsv05,SUICIDE,int8 categorical,PARTIAL,BP,V0,6252,6252,100.0,False
ltsv05,SUICIDE,int8 categorical,PARTIAL,BP,V1,3074,3074,100.0,False
ltsv05,SUICIDE,int8 categorical,PARTIAL,BP,V2,2228,2228,100.0,False
ltsv05,SUICIDE,int8 categorical,PARTIAL,BP,V3,1497,1497,100.0,False
ltsv05,SUICIDE,int8 categorical,PARTIAL,BP,V4,512,512,100.0,False
ltsv05,SUICIDE,int8 categorical,PARTIAL,SZ,V0,2209,2209,,True
ltsv05,SUICIDE,int8 categorical,PARTIAL,SZ,V1,963,963,,True
ltsv05,SUICIDE,int8 categorical,PARTIAL,SZ,V2,595,595,,True
ltsv05,SUICIDE,int8 categorical,PARTIAL,SZ,V3,456,456,,True
ltsv05,SUICIDE,int8 categorical,PARTIAL,SZ,V4,198,198,,True
ltsv05,SUICIDE,int8 categorical,PARTIAL,DR,V0,552,551,99.81884057971014,False
ltsv05,SUICIDE,int8 categorical,PARTIAL,DR,V1,233,233,100.0,False
ltsv05,SUICIDE,int8 categorical,PARTIAL,DR,V2,135,135,100.0,False
ltsv05,SUICIDE,int8 categorical,PARTIAL,DR,V3,3,3,100.0,False
ltsv05,SUICIDE,int8 categorical,PARTIAL,DR,V4,69,69,100.0,False
ltsv06,SUICIDE,int8 ordinal,PARTIAL,BP,V0,6252,6252,100.0,False
ltsv06,SUICIDE,int8 ordinal,PARTIAL,BP,V1,3074,3074,100.0,False
ltsv06,SUICIDE,int8 ordinal,PARTIAL,BP,V2,2228,2228,100.0,False
ltsv06,SUICIDE,int8 ordinal,PARTIAL,BP,V3,1497,1497,100.0,False
ltsv06,SUICIDE,int8 ordinal,PARTIAL,BP,V4,512,512,100.0,False
ltsv06,SUICIDE,int8 ordinal,PARTIAL,SZ,V0,2209,2209,,True
ltsv06,SUICIDE,int8 ordinal,PARTIAL,SZ,V1,963,963,,True
ltsv06,SUICIDE,int8 ordinal,PARTIAL,SZ,V2,595,595,,True
ltsv06,SUICIDE,int8 ordinal,PARTIAL,SZ,V3,456,456,,True
ltsv06,SUICIDE,int8 ordinal,PARTIAL,SZ,V4,198,198,,True
ltsv06,SUICIDE,int8 ordinal,PARTIAL,DR,V0,552,551,99.81884057971014,False
ltsv06,SUICIDE,int8 ordinal,PARTIAL,DR,V1,233,233,100.0,False
ltsv06,SUICIDE,int8 ordinal,PARTIAL,DR,V2,135,135,100.0,False
ltsv06,SUICIDE,int8 ordinal,PARTIAL,DR,V3,3,3,100.0,False
ltsv06,SUICIDE,int8 ordinal,PARTIAL,DR,V4,69,68,98.55072463768117,False
ltsv07,SUICIDE,int8 binary,PARTIAL,BP,V0,6252,5815,93.01023672424824,False
ltsv07,SUICIDE,int8 binary,PARTIAL,BP,V1,3074,3069,99.8373454782043,False
ltsv07,SUICIDE,int8 binary,PARTIAL,BP,V2,2228,2218,99.5511669658887,False
ltsv07,SUICIDE,int8 binary,PARTIAL,BP,V3,1497,1494,99.79959919839679,False
ltsv07,SUICIDE,int8 binary,PARTIAL,BP,V4,512,511,99.8046875,False
ltsv07,SUICIDE,int8 binary,PARTIAL,SZ,V0,2209,2209,,True
ltsv07,SUICIDE,int8 binary,PARTIAL,SZ,V1,963,963,,True
ltsv07,SUICIDE,int8 binary,PARTIAL,SZ,V2,595,595,,True
ltsv07,SUICIDE,int8 binary,PARTIAL,SZ,V3,456,456,,True
ltsv07,SUICIDE,int8 binary,PARTIAL,SZ,V4,198,198,,True
ltsv07,SUICIDE,int8 binary,PARTIAL,DR,V0,552,550,99.63768115942028,False
ltsv07,SUICIDE,int8 binary,PARTIAL,DR,V1,233,233,100.0,False
ltsv07,SUICIDE,int8 binary,PARTIAL,DR,V2,135,135,100.0,False
ltsv07,SUICIDE,int8 binary,PARTIAL,DR,V3,3,3,100.0,False
ltsv07,SUICIDE,int8 binary,PARTIAL,DR,V4,69,69,100.0,False
ltsv09,SUICIDE,int8 binary,PARTIAL,BP,V0,6252,5943,95.05758157389636,False
ltsv09,SUICIDE,int8 binary,PARTIAL,BP,V1,3074,3067,99.77228366948601,False
ltsv09,SUICIDE,int8 binary,PARTIAL,BP,V2,2228,2227,99.95511669658886,False
ltsv09,SUICIDE,int8 binary,PARTIAL,BP,V3,1497,1496,99.93319973279893,False
ltsv09,SUICIDE,int8 binary,PARTIAL,BP,V4,512,511,99.8046875,False
ltsv09,SUICIDE,int8 binary,PARTIAL,SZ,V0,2209,2209,,True
ltsv09,SUICIDE,int8 binary,PARTIAL,SZ,V1,963,963,,True
ltsv09,SUICIDE,int8 binary,PARTIAL,SZ,V2,595,595,,True
ltsv09,SUICIDE,int8 binary,PARTIAL,SZ,V3,456,456,,True
ltsv09,SUICIDE,int8 binary,PARTIAL,SZ,V4,198,198,,True
ltsv09,SUICIDE,int8 binary,PARTIAL,DR,V0,552,541,98.0072463768116,False
ltsv09,SUICIDE,int8 binary,PARTIAL,DR,V1,233,233,100.0,False
ltsv09,SUICIDE,int8 binary,PARTIAL,DR,V2,135,132,97.77777777777777,False
ltsv09,SUICIDE,int8 binary,PARTIAL,DR,V3,3,3,100.0,False
ltsv09,SUICIDE,int8 binary,PARTIAL,DR,V4,69,68,98.55072463768117,False
ltsg01,SUICIDE,int8 ordinal,PARTIAL,BP,V0,6252,5815,93.01023672424824,False
ltsg01,SUICIDE,int8 ordinal,PARTIAL,BP,V1,3074,3069,99.8373454782043,False
ltsg01,SUICIDE,int8 ordinal,PARTIAL,BP,V2,2228,2220,99.64093357271095,False
ltsg01,SUICIDE,int8 ordinal,PARTIAL,BP,V3,1497,1494,99.79959919839679,False
ltsg01,SUICIDE,int8 ordinal,PARTIAL,BP,V4,512,511,99.8046875,False
ltsg01,SUICIDE,int8 ordinal,PARTIAL,SZ,V0,2209,2209,,True
ltsg01,SUICIDE,int8 ordinal,PARTIAL,SZ,V1,963,963,,True
ltsg01,SUICIDE,int8 ordinal,PARTIAL,SZ,V2,595,595,,True
ltsg01,SUICIDE,int8 ordinal,PARTIAL,SZ,V3,456,456,,True
ltsg01,SUICIDE,int8 ordinal,PARTIAL,SZ,V4,198,198,,True
ltsg01,SUICIDE,int8 ordinal,PARTIAL,DR,V0,552,499,90.39855072463769,False
ltsg01,SUICIDE,int8 ordinal,PARTIAL,DR,V1,233,233,100.0,False
ltsg01,SUICIDE,int8 ordinal,PARTIAL,DR,V2,135,125,92.5925925925926,False
ltsg01,SUICIDE,int8 ordinal,PARTIAL,DR,V3,3,3,100.0,False
ltsg01,SUICIDE,int8 ordinal,PARTIAL,DR,V4,69,67,97.10144927536231,False
ltsg02,SUICIDE,int8 categorical,PARTIAL,BP,V0,6252,5942,95.04158669225848,False
ltsg02,SUICIDE,int8 categorical,PARTIAL,BP,V1,3074,3071,99.90240728692258,False
ltsg02,SUICIDE,int8 categorical,PARTIAL,BP,V2,2228,2223,99.77558348294434,False
ltsg02,SUICIDE,int8 categorical,PARTIAL,BP,V3,1497,1497,100.0,False
ltsg02,SUICIDE,int8 categorical,PARTIAL,BP,V4,512,512,100.0,False
ltsg02,SUICIDE,int8 categorical,PARTIAL,SZ,V0,2209,2209,,True
ltsg02,SUICIDE,int8 categorical,PARTIAL,SZ,V1,963,963,,True
ltsg02,SUICIDE,int8 categorical,PARTIAL,SZ,V2,595,595,,True
ltsg02,SUICIDE,int8 categorical,PARTIAL,SZ,V3,456,456,,True
ltsg02,SUICIDE,int8 categorical,PARTIAL,SZ,V4,198,198,,True
ltsg02,SUICIDE,int8 categorical,PARTIAL,DR,V0,552,509,92.21014492753623,False
ltsg02,SUICIDE,int8 categorical,PARTIAL,DR,V1,233,233,100.0,False
ltsg02,SUICIDE,int8 categorical,PARTIAL,DR,V2,135,126,93.33333333333333,False
ltsg02,SUICIDE,int8 categorical,PARTIAL,DR,V3,3,3,100.0,False
ltsg02,SUICIDE,int8 categorical,PARTIAL,DR,V4,69,67,97.10144927536231,False
ltsg03,SUICIDE,int8 categorical,PARTIAL,BP,V0,6252,6252,100.0,False
ltsg03,SUICIDE,int8 categorical,PARTIAL,BP,V1,3074,3074,100.0,False
ltsg03,SUICIDE,int8 categorical,PARTIAL,BP,V2,2228,2228,100.0,False
ltsg03,SUICIDE,int8 categorical,PARTIAL,BP,V3,1497,1497,100.0,False
ltsg03,SUICIDE,int8 categorical,PARTIAL,BP,V4,512,512,100.0,False
ltsg03,SUICIDE,int8 categorical,PARTIAL,SZ,V0,2209,2209,,True
ltsg03,SUICIDE,int8 categorical,PARTIAL,SZ,V1,963,963,,True
ltsg03,SUICIDE,int8 categorical,PARTIAL,SZ,V2,595,595,,True
ltsg03,SUICIDE,int8 categorical,PARTIAL,SZ,V3,456,456,,True
ltsg03,SUICIDE,int8 categorical,PARTIAL,SZ,V4,198,198,,True
ltsg03,SUICIDE,int8 categorical,PARTIAL,DR,V0,552,546,98.91304347826086,False
ltsg03,SUICIDE,int8 categorical,PARTIAL,DR,V1,233,233,100.0,False
ltsg03,SUICIDE,int8 categorical,PARTIAL,DR,V2,135,134,99.25925925925925,False
ltsg03,SUICIDE,int8 categorical,PARTIAL,DR,V3,3,3,100.0,False
ltsg03,SUICIDE,int8 categorical,PARTIAL,DR,V4,69,69,100.0,False
ltsg04,SUICIDE,int8 categorical,PARTIAL,BP,V0,6252,6038,96.57709532949457,False
ltsg04,SUICIDE,int8 categorical,PARTIAL,BP,V1,3074,3073,99.96746909564087,False
ltsg04,SUICIDE,int8 categorical,PARTIAL,BP,V2,2228,2223,99.77558348294434,False
ltsg04,SUICIDE,int8 categorical,PARTIAL,BP,V3,1497,1497,100.0,False
ltsg04,SUICIDE,int8 categorical,PARTIAL,BP,V4,512,512,100.0,False
ltsg04,SUICIDE,int8 categorical,PARTIAL,SZ,V0,2209,2209,,True
ltsg04,SUICIDE,int8 categorical,PARTIAL,SZ,V1,963,963,,True
ltsg04,SUICIDE,int8 categorical,PARTIAL,SZ,V2,595,595,,True
ltsg04,SUICIDE,int8 categorical,PARTIAL,SZ,V3,456,456,,True
ltsg04,SUICIDE,int8 categorical,PARTIAL,SZ,V4,198,198,,True
ltsg04,SUICIDE,int8 categorical,PARTIAL,DR,V0,552,509,92.21014492753623,False
ltsg04,SUICIDE,int8 categorical,PARTIAL,DR,V1,233,233,100.0,False
ltsg04,SUICIDE,int8 categorical,PARTIAL,DR,V2,135,126,93.33333333333333,False
ltsg04,SUICIDE,int8 categorical,PARTIAL,DR,V3,3,3,100.0,False
ltsg04,SUICIDE,int8 categorical,PARTIAL,DR,V4,69,68,98.55072463768117,False
ltsg05,SUICIDE,int8 categorical,PARTIAL,BP,V0,6252,6252,100.0,False
ltsg05,SUICIDE,int8 categorical,PARTIAL,BP,V1,3074,3074,100.0,False
ltsg05,SUICIDE,int8 categorical,PARTIAL,BP,V2,2228,2228,100.0,False
ltsg05,SUICIDE,int8 categorical,PARTIAL,BP,V3,1497,1497,100.0,False
ltsg05,SUICIDE,int8 categorical,PARTIAL,BP,V4,512,512,100.0,False
ltsg05,SUICIDE,int8 categorical,PARTIAL,SZ,V0,2209,2209,,True
ltsg05,SUICIDE,int8 categorical,PARTIAL,SZ,V1,963,963,,True
ltsg05,SUICIDE,int8 categorical,PARTIAL,SZ,V2,595,595,,True
ltsg05,SUICIDE,int8 categorical,PARTIAL,SZ,V3,456,456,,True
ltsg05,SUICIDE,int8 categorical,PARTIAL,SZ,V4,198,198,,True
ltsg05,SUICIDE,int8 categorical,PARTIAL,DR,V0,552,547,99.09420289855072,False
ltsg05,SUICIDE,int8 categorical,PARTIAL,DR,V1,233,233,100.0,False
ltsg05,SUICIDE,int8 categorical,PARTIAL,DR,V2,135,134,99.25925925925925,False
ltsg05,SUICIDE,int8 categorical,PARTIAL,DR,V3,3,3,100.0,False
ltsg05,SUICIDE,int8 categorical,PARTIAL,DR,V4,69,69,100.0,False
ltsg06,SUICIDE,int8 categorical,PARTIAL,BP,V0,6252,6252,100.0,False
ltsg06,SUICIDE,int8 categorical,PARTIAL,BP,V1,3074,3074,100.0,False
ltsg06,SUICIDE,int8 categorical,PARTIAL,BP,V2,2228,2228,100.0,False
ltsg06,SUICIDE,int8 categorical,PARTIAL,BP,V3,1497,1497,100.0,False
ltsg06,SUICIDE,int8 categorical,PARTIAL,BP,V4,512,512,100.0,False
ltsg06,SUICIDE,int8 categorical,PARTIAL,SZ,V0,2209,2209,,True
ltsg06,SUICIDE,int8 categorical,PARTIAL,SZ,V1,963,963,,True
ltsg06,SUICIDE,int8 categorical,PARTIAL,SZ,V2,595,595,,True
ltsg06,SUICIDE,int8 categorical,PARTIAL,SZ,V3,456,456,,True
ltsg06,SUICIDE,int8 categorical,PARTIAL,SZ,V4,198,198,,True
ltsg06,SUICIDE,int8 categorical,PARTIAL,DR,V0,552,550,99.63768115942028,False
ltsg06,SUICIDE,int8 categorical,PARTIAL,DR,V1,233,233,100.0,False
ltsg06,SUICIDE,int8 categorical,PARTIAL,DR,V2,135,135,100.0,False
ltsg06,SUICIDE,int8 categorical,PARTIAL,DR,V3,3,3,100.0,False
ltsg06,SUICIDE,int8 categorical,PARTIAL,DR,V4,69,69,100.0,False
ltsg07,SUICIDE,int8 binary,PARTIAL,BP,V0,6252,5815,93.01023672424824,False
ltsg07,SUICIDE,int8 binary,PARTIAL,BP,V1,3074,3069,99.8373454782043,False
ltsg07,SUICIDE,int8 binary,PARTIAL,BP,V2,2228,2218,99.5511669658887,False
ltsg07,SUICIDE,int8 binary,PARTIAL,BP,V3,1497,1494,99.79959919839679,False
ltsg07,SUICIDE,int8 binary,PARTIAL,BP,V4,512,511,99.8046875,False
ltsg07,SUICIDE,int8 binary,PARTIAL,SZ,V0,2209,2209,,True
ltsg07,SUICIDE,int8 binary,PARTIAL,SZ,V1,963,963,,True
ltsg07,SUICIDE,int8 binary,PARTIAL,SZ,V2,595,595,,True
ltsg07,SUICIDE,int8 binary,PARTIAL,SZ,V3,456,456,,True
ltsg07,SUICIDE,int8 binary,PARTIAL,SZ,V4,198,198,,True
ltsg07,SUICIDE,int8 binary,PARTIAL,DR,V0,552,505,91.48550724637681,False
ltsg07,SUICIDE,int8 binary,PARTIAL,DR,V1,233,233,100.0,False
ltsg07,SUICIDE,int8 binary,PARTIAL,DR,V2,135,126,93.33333333333333,False
ltsg07,SUICIDE,int8 binary,PARTIAL,DR,V3,3,3,100.0,False
ltsg07,SUICIDE,int8 binary,PARTIAL,DR,V4,69,67,97.10144927536231,False
cssrs01,SUICIDE,int8 binary,PARTIAL,BP,V0,6252,5291,84.62891874600128,False
cssrs01,SUICIDE,int8 binary,PARTIAL,BP,V1,3074,2538,82.56343526350032,False
cssrs01,SUICIDE,int8 binary,PARTIAL,BP,V2,2228,1821,81.73249551166965,False
cssrs01,SUICIDE,int8 binary,PARTIAL,BP,V3,1497,1190,79.49231796927188,False
cssrs01,SUICIDE,int8 binary,PARTIAL,BP,V4,512,399,77.9296875,False
cssrs01,SUICIDE,int8 binary,PARTIAL,SZ,V0,2209,2209,,True
cssrs01,SUICIDE,int8 binary,PARTIAL,SZ,V1,963,963,,True
cssrs01,SUICIDE,int8 binary,PARTIAL,SZ,V2,595,595,,True
cssrs01,SUICIDE,int8 binary,PARTIAL,SZ,V3,456,456,,True
cssrs01,SUICIDE,int8 binary,PARTIAL,SZ,V4,198,198,,True
cssrs01,SUICIDE,int8 binary,PARTIAL,DR,V0,552,105,19.021739130434785,False
cssrs01,SUICIDE,int8 binary,PARTIAL,DR,V1,233,52,22.317596566523605,False
cssrs01,SUICIDE,int8 binary,PARTIAL,DR,V2,135,30,22.22222222222222,False
cssrs01,SUICIDE,int8 binary,PARTIAL,DR,V3,3,1,33.33333333333333,False
cssrs01,SUICIDE,int8 binary,PARTIAL,DR,V4,69,7,10.144927536231885,False
cssrs02,SUICIDE,int8 binary,PARTIAL,BP,V0,6252,5284,84.51695457453616,False
cssrs02,SUICIDE,int8 binary,PARTIAL,BP,V1,3074,2531,82.33571893298634,False
cssrs02,SUICIDE,int8 binary,PARTIAL,BP,V2,2228,1817,81.55296229802514,False
cssrs02,SUICIDE,int8 binary,PARTIAL,BP,V3,1497,1186,79.22511690046761,False
cssrs02,SUICIDE,int8 binary,PARTIAL,BP,V4,512,399,77.9296875,False
cssrs02,SUICIDE,int8 binary,PARTIAL,SZ,V0,2209,2209,,True
cssrs02,SUICIDE,int8 binary,PARTIAL,SZ,V1,963,963,,True
cssrs02,SUICIDE,int8 binary,PARTIAL,SZ,V2,595,595,,True
cssrs02,SUICIDE,int8 binary,PARTIAL,SZ,V3,456,456,,True
cssrs02,SUICIDE,int8 binary,PARTIAL,SZ,V4,198,198,,True
cssrs02,SUICIDE,int8 binary,PARTIAL,DR,V0,552,105,19.021739130434785,False
cssrs02,SUICIDE,int8 binary,PARTIAL,DR,V1,233,53,22.746781115879827,False
cssrs02,SUICIDE,int8 binary,PARTIAL,DR,V2,135,30,22.22222222222222,False
cssrs02,SUICIDE,int8 binary,PARTIAL,DR,V3,3,1,33.33333333333333,False
cssrs02,SUICIDE,int8 binary,PARTIAL,DR,V4,69,7,10.144927536231885,False
cssrs03,SUICIDE,int8 binary,PARTIAL,BP,V0,6252,6034,96.51311580294306,False
cssrs03,SUICIDE,int8 binary,PARTIAL,BP,V1,3074,2982,97.00715679895902,False
cssrs03,SUICIDE,int8 binary,PARTIAL,BP,V2,2228,2156,96.76840215439856,False
cssrs03,SUICIDE,int8 binary,PARTIAL,BP,V3,1497,1451,96.92718770875084,False
cssrs03,SUICIDE,int8 binary,PARTIAL,BP,V4,512,492,96.09375,False
cssrs03,SUICIDE,int8 binary,PARTIAL,SZ,V0,2209,2209,,True
cssrs03,SUICIDE,int8 binary,PARTIAL,SZ,V1,963,963,,True
cssrs03,SUICIDE,int8 binary,PARTIAL,SZ,V2,595,595,,True
cssrs03,SUICIDE,int8 binary,PARTIAL,SZ,V3,456,456,,True
cssrs03,SUICIDE,int8 binary,PARTIAL,SZ,V4,198,198,,True
cssrs03,SUICIDE,int8 binary,PARTIAL,DR,V0,552,294,53.2608695652174,False
cssrs03,SUICIDE,int8 binary,PARTIAL,DR,V1,233,170,72.96137339055794,False
cssrs03,SUICIDE,int8 binary,PARTIAL,DR,V2,135,109,80.74074074074075,False
cssrs03,SUICIDE,int8 binary,PARTIAL,DR,V3,3,2,66.66666666666666,False
cssrs03,SUICIDE,int8 binary,PARTIAL,DR,V4,69,56,81.15942028985508,False
cssrs04,SUICIDE,int8 binary,PARTIAL,BP,V0,6252,6032,96.4811260396673,False
cssrs04,SUICIDE,int8 binary,PARTIAL,BP,V1,3074,2984,97.0722186076773,False
cssrs04,SUICIDE,int8 binary,PARTIAL,BP,V2,2228,2155,96.72351885098743,False
cssrs04,SUICIDE,int8 binary,PARTIAL,BP,V3,1497,1451,96.92718770875084,False
cssrs04,SUICIDE,int8 binary,PARTIAL,BP,V4,512,492,96.09375,False
cssrs04,SUICIDE,int8 binary,PARTIAL,SZ,V0,2209,2209,,True
cssrs04,SUICIDE,int8 binary,PARTIAL,SZ,V1,963,963,,True
cssrs04,SUICIDE,int8 binary,PARTIAL,SZ,V2,595,595,,True
cssrs04,SUICIDE,int8 binary,PARTIAL,SZ,V3,456,456,,True
cssrs04,SUICIDE,int8 binary,PARTIAL,SZ,V4,198,198,,True
cssrs04,SUICIDE,int8 binary,PARTIAL,DR,V0,552,294,53.2608695652174,False
cssrs04,SUICIDE,int8 binary,PARTIAL,DR,V1,233,170,72.96137339055794,False
cssrs04,SUICIDE,int8 binary,PARTIAL,DR,V2,135,109,80.74074074074075,False
cssrs04,SUICIDE,int8 binary,PARTIAL,DR,V3,3,2,66.66666666666666,False
cssrs04,SUICIDE,int8 binary,PARTIAL,DR,V4,69,56,81.15942028985508,False
cssrs05,SUICIDE,int8 binary,PARTIAL,BP,V0,6252,6035,96.52911068458093,False
cssrs05,SUICIDE,int8 binary,PARTIAL,BP,V1,3074,2986,97.13728041639558,False
cssrs05,SUICIDE,int8 binary,PARTIAL,BP,V2,2228,2156,96.76840215439856,False
cssrs05,SUICIDE,int8 binary,PARTIAL,BP,V3,1497,1450,96.86038744154976,False
cssrs05,SUICIDE,int8 binary,PARTIAL,BP,V4,512,492,96.09375,False
cssrs05,SUICIDE,int8 binary,PARTIAL,SZ,V0,2209,2209,,True
cssrs05,SUICIDE,int8 binary,PARTIAL,SZ,V1,963,963,,True
cssrs05,SUICIDE,int8 binary,PARTIAL,SZ,V2,595,595,,True
cssrs05,SUICIDE,int8 binary,PARTIAL,SZ,V3,456,456,,True
cssrs05,SUICIDE,int8 binary,PARTIAL,SZ,V4,198,198,,True
cssrs05,SUICIDE,int8 binary,PARTIAL,DR,V0,552,293,53.07971014492754,False
cssrs05,SUICIDE,int8 binary,PARTIAL,DR,V1,233,170,72.96137339055794,False
cssrs05,SUICIDE,int8 binary,PARTIAL,DR,V2,135,109,80.74074074074075,False
cssrs05,SUICIDE,int8 binary,PARTIAL,DR,V3,3,2,66.66666666666666,False
cssrs05,SUICIDE,int8 binary,PARTIAL,DR,V4,69,56,81.15942028985508,False
cssrs06,SUICIDE,int8 categorical,PARTIAL,BP,V0,6252,6055,96.84900831733844,False
cssrs06,SUICIDE,int8 categorical,PARTIAL,BP,V1,3074,2978,96.87703318152245,False
cssrs06,SUICIDE,int8 categorical,PARTIAL,BP,V2,2228,2150,96.49910233393177,False
cssrs06,SUICIDE,int8 categorical,PARTIAL,BP,V3,1497,1449,96.79358717434869,False
cssrs06,SUICIDE,int8 categorical,PARTIAL,BP,V4,512,491,95.8984375,False
cssrs06,SUICIDE,int8 categorical,PARTIAL,SZ,V0,2209,2209,,True
cssrs06,SUICIDE,int8 categorical,PARTIAL,SZ,V1,963,963,,True
cssrs06,SUICIDE,int8 categorical,PARTIAL,SZ,V2,595,595,,True
cssrs06,SUICIDE,int8 categorical,PARTIAL,SZ,V3,456,456,,True
cssrs06,SUICIDE,int8 categorical,PARTIAL,SZ,V4,198,198,,True
cssrs06,SUICIDE,int8 categorical,PARTIAL,DR,V0,552,370,67.02898550724638,False
cssrs06,SUICIDE,int8 categorical,PARTIAL,DR,V1,233,178,76.39484978540773,False
cssrs06,SUICIDE,int8 categorical,PARTIAL,DR,V2,135,101,74.81481481481481,False
cssrs06,SUICIDE,int8 categorical,PARTIAL,DR,V3,3,2,66.66666666666666,False
cssrs06,SUICIDE,int8 categorical,PARTIAL,DR,V4,69,50,72.46376811594203,False
cssrs08,SUICIDE,int8 categorical,PARTIAL,BP,V0,6252,5902,94.40179142674344,False
cssrs08,SUICIDE,int8 categorical,PARTIAL,BP,V1,3074,2931,95.34808067664281,False
cssrs08,SUICIDE,int8 categorical,PARTIAL,BP,V2,2228,2121,95.19748653500898,False
cssrs08,SUICIDE,int8 categorical,PARTIAL,BP,V3,1497,1428,95.39078156312625,False
cssrs08,SUICIDE,int8 categorical,PARTIAL,BP,V4,512,483,94.3359375,False
cssrs08,SUICIDE,int8 categorical,PARTIAL,SZ,V0,2209,2209,,True
cssrs08,SUICIDE,int8 categorical,PARTIAL,SZ,V1,963,963,,True
cssrs08,SUICIDE,int8 categorical,PARTIAL,SZ,V2,595,595,,True
cssrs08,SUICIDE,int8 categorical,PARTIAL,SZ,V3,456,456,,True
cssrs08,SUICIDE,int8 categorical,PARTIAL,SZ,V4,198,198,,True
cssrs08,SUICIDE,int8 categorical,PARTIAL,DR,V0,552,351,63.58695652173913,False
cssrs08,SUICIDE,int8 categorical,PARTIAL,DR,V1,233,178,76.39484978540773,False
cssrs08,SUICIDE,int8 categorical,PARTIAL,DR,V2,135,101,74.81481481481481,False
cssrs08,SUICIDE,int8 categorical,PARTIAL,DR,V3,3,2,66.66666666666666,False
cssrs08,SUICIDE,int8 categorical,PARTIAL,DR,V4,69,50,72.46376811594203,False
cssrs09,SUICIDE,int8 categorical,PARTIAL,BP,V0,6252,5909,94.51375559820858,False
cssrs09,SUICIDE,int8 categorical,PARTIAL,BP,V1,3074,2934,95.44567338972023,False
cssrs09,SUICIDE,int8 categorical,PARTIAL,BP,V2,2228,2121,95.19748653500898,False
cssrs09,SUICIDE,int8 categorical,PARTIAL,BP,V3,1497,1432,95.65798263193052,False
cssrs09,SUICIDE,int8 categorical,PARTIAL,BP,V4,512,483,94.3359375,False
cssrs09,SUICIDE,int8 categorical,PARTIAL,SZ,V0,2209,2209,,True
cssrs09,SUICIDE,int8 categorical,PARTIAL,SZ,V1,963,963,,True
cssrs09,SUICIDE,int8 categorical,PARTIAL,SZ,V2,595,595,,True
cssrs09,SUICIDE,int8 categorical,PARTIAL,SZ,V3,456,456,,True
cssrs09,SUICIDE,int8 categorical,PARTIAL,SZ,V4,198,198,,True
cssrs09,SUICIDE,int8 categorical,PARTIAL,DR,V0,552,351,63.58695652173913,False
cssrs09,SUICIDE,int8 categorical,PARTIAL,DR,V1,233,178,76.39484978540773,False
cssrs09,SUICIDE,int8 categorical,PARTIAL,DR,V2,135,101,74.81481481481481,False
cssrs09,SUICIDE,int8 categorical,PARTIAL,DR,V3,3,2,66.66666666666666,False
cssrs09,SUICIDE,int8 categorical,PARTIAL,DR,V4,69,50,72.46376811594203,False
cssrs10,SUICIDE,int8 categorical,PARTIAL,BP,V0,6252,5911,94.54574536148432,False
cssrs10,SUICIDE,int8 categorical,PARTIAL,BP,V1,3074,2934,95.44567338972023,False
cssrs10,SUICIDE,int8 categorical,PARTIAL,BP,V2,2228,2122,95.2423698384201,False
cssrs10,SUICIDE,int8 categorical,PARTIAL,BP,V3,1497,1430,95.52438209752839,False
cssrs10,SUICIDE,int8 categorical,PARTIAL,BP,V4,512,484,94.53125,False
cssrs10,SUICIDE,int8 categorical,PARTIAL,SZ,V0,2209,2209,,True
cssrs10,SUICIDE,int8 categorical,PARTIAL,SZ,V1,963,963,,True
cssrs10,SUICIDE,int8 categorical,PARTIAL,SZ,V2,595,595,,True
cssrs10,SUICIDE,int8 categorical,PARTIAL,SZ,V3,456,456,,True
cssrs10,SUICIDE,int8 categorical,PARTIAL,SZ,V4,198,198,,True
cssrs10,SUICIDE,int8 categorical,PARTIAL,DR,V0,552,351,63.58695652173913,False
cssrs10,SUICIDE,int8 categorical,PARTIAL,DR,V1,233,178,76.39484978540773,False
cssrs10,SUICIDE,int8 categorical,PARTIAL,DR,V2,135,101,74.81481481481481,False
cssrs10,SUICIDE,int8 categorical,PARTIAL,DR,V3,3,2,66.66666666666666,False
cssrs10,SUICIDE,int8 categorical,PARTIAL,DR,V4,69,50,72.46376811594203,False
cssrs11,SUICIDE,int8 categorical,PARTIAL,BP,V0,6252,5913,94.57773512476008,False
cssrs11,SUICIDE,int8 categorical,PARTIAL,BP,V1,3074,2935,95.47820429407938,False
cssrs11,SUICIDE,int8 categorical,PARTIAL,BP,V2,2228,2122,95.2423698384201,False
cssrs11,SUICIDE,int8 categorical,PARTIAL,BP,V3,1497,1430,95.52438209752839,False
cssrs11,SUICIDE,int8 categorical,PARTIAL,BP,V4,512,483,94.3359375,False
cssrs11,SUICIDE,int8 categorical,PARTIAL,SZ,V0,2209,2209,,True
cssrs11,SUICIDE,int8 categorical,PARTIAL,SZ,V1,963,963,,True
cssrs11,SUICIDE,int8 categorical,PARTIAL,SZ,V2,595,595,,True
cssrs11,SUICIDE,int8 categorical,PARTIAL,SZ,V3,456,456,,True
cssrs11,SUICIDE,int8 categorical,PARTIAL,SZ,V4,198,198,,True
cssrs11,SUICIDE,int8 categorical,PARTIAL,DR,V0,552,350,63.40579710144928,False
cssrs11,SUICIDE,int8 categorical,PARTIAL,DR,V1,233,178,76.39484978540773,False
cssrs11,SUICIDE,int8 categorical,PARTIAL,DR,V2,135,101,74.81481481481481,False
cssrs11,SUICIDE,int8 categorical,PARTIAL,DR,V3,3,2,66.66666666666666,False
cssrs11,SUICIDE,int8 categorical,PARTIAL,DR,V4,69,50,72.46376811594203,False
cssrs12,SUICIDE,int8 categorical,PARTIAL,BP,V0,6252,5915,94.60972488803583,False
cssrs12,SUICIDE,int8 categorical,PARTIAL,BP,V1,3074,2934,95.44567338972023,False
cssrs12,SUICIDE,int8 categorical,PARTIAL,BP,V2,2228,2122,95.2423698384201,False
cssrs12,SUICIDE,int8 categorical,PARTIAL,BP,V3,1497,1431,95.59118236472945,False
cssrs12,SUICIDE,int8 categorical,PARTIAL,BP,V4,512,483,94.3359375,False
cssrs12,SUICIDE,int8 categorical,PARTIAL,SZ,V0,2209,2209,,True
cssrs12,SUICIDE,int8 categorical,PARTIAL,SZ,V1,963,963,,True
cssrs12,SUICIDE,int8 categorical,PARTIAL,SZ,V2,595,595,,True
cssrs12,SUICIDE,int8 categorical,PARTIAL,SZ,V3,456,456,,True
cssrs12,SUICIDE,int8 categorical,PARTIAL,SZ,V4,198,198,,True
cssrs12,SUICIDE,int8 categorical,PARTIAL,DR,V0,552,350,63.40579710144928,False
cssrs12,SUICIDE,int8 categorical,PARTIAL,DR,V1,233,179,76.82403433476395,False
cssrs12,SUICIDE,int8 categorical,PARTIAL,DR,V2,135,100,74.07407407407408,False
cssrs12,SUICIDE,int8 categorical,PARTIAL,DR,V3,3,2,66.66666666666666,False
cssrs12,SUICIDE,int8 categorical,PARTIAL,DR,V4,69,50,72.46376811594203,False
suncf_cigarettes_lt,SUBSTANCES,int8 categorical,READY,BP,V0,6252,479,7.6615483045425465,False
suncf_cigarettes_lt,SUBSTANCES,int8 categorical,READY,BP,V1,3074,369,12.003903708523097,False
suncf_cigarettes_lt,SUBSTANCES,int8 categorical,READY,BP,V2,2228,287,12.881508078994614,False
suncf_cigarettes_lt,SUBSTANCES,int8 categorical,READY,BP,V3,1497,184,12.291249164996659,False
suncf_cigarettes_lt,SUBSTANCES,int8 categorical,READY,BP,V4,512,48,9.375,False
suncf_cigarettes_lt,SUBSTANCES,int8 categorical,READY,SZ,V0,2209,142,6.428248076052512,False
suncf_cigarettes_lt,SUBSTANCES,int8 categorical,READY,SZ,V1,963,123,12.77258566978193,False
suncf_cigarettes_lt,SUBSTANCES,int8 categorical,READY,SZ,V2,595,86,14.453781512605044,False
suncf_cigarettes_lt,SUBSTANCES,int8 categorical,READY,SZ,V3,456,66,14.473684210526317,False
suncf_cigarettes_lt,SUBSTANCES,int8 categorical,READY,SZ,V4,198,39,19.696969696969695,False
suncf_cigarettes_lt,SUBSTANCES,int8 categorical,READY,DR,V0,552,83,15.03623188405797,False
suncf_cigarettes_lt,SUBSTANCES,int8 categorical,READY,DR,V1,233,40,17.167381974248926,False
suncf_cigarettes_lt,SUBSTANCES,int8 categorical,READY,DR,V2,135,28,20.74074074074074,False
suncf_cigarettes_lt,SUBSTANCES,int8 categorical,READY,DR,V3,3,2,66.66666666666666,False
suncf_cigarettes_lt,SUBSTANCES,int8 categorical,READY,DR,V4,69,9,13.043478260869565,False
sudose_cigarettes_lt,SUBSTANCES,float,READY,BP,V0,6252,3806,60.8765195137556,False
sudose_cigarettes_lt,SUBSTANCES,float,READY,BP,V1,3074,2050,66.68835393623944,False
sudose_cigarettes_lt,SUBSTANCES,float,READY,BP,V2,2228,1502,67.41472172351885,False
sudose_cigarettes_lt,SUBSTANCES,float,READY,BP,V3,1497,1046,69.87307949231797,False
sudose_cigarettes_lt,SUBSTANCES,float,READY,BP,V4,512,352,68.75,False
sudose_cigarettes_lt,SUBSTANCES,float,READY,SZ,V0,2209,1240,56.133997283838845,False
sudose_cigarettes_lt,SUBSTANCES,float,READY,SZ,V1,963,626,65.00519210799584,False
sudose_cigarettes_lt,SUBSTANCES,float,READY,SZ,V2,595,416,69.91596638655462,False
sudose_cigarettes_lt,SUBSTANCES,float,READY,SZ,V3,456,302,66.22807017543859,False
sudose_cigarettes_lt,SUBSTANCES,float,READY,SZ,V4,198,148,74.74747474747475,False
sudose_cigarettes_lt,SUBSTANCES,float,READY,DR,V0,552,362,65.57971014492753,False
sudose_cigarettes_lt,SUBSTANCES,float,READY,DR,V1,233,145,62.231759656652365,False
sudose_cigarettes_lt,SUBSTANCES,float,READY,DR,V2,135,89,65.92592592592592,False
sudose_cigarettes_lt,SUBSTANCES,float,READY,DR,V3,3,3,100.0,False
sudose_cigarettes_lt,SUBSTANCES,float,READY,DR,V4,69,44,63.76811594202898,False
agedebut_cigarettes_lt,SUBSTANCES,float,READY,BP,V0,6252,3418,54.67050543825975,False
agedebut_cigarettes_lt,SUBSTANCES,float,READY,BP,V1,3074,1900,61.80871828236825,False
agedebut_cigarettes_lt,SUBSTANCES,float,READY,BP,V2,2228,1404,63.016157989228006,False
agedebut_cigarettes_lt,SUBSTANCES,float,READY,BP,V3,1497,973,64.99665998663995,False
agedebut_cigarettes_lt,SUBSTANCES,float,READY,BP,V4,512,336,65.625,False
agedebut_cigarettes_lt,SUBSTANCES,float,READY,SZ,V0,2209,1076,48.70982344952467,False
agedebut_cigarettes_lt,SUBSTANCES,float,READY,SZ,V1,963,578,60.020768431983385,False
agedebut_cigarettes_lt,SUBSTANCES,float,READY,SZ,V2,595,390,65.54621848739495,False
agedebut_cigarettes_lt,SUBSTANCES,float,READY,SZ,V3,456,288,63.1578947368421,False
agedebut_cigarettes_lt,SUBSTANCES,float,READY,SZ,V4,198,140,70.70707070707071,False
agedebut_cigarettes_lt,SUBSTANCES,float,READY,DR,V0,552,352,63.76811594202898,False
agedebut_cigarettes_lt,SUBSTANCES,float,READY,DR,V1,233,141,60.51502145922747,False
agedebut_cigarettes_lt,SUBSTANCES,float,READY,DR,V2,135,89,65.92592592592592,False
agedebut_cigarettes_lt,SUBSTANCES,float,READY,DR,V3,3,3,100.0,False
agedebut_cigarettes_lt,SUBSTANCES,float,READY,DR,V4,69,44,63.76811594202898,False
agefin_cigarettes_lt,SUBSTANCES,float,READY,BP,V0,6252,5625,89.97120921305182,False
agefin_cigarettes_lt,SUBSTANCES,float,READY,BP,V1,3074,2799,91.05400130123617,False
agefin_cigarettes_lt,SUBSTANCES,float,READY,BP,V2,2228,2023,90.79892280071813,False
agefin_cigarettes_lt,SUBSTANCES,float,READY,BP,V3,1497,1347,89.97995991983969,False
agefin_cigarettes_lt,SUBSTANCES,float,READY,BP,V4,512,463,90.4296875,False
agefin_cigarettes_lt,SUBSTANCES,float,READY,SZ,V0,2209,1988,89.99547306473518,False
agefin_cigarettes_lt,SUBSTANCES,float,READY,SZ,V1,963,887,92.1079958463136,False
agefin_cigarettes_lt,SUBSTANCES,float,READY,SZ,V2,595,549,92.26890756302521,False
agefin_cigarettes_lt,SUBSTANCES,float,READY,SZ,V3,456,415,91.00877192982456,False
agefin_cigarettes_lt,SUBSTANCES,float,READY,SZ,V4,198,181,91.41414141414141,False
agefin_cigarettes_lt,SUBSTANCES,float,READY,DR,V0,552,493,89.31159420289855,False
agefin_cigarettes_lt,SUBSTANCES,float,READY,DR,V1,233,204,87.55364806866953,False
agefin_cigarettes_lt,SUBSTANCES,float,READY,DR,V2,135,119,88.14814814814815,False
agefin_cigarettes_lt,SUBSTANCES,float,READY,DR,V3,3,3,100.0,False
agefin_cigarettes_lt,SUBSTANCES,float,READY,DR,V4,69,61,88.40579710144928,False
cclin01,NEUROPSYCHOLOGIE,string,PARTIAL,BP,V0,6252,1796,28.72680742162508,False
cclin01,NEUROPSYCHOLOGIE,string,PARTIAL,BP,V1,3074,2980,96.94209499024072,False
cclin01,NEUROPSYCHOLOGIE,string,PARTIAL,BP,V2,2228,1005,45.10771992818671,False
cclin01,NEUROPSYCHOLOGIE,string,PARTIAL,BP,V3,1497,1374,91.78356713426854,False
cclin01,NEUROPSYCHOLOGIE,string,PARTIAL,BP,V4,512,413,80.6640625,False
cclin01,NEUROPSYCHOLOGIE,string,PARTIAL,SZ,V0,2209,1643,74.37754640108648,False
cclin01,NEUROPSYCHOLOGIE,string,PARTIAL,SZ,V1,963,779,80.89304257528556,False
cclin01,NEUROPSYCHOLOGIE,string,PARTIAL,SZ,V2,595,578,97.14285714285714,False
cclin01,NEUROPSYCHOLOGIE,string,PARTIAL,SZ,V3,456,422,92.54385964912281,False
cclin01,NEUROPSYCHOLOGIE,string,PARTIAL,SZ,V4,198,196,98.98989898989899,False
cclin01,NEUROPSYCHOLOGIE,string,PARTIAL,DR,V0,552,552,,True
cclin01,NEUROPSYCHOLOGIE,string,PARTIAL,DR,V1,233,233,,True
cclin01,NEUROPSYCHOLOGIE,string,PARTIAL,DR,V2,135,135,,True
cclin01,NEUROPSYCHOLOGIE,string,PARTIAL,DR,V3,3,3,,True
cclin01,NEUROPSYCHOLOGIE,string,PARTIAL,DR,V4,69,69,,True
cclin03,NEUROPSYCHOLOGIE,int8 binary,PARTIAL,BP,V0,6252,1836,29.366602687140116,False
cclin03,NEUROPSYCHOLOGIE,int8 binary,PARTIAL,BP,V1,3074,2983,97.03968770331815,False
cclin03,NEUROPSYCHOLOGIE,int8 binary,PARTIAL,BP,V2,2228,1012,45.421903052064636,False
cclin03,NEUROPSYCHOLOGIE,int8 binary,PARTIAL,BP,V3,1497,1378,92.0507682030728,False
cclin03,NEUROPSYCHOLOGIE,int8 binary,PARTIAL,BP,V4,512,414,80.859375,False
cclin03,NEUROPSYCHOLOGIE,int8 binary,PARTIAL,SZ,V0,2209,1650,74.69443186962427,False
cclin03,NEUROPSYCHOLOGIE,int8 binary,PARTIAL,SZ,V1,963,781,81.10072689511942,False
cclin03,NEUROPSYCHOLOGIE,int8 binary,PARTIAL,SZ,V2,595,578,97.14285714285714,False
cclin03,NEUROPSYCHOLOGIE,int8 binary,PARTIAL,SZ,V3,456,422,92.54385964912281,False
cclin03,NEUROPSYCHOLOGIE,int8 binary,PARTIAL,SZ,V4,198,196,98.98989898989899,False
cclin03,NEUROPSYCHOLOGIE,int8 binary,PARTIAL,DR,V0,552,552,,True
cclin03,NEUROPSYCHOLOGIE,int8 binary,PARTIAL,DR,V1,233,233,,True
cclin03,NEUROPSYCHOLOGIE,int8 binary,PARTIAL,DR,V2,135,135,,True
cclin03,NEUROPSYCHOLOGIE,int8 binary,PARTIAL,DR,V3,3,3,,True
cclin03,NEUROPSYCHOLOGIE,int8 binary,PARTIAL,DR,V4,69,69,,True
cclin04,NEUROPSYCHOLOGIE,int8 binary,PARTIAL,BP,V0,6252,1927,30.82213691618682,False
cclin04,NEUROPSYCHOLOGIE,int8 binary,PARTIAL,BP,V1,3074,2981,96.97462589459988,False
cclin04,NEUROPSYCHOLOGIE,int8 binary,PARTIAL,BP,V2,2228,1059,47.53141831238779,False
cclin04,NEUROPSYCHOLOGIE,int8 binary,PARTIAL,BP,V3,1497,1378,92.0507682030728,False
cclin04,NEUROPSYCHOLOGIE,int8 binary,PARTIAL,BP,V4,512,416,81.25,False
cclin04,NEUROPSYCHOLOGIE,int8 binary,PARTIAL,SZ,V0,2209,1760,79.67406066093254,False
cclin04,NEUROPSYCHOLOGIE,int8 binary,PARTIAL,SZ,V1,963,825,85.66978193146417,False
cclin04,NEUROPSYCHOLOGIE,int8 binary,PARTIAL,SZ,V2,595,582,97.81512605042016,False
cclin04,NEUROPSYCHOLOGIE,int8 binary,PARTIAL,SZ,V3,456,431,94.51754385964912,False
cclin04,NEUROPSYCHOLOGIE,int8 binary,PARTIAL,SZ,V4,198,196,98.98989898989899,False
cclin04,NEUROPSYCHOLOGIE,int8 binary,PARTIAL,DR,V0,552,552,,True
cclin04,NEUROPSYCHOLOGIE,int8 binary,PARTIAL,DR,V1,233,233,,True
cclin04,NEUROPSYCHOLOGIE,int8 binary,PARTIAL,DR,V2,135,135,,True
cclin04,NEUROPSYCHOLOGIE,int8 binary,PARTIAL,DR,V3,3,3,,True
cclin04,NEUROPSYCHOLOGIE,int8 binary,PARTIAL,DR,V4,69,69,,True
cclin08,NEUROPSYCHOLOGIE,string,PARTIAL,BP,V0,6252,1797,28.742802303262955,False
cclin08,NEUROPSYCHOLOGIE,string,PARTIAL,BP,V1,3074,2980,96.94209499024072,False
cclin08,NEUROPSYCHOLOGIE,string,PARTIAL,BP,V2,2228,1005,45.10771992818671,False
cclin08,NEUROPSYCHOLOGIE,string,PARTIAL,BP,V3,1497,1374,91.78356713426854,False
cclin08,NEUROPSYCHOLOGIE,string,PARTIAL,BP,V4,512,413,80.6640625,False
cclin08,NEUROPSYCHOLOGIE,string,PARTIAL,SZ,V0,2209,1644,74.42281575373471,False
cclin08,NEUROPSYCHOLOGIE,string,PARTIAL,SZ,V1,963,779,80.89304257528556,False
cclin08,NEUROPSYCHOLOGIE,string,PARTIAL,SZ,V2,595,578,97.14285714285714,False
cclin08,NEUROPSYCHOLOGIE,string,PARTIAL,SZ,V3,456,422,92.54385964912281,False
cclin08,NEUROPSYCHOLOGIE,string,PARTIAL,SZ,V4,198,196,98.98989898989899,False
cclin08,NEUROPSYCHOLOGIE,string,PARTIAL,DR,V0,552,552,,True
cclin08,NEUROPSYCHOLOGIE,string,PARTIAL,DR,V1,233,233,,True
cclin08,NEUROPSYCHOLOGIE,string,PARTIAL,DR,V2,135,135,,True
cclin08,NEUROPSYCHOLOGIE,string,PARTIAL,DR,V3,3,3,,True
cclin08,NEUROPSYCHOLOGIE,string,PARTIAL,DR,V4,69,69,,True
cclin09,NEUROPSYCHOLOGIE,int8 binary,PARTIAL,BP,V0,6252,1824,29.174664107485604,False
cclin09,NEUROPSYCHOLOGIE,int8 binary,PARTIAL,BP,V1,3074,2981,96.97462589459988,False
cclin09,NEUROPSYCHOLOGIE,int8 binary,PARTIAL,BP,V2,2228,1017,45.64631956912029,False
cclin09,NEUROPSYCHOLOGIE,int8 binary,PARTIAL,BP,V3,1497,1375,91.8503674014696,False
cclin09,NEUROPSYCHOLOGIE,int8 binary,PARTIAL,BP,V4,512,413,80.6640625,False
cclin09,NEUROPSYCHOLOGIE,int8 binary,PARTIAL,SZ,V0,2209,1652,74.78497057492078,False
cclin09,NEUROPSYCHOLOGIE,int8 binary,PARTIAL,SZ,V1,963,781,81.10072689511942,False
cclin09,NEUROPSYCHOLOGIE,int8 binary,PARTIAL,SZ,V2,595,578,97.14285714285714,False
cclin09,NEUROPSYCHOLOGIE,int8 binary,PARTIAL,SZ,V3,456,422,92.54385964912281,False
cclin09,NEUROPSYCHOLOGIE,int8 binary,PARTIAL,SZ,V4,198,196,98.98989898989899,False
cclin09,NEUROPSYCHOLOGIE,int8 binary,PARTIAL,DR,V0,552,552,,True
cclin09,NEUROPSYCHOLOGIE,int8 binary,PARTIAL,DR,V1,233,233,,True
cclin09,NEUROPSYCHOLOGIE,int8 binary,PARTIAL,DR,V2,135,135,,True
cclin09,NEUROPSYCHOLOGIE,int8 binary,PARTIAL,DR,V3,3,3,,True
cclin09,NEUROPSYCHOLOGIE,int8 binary,PARTIAL,DR,V4,69,69,,True
cclin10,NEUROPSYCHOLOGIE,int8 binary,PARTIAL,BP,V0,6252,1830,29.270633397312864,False
cclin10,NEUROPSYCHOLOGIE,int8 binary,PARTIAL,BP,V1,3074,2981,96.97462589459988,False
cclin10,NEUROPSYCHOLOGIE,int8 binary,PARTIAL,BP,V2,2228,1019,45.736086175942546,False
cclin10,NEUROPSYCHOLOGIE,int8 binary,PARTIAL,BP,V3,1497,1375,91.8503674014696,False
cclin10,NEUROPSYCHOLOGIE,int8 binary,PARTIAL,BP,V4,512,413,80.6640625,False
cclin10,NEUROPSYCHOLOGIE,int8 binary,PARTIAL,SZ,V0,2209,1642,74.33227704843821,False
cclin10,NEUROPSYCHOLOGIE,int8 binary,PARTIAL,SZ,V1,963,778,80.78920041536864,False
cclin10,NEUROPSYCHOLOGIE,int8 binary,PARTIAL,SZ,V2,595,578,97.14285714285714,False
cclin10,NEUROPSYCHOLOGIE,int8 binary,PARTIAL,SZ,V3,456,422,92.54385964912281,False
cclin10,NEUROPSYCHOLOGIE,int8 binary,PARTIAL,SZ,V4,198,196,98.98989898989899,False
cclin10,NEUROPSYCHOLOGIE,int8 binary,PARTIAL,DR,V0,552,552,,True
cclin10,NEUROPSYCHOLOGIE,int8 binary,PARTIAL,DR,V1,233,233,,True
cclin10,NEUROPSYCHOLOGIE,int8 binary,PARTIAL,DR,V2,135,135,,True
cclin10,NEUROPSYCHOLOGIE,int8 binary,PARTIAL,DR,V3,3,3,,True
cclin10,NEUROPSYCHOLOGIE,int8 binary,PARTIAL,DR,V4,69,69,,True
cclin11,NEUROPSYCHOLOGIE,int8 binary,PARTIAL,BP,V0,6252,1830,29.270633397312864,False
cclin11,NEUROPSYCHOLOGIE,int8 binary,PARTIAL,BP,V1,3074,2981,96.97462589459988,False
cclin11,NEUROPSYCHOLOGIE,int8 binary,PARTIAL,BP,V2,2228,1017,45.64631956912029,False
cclin11,NEUROPSYCHOLOGIE,int8 binary,PARTIAL,BP,V3,1497,1375,91.8503674014696,False
cclin11,NEUROPSYCHOLOGIE,int8 binary,PARTIAL,BP,V4,512,413,80.6640625,False
cclin11,NEUROPSYCHOLOGIE,int8 binary,PARTIAL,SZ,V0,2209,1659,75.10185604345858,False
cclin11,NEUROPSYCHOLOGIE,int8 binary,PARTIAL,SZ,V1,963,781,81.10072689511942,False
cclin11,NEUROPSYCHOLOGIE,int8 binary,PARTIAL,SZ,V2,595,578,97.14285714285714,False
cclin11,NEUROPSYCHOLOGIE,int8 binary,PARTIAL,SZ,V3,456,422,92.54385964912281,False
cclin11,NEUROPSYCHOLOGIE,int8 binary,PARTIAL,SZ,V4,198,196,98.98989898989899,False
cclin11,NEUROPSYCHOLOGIE,int8 binary,PARTIAL,DR,V0,552,552,,True
cclin11,NEUROPSYCHOLOGIE,int8 binary,PARTIAL,DR,V1,233,233,,True
cclin11,NEUROPSYCHOLOGIE,int8 binary,PARTIAL,DR,V2,135,135,,True
cclin11,NEUROPSYCHOLOGIE,int8 binary,PARTIAL,DR,V3,3,3,,True
cclin11,NEUROPSYCHOLOGIE,int8 binary,PARTIAL,DR,V4,69,69,,True
tmta01,NEUROPSYCHOLOGIE,string,PARTIAL,BP,V0,6252,2016,32.24568138195777,False
tmta01,NEUROPSYCHOLOGIE,string,PARTIAL,BP,V1,3074,2990,97.26740403383214,False
tmta01,NEUROPSYCHOLOGIE,string,PARTIAL,BP,V2,2228,1062,47.666068222621185,False
tmta01,NEUROPSYCHOLOGIE,string,PARTIAL,BP,V3,1497,1383,92.38476953907816,False
tmta01,NEUROPSYCHOLOGIE,string,PARTIAL,BP,V4,512,418,81.640625,False
tmta01,NEUROPSYCHOLOGIE,string,PARTIAL,SZ,V0,2209,407,18.42462652784065,False
tmta01,NEUROPSYCHOLOGIE,string,PARTIAL,SZ,V1,963,224,23.260643821391486,False
tmta01,NEUROPSYCHOLOGIE,string,PARTIAL,SZ,V2,595,557,93.61344537815125,False
tmta01,NEUROPSYCHOLOGIE,string,PARTIAL,SZ,V3,456,140,30.701754385964914,False
tmta01,NEUROPSYCHOLOGIE,string,PARTIAL,SZ,V4,198,171,86.36363636363636,False
tmta01,NEUROPSYCHOLOGIE,string,PARTIAL,DR,V0,552,552,,True
tmta01,NEUROPSYCHOLOGIE,string,PARTIAL,DR,V1,233,233,,True
tmta01,NEUROPSYCHOLOGIE,string,PARTIAL,DR,V2,135,135,,True
tmta01,NEUROPSYCHOLOGIE,string,PARTIAL,DR,V3,3,3,,True
tmta01,NEUROPSYCHOLOGIE,string,PARTIAL,DR,V4,69,69,,True
tmta01a,NEUROPSYCHOLOGIE,string,PARTIAL,BP,V0,6252,2042,32.66154830454255,False
tmta01a,NEUROPSYCHOLOGIE,string,PARTIAL,BP,V1,3074,2989,97.234873129473,False
tmta01a,NEUROPSYCHOLOGIE,string,PARTIAL,BP,V2,2228,1072,48.114901256732495,False
tmta01a,NEUROPSYCHOLOGIE,string,PARTIAL,BP,V3,1497,1385,92.5183700734803,False
tmta01a,NEUROPSYCHOLOGIE,string,PARTIAL,BP,V4,512,418,81.640625,False
tmta01a,NEUROPSYCHOLOGIE,string,PARTIAL,SZ,V0,2209,394,17.83612494341331,False
tmta01a,NEUROPSYCHOLOGIE,string,PARTIAL,SZ,V1,963,214,22.22222222222222,False
tmta01a,NEUROPSYCHOLOGIE,string,PARTIAL,SZ,V2,595,557,93.61344537815125,False
tmta01a,NEUROPSYCHOLOGIE,string,PARTIAL,SZ,V3,456,140,30.701754385964914,False
tmta01a,NEUROPSYCHOLOGIE,string,PARTIAL,SZ,V4,198,171,86.36363636363636,False
tmta01a,NEUROPSYCHOLOGIE,string,PARTIAL,DR,V0,552,552,,True
tmta01a,NEUROPSYCHOLOGIE,string,PARTIAL,DR,V1,233,233,,True
tmta01a,NEUROPSYCHOLOGIE,string,PARTIAL,DR,V2,135,135,,True
tmta01a,NEUROPSYCHOLOGIE,string,PARTIAL,DR,V3,3,3,,True
tmta01a,NEUROPSYCHOLOGIE,string,PARTIAL,DR,V4,69,69,,True
tmta01b,NEUROPSYCHOLOGIE,float,PARTIAL,BP,V0,6252,2043,32.67754318618042,False
tmta01b,NEUROPSYCHOLOGIE,float,PARTIAL,BP,V1,3074,2990,97.26740403383214,False
tmta01b,NEUROPSYCHOLOGIE,float,PARTIAL,BP,V2,2228,1072,48.114901256732495,False
tmta01b,NEUROPSYCHOLOGIE,float,PARTIAL,BP,V3,1497,1385,92.5183700734803,False
tmta01b,NEUROPSYCHOLOGIE,float,PARTIAL,BP,V4,512,418,81.640625,False
tmta01b,NEUROPSYCHOLOGIE,float,PARTIAL,SZ,V0,2209,404,18.288818469895883,False
tmta01b,NEUROPSYCHOLOGIE,float,PARTIAL,SZ,V1,963,224,23.260643821391486,False
tmta01b,NEUROPSYCHOLOGIE,float,PARTIAL,SZ,V2,595,557,93.61344537815125,False
tmta01b,NEUROPSYCHOLOGIE,float,PARTIAL,SZ,V3,456,140,30.701754385964914,False
tmta01b,NEUROPSYCHOLOGIE,float,PARTIAL,SZ,V4,198,171,86.36363636363636,False
tmta01b,NEUROPSYCHOLOGIE,float,PARTIAL,DR,V0,552,552,,True
tmta01b,NEUROPSYCHOLOGIE,float,PARTIAL,DR,V1,233,233,,True
tmta01b,NEUROPSYCHOLOGIE,float,PARTIAL,DR,V2,135,135,,True
tmta01b,NEUROPSYCHOLOGIE,float,PARTIAL,DR,V3,3,3,,True
tmta01b,NEUROPSYCHOLOGIE,float,PARTIAL,DR,V4,69,69,,True
tmta02a,NEUROPSYCHOLOGIE,string,PARTIAL,BP,V0,6252,2042,32.66154830454255,False
tmta02a,NEUROPSYCHOLOGIE,string,PARTIAL,BP,V1,3074,2989,97.234873129473,False
tmta02a,NEUROPSYCHOLOGIE,string,PARTIAL,BP,V2,2228,1072,48.114901256732495,False
tmta02a,NEUROPSYCHOLOGIE,string,PARTIAL,BP,V3,1497,1385,92.5183700734803,False
tmta02a,NEUROPSYCHOLOGIE,string,PARTIAL,BP,V4,512,418,81.640625,False
tmta02a,NEUROPSYCHOLOGIE,string,PARTIAL,SZ,V0,2209,395,17.88139429606157,False
tmta02a,NEUROPSYCHOLOGIE,string,PARTIAL,SZ,V1,963,214,22.22222222222222,False
tmta02a,NEUROPSYCHOLOGIE,string,PARTIAL,SZ,V2,595,557,93.61344537815125,False
tmta02a,NEUROPSYCHOLOGIE,string,PARTIAL,SZ,V3,456,140,30.701754385964914,False
tmta02a,NEUROPSYCHOLOGIE,string,PARTIAL,SZ,V4,198,171,86.36363636363636,False
tmta02a,NEUROPSYCHOLOGIE,string,PARTIAL,DR,V0,552,552,,True
tmta02a,NEUROPSYCHOLOGIE,string,PARTIAL,DR,V1,233,233,,True
tmta02a,NEUROPSYCHOLOGIE,string,PARTIAL,DR,V2,135,135,,True
tmta02a,NEUROPSYCHOLOGIE,string,PARTIAL,DR,V3,3,3,,True
tmta02a,NEUROPSYCHOLOGIE,string,PARTIAL,DR,V4,69,69,,True
tmta02b,NEUROPSYCHOLOGIE,float,PARTIAL,BP,V0,6252,2084,33.33333333333333,False
tmta02b,NEUROPSYCHOLOGIE,float,PARTIAL,BP,V1,3074,2990,97.26740403383214,False
tmta02b,NEUROPSYCHOLOGIE,float,PARTIAL,BP,V2,2228,1081,48.51885098743268,False
tmta02b,NEUROPSYCHOLOGIE,float,PARTIAL,BP,V3,1497,1387,92.65197060788243,False
tmta02b,NEUROPSYCHOLOGIE,float,PARTIAL,BP,V4,512,419,81.8359375,False
tmta02b,NEUROPSYCHOLOGIE,float,PARTIAL,SZ,V0,2209,459,20.778632865550023,False
tmta02b,NEUROPSYCHOLOGIE,float,PARTIAL,SZ,V1,963,231,23.98753894080997,False
tmta02b,NEUROPSYCHOLOGIE,float,PARTIAL,SZ,V2,595,559,93.94957983193277,False
tmta02b,NEUROPSYCHOLOGIE,float,PARTIAL,SZ,V3,456,142,31.140350877192986,False
tmta02b,NEUROPSYCHOLOGIE,float,PARTIAL,SZ,V4,198,173,87.37373737373737,False
tmta02b,NEUROPSYCHOLOGIE,float,PARTIAL,DR,V0,552,552,,True
tmta02b,NEUROPSYCHOLOGIE,float,PARTIAL,DR,V1,233,233,,True
tmta02b,NEUROPSYCHOLOGIE,float,PARTIAL,DR,V2,135,135,,True
tmta02b,NEUROPSYCHOLOGIE,float,PARTIAL,DR,V3,3,3,,True
tmta02b,NEUROPSYCHOLOGIE,float,PARTIAL,DR,V4,69,69,,True
tmta03,NEUROPSYCHOLOGIE,int8 categorical,PARTIAL,BP,V0,6252,2050,32.789507357645554,False
tmta03,NEUROPSYCHOLOGIE,int8 categorical,PARTIAL,BP,V1,3074,2990,97.26740403383214,False
tmta03,NEUROPSYCHOLOGIE,int8 categorical,PARTIAL,BP,V2,2228,1069,47.9802513464991,False
tmta03,NEUROPSYCHOLOGIE,int8 categorical,PARTIAL,BP,V3,1497,1383,92.38476953907816,False
tmta03,NEUROPSYCHOLOGIE,int8 categorical,PARTIAL,BP,V4,512,419,81.8359375,False
tmta03,NEUROPSYCHOLOGIE,int8 categorical,PARTIAL,SZ,V0,2209,463,20.95971027614305,False
tmta03,NEUROPSYCHOLOGIE,int8 categorical,PARTIAL,SZ,V1,963,238,24.714434060228452,False
tmta03,NEUROPSYCHOLOGIE,int8 categorical,PARTIAL,SZ,V2,595,558,93.78151260504201,False
tmta03,NEUROPSYCHOLOGIE,int8 categorical,PARTIAL,SZ,V3,456,145,31.798245614035086,False
tmta03,NEUROPSYCHOLOGIE,int8 categorical,PARTIAL,SZ,V4,198,173,87.37373737373737,False
tmta03,NEUROPSYCHOLOGIE,int8 categorical,PARTIAL,DR,V0,552,552,,True
tmta03,NEUROPSYCHOLOGIE,int8 categorical,PARTIAL,DR,V1,233,233,,True
tmta03,NEUROPSYCHOLOGIE,int8 categorical,PARTIAL,DR,V2,135,135,,True
tmta03,NEUROPSYCHOLOGIE,int8 categorical,PARTIAL,DR,V3,3,3,,True
tmta03,NEUROPSYCHOLOGIE,int8 categorical,PARTIAL,DR,V4,69,69,,True
tmta04,NEUROPSYCHOLOGIE,int8 categorical,PARTIAL,BP,V0,6252,2055,32.869481765834934,False
tmta04,NEUROPSYCHOLOGIE,int8 categorical,PARTIAL,BP,V1,3074,2990,97.26740403383214,False
tmta04,NEUROPSYCHOLOGIE,int8 categorical,PARTIAL,BP,V2,2228,1071,48.07001795332136,False
tmta04,NEUROPSYCHOLOGIE,int8 categorical,PARTIAL,BP,V3,1497,1385,92.5183700734803,False
tmta04,NEUROPSYCHOLOGIE,int8 categorical,PARTIAL,BP,V4,512,419,81.8359375,False
tmta04,NEUROPSYCHOLOGIE,int8 categorical,PARTIAL,SZ,V0,2209,468,21.186057039384337,False
tmta04,NEUROPSYCHOLOGIE,int8 categorical,PARTIAL,SZ,V1,963,243,25.233644859813083,False
tmta04,NEUROPSYCHOLOGIE,int8 categorical,PARTIAL,SZ,V2,595,559,93.94957983193277,False
tmta04,NEUROPSYCHOLOGIE,int8 categorical,PARTIAL,SZ,V3,456,144,31.57894736842105,False
tmta04,NEUROPSYCHOLOGIE,int8 categorical,PARTIAL,SZ,V4,198,173,87.37373737373737,False
tmta04,NEUROPSYCHOLOGIE,int8 categorical,PARTIAL,DR,V0,552,552,,True
tmta04,NEUROPSYCHOLOGIE,int8 categorical,PARTIAL,DR,V1,233,233,,True
tmta04,NEUROPSYCHOLOGIE,int8 categorical,PARTIAL,DR,V2,135,135,,True
tmta04,NEUROPSYCHOLOGIE,int8 categorical,PARTIAL,DR,V3,3,3,,True
tmta04,NEUROPSYCHOLOGIE,int8 categorical,PARTIAL,DR,V4,69,69,,True
tmtb01,NEUROPSYCHOLOGIE,string,PARTIAL,BP,V0,6252,2046,32.72552783109405,False
tmtb01,NEUROPSYCHOLOGIE,string,PARTIAL,BP,V1,3074,2990,97.26740403383214,False
tmtb01,NEUROPSYCHOLOGIE,string,PARTIAL,BP,V2,2228,1065,47.800718132854584,False
tmtb01,NEUROPSYCHOLOGIE,string,PARTIAL,BP,V3,1497,1383,92.38476953907816,False
tmtb01,NEUROPSYCHOLOGIE,string,PARTIAL,BP,V4,512,418,81.640625,False
tmtb01,NEUROPSYCHOLOGIE,string,PARTIAL,SZ,V0,2209,443,20.05432322317791,False
tmtb01,NEUROPSYCHOLOGIE,string,PARTIAL,SZ,V1,963,238,24.714434060228452,False
tmtb01,NEUROPSYCHOLOGIE,string,PARTIAL,SZ,V2,595,558,93.78151260504201,False
tmtb01,NEUROPSYCHOLOGIE,string,PARTIAL,SZ,V3,456,149,32.67543859649123,False
tmtb01,NEUROPSYCHOLOGIE,string,PARTIAL,SZ,V4,198,171,86.36363636363636,False
tmtb01,NEUROPSYCHOLOGIE,string,PARTIAL,DR,V0,552,552,,True
tmtb01,NEUROPSYCHOLOGIE,string,PARTIAL,DR,V1,233,233,,True
tmtb01,NEUROPSYCHOLOGIE,string,PARTIAL,DR,V2,135,135,,True
tmtb01,NEUROPSYCHOLOGIE,string,PARTIAL,DR,V3,3,3,,True
tmtb01,NEUROPSYCHOLOGIE,string,PARTIAL,DR,V4,69,69,,True
tmtb01a,NEUROPSYCHOLOGIE,string,PARTIAL,BP,V0,6252,2042,32.66154830454255,False
tmtb01a,NEUROPSYCHOLOGIE,string,PARTIAL,BP,V1,3074,2989,97.234873129473,False
tmtb01a,NEUROPSYCHOLOGIE,string,PARTIAL,BP,V2,2228,1072,48.114901256732495,False
tmtb01a,NEUROPSYCHOLOGIE,string,PARTIAL,BP,V3,1497,1385,92.5183700734803,False
tmtb01a,NEUROPSYCHOLOGIE,string,PARTIAL,BP,V4,512,418,81.640625,False
tmtb01a,NEUROPSYCHOLOGIE,string,PARTIAL,SZ,V0,2209,396,17.926663648709823,False
tmtb01a,NEUROPSYCHOLOGIE,string,PARTIAL,SZ,V1,963,214,22.22222222222222,False
tmtb01a,NEUROPSYCHOLOGIE,string,PARTIAL,SZ,V2,595,557,93.61344537815125,False
tmtb01a,NEUROPSYCHOLOGIE,string,PARTIAL,SZ,V3,456,140,30.701754385964914,False
tmtb01a,NEUROPSYCHOLOGIE,string,PARTIAL,SZ,V4,198,171,86.36363636363636,False
tmtb01a,NEUROPSYCHOLOGIE,string,PARTIAL,DR,V0,552,552,,True
tmtb01a,NEUROPSYCHOLOGIE,string,PARTIAL,DR,V1,233,233,,True
tmtb01a,NEUROPSYCHOLOGIE,string,PARTIAL,DR,V2,135,135,,True
tmtb01a,NEUROPSYCHOLOGIE,string,PARTIAL,DR,V3,3,3,,True
tmtb01a,NEUROPSYCHOLOGIE,string,PARTIAL,DR,V4,69,69,,True
tmtb01b,NEUROPSYCHOLOGIE,float,PARTIAL,BP,V0,6252,2087,33.38131797824696,False
tmtb01b,NEUROPSYCHOLOGIE,float,PARTIAL,BP,V1,3074,2990,97.26740403383214,False
tmtb01b,NEUROPSYCHOLOGIE,float,PARTIAL,BP,V2,2228,1077,48.339317773788146,False
tmtb01b,NEUROPSYCHOLOGIE,float,PARTIAL,BP,V3,1497,1385,92.5183700734803,False
tmtb01b,NEUROPSYCHOLOGIE,float,PARTIAL,BP,V4,512,419,81.8359375,False
tmtb01b,NEUROPSYCHOLOGIE,float,PARTIAL,SZ,V0,2209,492,22.272521502942507,False
tmtb01b,NEUROPSYCHOLOGIE,float,PARTIAL,SZ,V1,963,245,25.44132917964694,False
tmtb01b,NEUROPSYCHOLOGIE,float,PARTIAL,SZ,V2,595,563,94.62184873949579,False
tmtb01b,NEUROPSYCHOLOGIE,float,PARTIAL,SZ,V3,456,151,33.114035087719294,False
tmtb01b,NEUROPSYCHOLOGIE,float,PARTIAL,SZ,V4,198,172,86.86868686868688,False
tmtb01b,NEUROPSYCHOLOGIE,float,PARTIAL,DR,V0,552,552,,True
tmtb01b,NEUROPSYCHOLOGIE,float,PARTIAL,DR,V1,233,233,,True
tmtb01b,NEUROPSYCHOLOGIE,float,PARTIAL,DR,V2,135,135,,True
tmtb01b,NEUROPSYCHOLOGIE,float,PARTIAL,DR,V3,3,3,,True
tmtb01b,NEUROPSYCHOLOGIE,float,PARTIAL,DR,V4,69,69,,True
tmtb02a,NEUROPSYCHOLOGIE,string,PARTIAL,BP,V0,6252,2042,32.66154830454255,False
tmtb02a,NEUROPSYCHOLOGIE,string,PARTIAL,BP,V1,3074,2989,97.234873129473,False
tmtb02a,NEUROPSYCHOLOGIE,string,PARTIAL,BP,V2,2228,1072,48.114901256732495,False
tmtb02a,NEUROPSYCHOLOGIE,string,PARTIAL,BP,V3,1497,1385,92.5183700734803,False
tmtb02a,NEUROPSYCHOLOGIE,string,PARTIAL,BP,V4,512,418,81.640625,False
tmtb02a,NEUROPSYCHOLOGIE,string,PARTIAL,SZ,V0,2209,396,17.926663648709823,False
tmtb02a,NEUROPSYCHOLOGIE,string,PARTIAL,SZ,V1,963,214,22.22222222222222,False
tmtb02a,NEUROPSYCHOLOGIE,string,PARTIAL,SZ,V2,595,557,93.61344537815125,False
tmtb02a,NEUROPSYCHOLOGIE,string,PARTIAL,SZ,V3,456,140,30.701754385964914,False
tmtb02a,NEUROPSYCHOLOGIE,string,PARTIAL,SZ,V4,198,171,86.36363636363636,False
tmtb02a,NEUROPSYCHOLOGIE,string,PARTIAL,DR,V0,552,552,,True
tmtb02a,NEUROPSYCHOLOGIE,string,PARTIAL,DR,V1,233,233,,True
tmtb02a,NEUROPSYCHOLOGIE,string,PARTIAL,DR,V2,135,135,,True
tmtb02a,NEUROPSYCHOLOGIE,string,PARTIAL,DR,V3,3,3,,True
tmtb02a,NEUROPSYCHOLOGIE,string,PARTIAL,DR,V4,69,69,,True
tmtb02b,NEUROPSYCHOLOGIE,float,PARTIAL,BP,V0,6252,2125,33.98912348048624,False
tmtb02b,NEUROPSYCHOLOGIE,float,PARTIAL,BP,V1,3074,2991,97.29993493819129,False
tmtb02b,NEUROPSYCHOLOGIE,float,PARTIAL,BP,V2,2228,1088,48.83303411131059,False
tmtb02b,NEUROPSYCHOLOGIE,float,PARTIAL,BP,V3,1497,1388,92.71877087508351,False
tmtb02b,NEUROPSYCHOLOGIE,float,PARTIAL,BP,V4,512,419,81.8359375,False
tmtb02b,NEUROPSYCHOLOGIE,float,PARTIAL,SZ,V0,2209,547,24.76233589859665,False
tmtb02b,NEUROPSYCHOLOGIE,float,PARTIAL,SZ,V1,963,259,26.895119418483905,False
tmtb02b,NEUROPSYCHOLOGIE,float,PARTIAL,SZ,V2,595,563,94.62184873949579,False
tmtb02b,NEUROPSYCHOLOGIE,float,PARTIAL,SZ,V3,456,151,33.114035087719294,False
tmtb02b,NEUROPSYCHOLOGIE,float,PARTIAL,SZ,V4,198,173,87.37373737373737,False
tmtb02b,NEUROPSYCHOLOGIE,float,PARTIAL,DR,V0,552,552,,True
tmtb02b,NEUROPSYCHOLOGIE,float,PARTIAL,DR,V1,233,233,,True
tmtb02b,NEUROPSYCHOLOGIE,float,PARTIAL,DR,V2,135,135,,True
tmtb02b,NEUROPSYCHOLOGIE,float,PARTIAL,DR,V3,3,3,,True
tmtb02b,NEUROPSYCHOLOGIE,float,PARTIAL,DR,V4,69,69,,True
tmtb03,NEUROPSYCHOLOGIE,string,PARTIAL,BP,V0,6252,2086,33.36532309660908,False
tmtb03,NEUROPSYCHOLOGIE,string,PARTIAL,BP,V1,3074,2990,97.26740403383214,False
tmtb03,NEUROPSYCHOLOGIE,string,PARTIAL,BP,V2,2228,1075,48.24955116696589,False
tmtb03,NEUROPSYCHOLOGIE,string,PARTIAL,BP,V3,1497,1385,92.5183700734803,False
tmtb03,NEUROPSYCHOLOGIE,string,PARTIAL,BP,V4,512,419,81.8359375,False
tmtb03,NEUROPSYCHOLOGIE,string,PARTIAL,SZ,V0,2209,492,22.272521502942507,False
tmtb03,NEUROPSYCHOLOGIE,string,PARTIAL,SZ,V1,963,253,26.272066458982344,False
tmtb03,NEUROPSYCHOLOGIE,string,PARTIAL,SZ,V2,595,559,93.94957983193277,False
tmtb03,NEUROPSYCHOLOGIE,string,PARTIAL,SZ,V3,456,149,32.67543859649123,False
tmtb03,NEUROPSYCHOLOGIE,string,PARTIAL,SZ,V4,198,173,87.37373737373737,False
tmtb03,NEUROPSYCHOLOGIE,string,PARTIAL,DR,V0,552,552,,True
tmtb03,NEUROPSYCHOLOGIE,string,PARTIAL,DR,V1,233,233,,True
tmtb03,NEUROPSYCHOLOGIE,string,PARTIAL,DR,V2,135,135,,True
tmtb03,NEUROPSYCHOLOGIE,string,PARTIAL,DR,V3,3,3,,True
tmtb03,NEUROPSYCHOLOGIE,string,PARTIAL,DR,V4,69,69,,True
tmtb04,NEUROPSYCHOLOGIE,string,PARTIAL,BP,V0,6252,2082,33.301343570057576,False
tmtb04,NEUROPSYCHOLOGIE,string,PARTIAL,BP,V1,3074,2990,97.26740403383214,False
tmtb04,NEUROPSYCHOLOGIE,string,PARTIAL,BP,V2,2228,1075,48.24955116696589,False
tmtb04,NEUROPSYCHOLOGIE,string,PARTIAL,BP,V3,1497,1386,92.58517034068137,False
tmtb04,NEUROPSYCHOLOGIE,string,PARTIAL,BP,V4,512,419,81.8359375,False
tmtb04,NEUROPSYCHOLOGIE,string,PARTIAL,SZ,V0,2209,495,22.40832956088728,False
tmtb04,NEUROPSYCHOLOGIE,string,PARTIAL,SZ,V1,963,252,26.168224299065418,False
tmtb04,NEUROPSYCHOLOGIE,string,PARTIAL,SZ,V2,595,559,93.94957983193277,False
tmtb04,NEUROPSYCHOLOGIE,string,PARTIAL,SZ,V3,456,150,32.89473684210527,False
tmtb04,NEUROPSYCHOLOGIE,string,PARTIAL,SZ,V4,198,172,86.86868686868688,False
tmtb04,NEUROPSYCHOLOGIE,string,PARTIAL,DR,V0,552,552,,True
tmtb04,NEUROPSYCHOLOGIE,string,PARTIAL,DR,V1,233,233,,True
tmtb04,NEUROPSYCHOLOGIE,string,PARTIAL,DR,V2,135,135,,True
tmtb04,NEUROPSYCHOLOGIE,string,PARTIAL,DR,V3,3,3,,True
tmtb04,NEUROPSYCHOLOGIE,string,PARTIAL,DR,V4,69,69,,True
tmtb05,NEUROPSYCHOLOGIE,string,PARTIAL,BP,V0,6252,3034,48.528470889315415,False
tmtb05,NEUROPSYCHOLOGIE,string,PARTIAL,BP,V1,3074,2997,97.49512036434614,False
tmtb05,NEUROPSYCHOLOGIE,string,PARTIAL,BP,V2,2228,1212,54.39856373429084,False
tmtb05,NEUROPSYCHOLOGIE,string,PARTIAL,BP,V3,1497,1394,93.11957247828991,False
tmtb05,NEUROPSYCHOLOGIE,string,PARTIAL,BP,V4,512,430,83.984375,False
tmtb05,NEUROPSYCHOLOGIE,string,PARTIAL,SZ,V0,2209,577,26.120416478044362,False
tmtb05,NEUROPSYCHOLOGIE,string,PARTIAL,SZ,V1,963,311,32.294911734164074,False
tmtb05,NEUROPSYCHOLOGIE,string,PARTIAL,SZ,V2,595,560,94.11764705882352,False
tmtb05,NEUROPSYCHOLOGIE,string,PARTIAL,SZ,V3,456,162,35.526315789473685,False
tmtb05,NEUROPSYCHOLOGIE,string,PARTIAL,SZ,V4,198,175,88.38383838383838,False
tmtb05,NEUROPSYCHOLOGIE,string,PARTIAL,DR,V0,552,552,,True
tmtb05,NEUROPSYCHOLOGIE,string,PARTIAL,DR,V1,233,233,,True
tmtb05,NEUROPSYCHOLOGIE,string,PARTIAL,DR,V2,135,135,,True
tmtb05,NEUROPSYCHOLOGIE,string,PARTIAL,DR,V3,3,3,,True
tmtb05,NEUROPSYCHOLOGIE,string,PARTIAL,DR,V4,69,69,,True
tmtb05a,NEUROPSYCHOLOGIE,string,PARTIAL,BP,V0,6252,2762,44.17786308381318,False
tmtb05a,NEUROPSYCHOLOGIE,string,PARTIAL,BP,V1,3074,2992,97.33246584255042,False
tmtb05a,NEUROPSYCHOLOGIE,string,PARTIAL,BP,V2,2228,1130,50.7181328545781,False
tmtb05a,NEUROPSYCHOLOGIE,string,PARTIAL,BP,V3,1497,1388,92.71877087508351,False
tmtb05a,NEUROPSYCHOLOGIE,string,PARTIAL,BP,V4,512,419,81.8359375,False
tmtb05a,NEUROPSYCHOLOGIE,string,PARTIAL,SZ,V0,2209,396,17.926663648709823,False
tmtb05a,NEUROPSYCHOLOGIE,string,PARTIAL,SZ,V1,963,214,22.22222222222222,False
tmtb05a,NEUROPSYCHOLOGIE,string,PARTIAL,SZ,V2,595,557,93.61344537815125,False
tmtb05a,NEUROPSYCHOLOGIE,string,PARTIAL,SZ,V3,456,140,30.701754385964914,False
tmtb05a,NEUROPSYCHOLOGIE,string,PARTIAL,SZ,V4,198,171,86.36363636363636,False
tmtb05a,NEUROPSYCHOLOGIE,string,PARTIAL,DR,V0,552,552,,True
tmtb05a,NEUROPSYCHOLOGIE,string,PARTIAL,DR,V1,233,233,,True
tmtb05a,NEUROPSYCHOLOGIE,string,PARTIAL,DR,V2,135,135,,True
tmtb05a,NEUROPSYCHOLOGIE,string,PARTIAL,DR,V3,3,3,,True
tmtb05a,NEUROPSYCHOLOGIE,string,PARTIAL,DR,V4,69,69,,True
tmtba01,NEUROPSYCHOLOGIE,float,PARTIAL,BP,V0,6252,2061,32.965451055662186,False
tmtba01,NEUROPSYCHOLOGIE,float,PARTIAL,BP,V1,3074,2990,97.26740403383214,False
tmtba01,NEUROPSYCHOLOGIE,float,PARTIAL,BP,V2,2228,1067,47.89048473967684,False
tmtba01,NEUROPSYCHOLOGIE,float,PARTIAL,BP,V3,1497,1383,92.38476953907816,False
tmtba01,NEUROPSYCHOLOGIE,float,PARTIAL,BP,V4,512,419,81.8359375,False
tmtba01,NEUROPSYCHOLOGIE,float,PARTIAL,SZ,V0,2209,493,22.317790855590765,False
tmtba01,NEUROPSYCHOLOGIE,float,PARTIAL,SZ,V1,963,245,25.44132917964694,False
tmtba01,NEUROPSYCHOLOGIE,float,PARTIAL,SZ,V2,595,563,94.62184873949579,False
tmtba01,NEUROPSYCHOLOGIE,float,PARTIAL,SZ,V3,456,151,33.114035087719294,False
tmtba01,NEUROPSYCHOLOGIE,float,PARTIAL,SZ,V4,198,172,86.86868686868688,False
tmtba01,NEUROPSYCHOLOGIE,float,PARTIAL,DR,V0,552,552,,True
tmtba01,NEUROPSYCHOLOGIE,float,PARTIAL,DR,V1,233,233,,True
tmtba01,NEUROPSYCHOLOGIE,float,PARTIAL,DR,V2,135,135,,True
tmtba01,NEUROPSYCHOLOGIE,float,PARTIAL,DR,V3,3,3,,True
tmtba01,NEUROPSYCHOLOGIE,float,PARTIAL,DR,V4,69,69,,True
tmtba01a,NEUROPSYCHOLOGIE,string,PARTIAL,BP,V0,6252,2040,32.629558541266796,False
tmtba01a,NEUROPSYCHOLOGIE,string,PARTIAL,BP,V1,3074,2989,97.234873129473,False
tmtba01a,NEUROPSYCHOLOGIE,string,PARTIAL,BP,V2,2228,1070,48.025134649910235,False
tmtba01a,NEUROPSYCHOLOGIE,string,PARTIAL,BP,V3,1497,1385,92.5183700734803,False
tmtba01a,NEUROPSYCHOLOGIE,string,PARTIAL,BP,V4,512,418,81.640625,False
tmtba01a,NEUROPSYCHOLOGIE,string,PARTIAL,SZ,V0,2209,396,17.926663648709823,False
tmtba01a,NEUROPSYCHOLOGIE,string,PARTIAL,SZ,V1,963,214,22.22222222222222,False
tmtba01a,NEUROPSYCHOLOGIE,string,PARTIAL,SZ,V2,595,557,93.61344537815125,False
tmtba01a,NEUROPSYCHOLOGIE,string,PARTIAL,SZ,V3,456,140,30.701754385964914,False
tmtba01a,NEUROPSYCHOLOGIE,string,PARTIAL,SZ,V4,198,171,86.36363636363636,False
tmtba01a,NEUROPSYCHOLOGIE,string,PARTIAL,DR,V0,552,552,,True
tmtba01a,NEUROPSYCHOLOGIE,string,PARTIAL,DR,V1,233,233,,True
tmtba01a,NEUROPSYCHOLOGIE,string,PARTIAL,DR,V2,135,135,,True
tmtba01a,NEUROPSYCHOLOGIE,string,PARTIAL,DR,V3,3,3,,True
tmtba01a,NEUROPSYCHOLOGIE,string,PARTIAL,DR,V4,69,69,,True
tmtba01b,NEUROPSYCHOLOGIE,float,PARTIAL,BP,V0,6252,2085,33.34932821497121,False
tmtba01b,NEUROPSYCHOLOGIE,float,PARTIAL,BP,V1,3074,2990,97.26740403383214,False
tmtba01b,NEUROPSYCHOLOGIE,float,PARTIAL,BP,V2,2228,1076,48.29443447037702,False
tmtba01b,NEUROPSYCHOLOGIE,float,PARTIAL,BP,V3,1497,1385,92.5183700734803,False
tmtba01b,NEUROPSYCHOLOGIE,float,PARTIAL,BP,V4,512,419,81.8359375,False
tmtba01b,NEUROPSYCHOLOGIE,float,PARTIAL,SZ,V0,2209,493,22.317790855590765,False
tmtba01b,NEUROPSYCHOLOGIE,float,PARTIAL,SZ,V1,963,245,25.44132917964694,False
tmtba01b,NEUROPSYCHOLOGIE,float,PARTIAL,SZ,V2,595,563,94.62184873949579,False
tmtba01b,NEUROPSYCHOLOGIE,float,PARTIAL,SZ,V3,456,151,33.114035087719294,False
tmtba01b,NEUROPSYCHOLOGIE,float,PARTIAL,SZ,V4,198,172,86.86868686868688,False
tmtba01b,NEUROPSYCHOLOGIE,float,PARTIAL,DR,V0,552,552,,True
tmtba01b,NEUROPSYCHOLOGIE,float,PARTIAL,DR,V1,233,233,,True
tmtba01b,NEUROPSYCHOLOGIE,float,PARTIAL,DR,V2,135,135,,True
tmtba01b,NEUROPSYCHOLOGIE,float,PARTIAL,DR,V3,3,3,,True
tmtba01b,NEUROPSYCHOLOGIE,float,PARTIAL,DR,V4,69,69,,True
tmtba02,NEUROPSYCHOLOGIE,float,PARTIAL,BP,V0,6252,2834,45.32949456174024,False
tmtba02,NEUROPSYCHOLOGIE,float,PARTIAL,BP,V1,3074,2994,97.3975276512687,False
tmtba02,NEUROPSYCHOLOGIE,float,PARTIAL,BP,V2,2228,1147,51.48114901256733,False
tmtba02,NEUROPSYCHOLOGIE,float,PARTIAL,BP,V3,1497,1391,92.9191716766867,False
tmtba02,NEUROPSYCHOLOGIE,float,PARTIAL,BP,V4,512,419,81.8359375,False
tmtba02,NEUROPSYCHOLOGIE,float,PARTIAL,SZ,V0,2209,560,25.35083748302399,False
tmtba02,NEUROPSYCHOLOGIE,float,PARTIAL,SZ,V1,963,262,27.206645898234683,False
tmtba02,NEUROPSYCHOLOGIE,float,PARTIAL,SZ,V2,595,564,94.78991596638654,False
tmtba02,NEUROPSYCHOLOGIE,float,PARTIAL,SZ,V3,456,154,33.771929824561404,False
tmtba02,NEUROPSYCHOLOGIE,float,PARTIAL,SZ,V4,198,173,87.37373737373737,False
tmtba02,NEUROPSYCHOLOGIE,float,PARTIAL,DR,V0,552,552,,True
tmtba02,NEUROPSYCHOLOGIE,float,PARTIAL,DR,V1,233,233,,True
tmtba02,NEUROPSYCHOLOGIE,float,PARTIAL,DR,V2,135,135,,True
tmtba02,NEUROPSYCHOLOGIE,float,PARTIAL,DR,V3,3,3,,True
tmtba02,NEUROPSYCHOLOGIE,float,PARTIAL,DR,V4,69,69,,True
tmtba02a,NEUROPSYCHOLOGIE,string,PARTIAL,BP,V0,6252,2763,44.19385796545106,False
tmtba02a,NEUROPSYCHOLOGIE,string,PARTIAL,BP,V1,3074,2992,97.33246584255042,False
tmtba02a,NEUROPSYCHOLOGIE,string,PARTIAL,BP,V2,2228,1130,50.7181328545781,False
tmtba02a,NEUROPSYCHOLOGIE,string,PARTIAL,BP,V3,1497,1388,92.71877087508351,False
tmtba02a,NEUROPSYCHOLOGIE,string,PARTIAL,BP,V4,512,418,81.640625,False
tmtba02a,NEUROPSYCHOLOGIE,string,PARTIAL,SZ,V0,2209,396,17.926663648709823,False
tmtba02a,NEUROPSYCHOLOGIE,string,PARTIAL,SZ,V1,963,214,22.22222222222222,False
tmtba02a,NEUROPSYCHOLOGIE,string,PARTIAL,SZ,V2,595,557,93.61344537815125,False
tmtba02a,NEUROPSYCHOLOGIE,string,PARTIAL,SZ,V3,456,140,30.701754385964914,False
tmtba02a,NEUROPSYCHOLOGIE,string,PARTIAL,SZ,V4,198,171,86.36363636363636,False
tmtba02a,NEUROPSYCHOLOGIE,string,PARTIAL,DR,V0,552,552,,True
tmtba02a,NEUROPSYCHOLOGIE,string,PARTIAL,DR,V1,233,233,,True
tmtba02a,NEUROPSYCHOLOGIE,string,PARTIAL,DR,V2,135,135,,True
tmtba02a,NEUROPSYCHOLOGIE,string,PARTIAL,DR,V3,3,3,,True
tmtba02a,NEUROPSYCHOLOGIE,string,PARTIAL,DR,V4,69,69,,True
tmtba02b,NEUROPSYCHOLOGIE,float,PARTIAL,BP,V0,6252,2840,45.4254638515675,False
tmtba02b,NEUROPSYCHOLOGIE,float,PARTIAL,BP,V1,3074,2994,97.3975276512687,False
tmtba02b,NEUROPSYCHOLOGIE,float,PARTIAL,BP,V2,2228,1149,51.57091561938959,False
tmtba02b,NEUROPSYCHOLOGIE,float,PARTIAL,BP,V3,1497,1391,92.9191716766867,False
tmtba02b,NEUROPSYCHOLOGIE,float,PARTIAL,BP,V4,512,419,81.8359375,False
tmtba02b,NEUROPSYCHOLOGIE,float,PARTIAL,SZ,V0,2209,494,22.363060208239023,False
tmtba02b,NEUROPSYCHOLOGIE,float,PARTIAL,SZ,V1,963,246,25.54517133956386,False
tmtba02b,NEUROPSYCHOLOGIE,float,PARTIAL,SZ,V2,595,559,93.94957983193277,False
tmtba02b,NEUROPSYCHOLOGIE,float,PARTIAL,SZ,V3,456,146,32.01754385964912,False
tmtba02b,NEUROPSYCHOLOGIE,float,PARTIAL,SZ,V4,198,173,87.37373737373737,False
tmtba02b,NEUROPSYCHOLOGIE,float,PARTIAL,DR,V0,552,552,,True
tmtba02b,NEUROPSYCHOLOGIE,float,PARTIAL,DR,V1,233,233,,True
tmtba02b,NEUROPSYCHOLOGIE,float,PARTIAL,DR,V2,135,135,,True
tmtba02b,NEUROPSYCHOLOGIE,float,PARTIAL,DR,V3,3,3,,True
tmtba02b,NEUROPSYCHOLOGIE,float,PARTIAL,DR,V4,69,69,,True
cvlt05,NEUROPSYCHOLOGIE,float,PARTIAL,BP,V0,6252,2091,33.44529750479847,False
cvlt05,NEUROPSYCHOLOGIE,float,PARTIAL,BP,V1,3074,2989,97.234873129473,False
cvlt05,NEUROPSYCHOLOGIE,float,PARTIAL,BP,V2,2228,1067,47.89048473967684,False
cvlt05,NEUROPSYCHOLOGIE,float,PARTIAL,BP,V3,1497,1386,92.58517034068137,False
cvlt05,NEUROPSYCHOLOGIE,float,PARTIAL,BP,V4,512,418,81.640625,False
cvlt05,NEUROPSYCHOLOGIE,float,PARTIAL,SZ,V0,2209,535,24.219103666817567,False
cvlt05,NEUROPSYCHOLOGIE,float,PARTIAL,SZ,V1,963,927,96.26168224299066,False
cvlt05,NEUROPSYCHOLOGIE,float,PARTIAL,SZ,V2,595,583,97.98319327731092,False
cvlt05,NEUROPSYCHOLOGIE,float,PARTIAL,SZ,V3,456,156,34.21052631578947,False
cvlt05,NEUROPSYCHOLOGIE,float,PARTIAL,SZ,V4,198,173,87.37373737373737,False
cvlt05,NEUROPSYCHOLOGIE,float,PARTIAL,DR,V0,552,552,,True
cvlt05,NEUROPSYCHOLOGIE,float,PARTIAL,DR,V1,233,233,,True
cvlt05,NEUROPSYCHOLOGIE,float,PARTIAL,DR,V2,135,135,,True
cvlt05,NEUROPSYCHOLOGIE,float,PARTIAL,DR,V3,3,3,,True
cvlt05,NEUROPSYCHOLOGIE,float,PARTIAL,DR,V4,69,69,,True
cvlt05z,NEUROPSYCHOLOGIE,string,PARTIAL,BP,V0,6252,2092,33.46129238643634,False
cvlt05z,NEUROPSYCHOLOGIE,string,PARTIAL,BP,V1,3074,2989,97.234873129473,False
cvlt05z,NEUROPSYCHOLOGIE,string,PARTIAL,BP,V2,2228,1067,47.89048473967684,False
cvlt05z,NEUROPSYCHOLOGIE,string,PARTIAL,BP,V3,1497,1386,92.58517034068137,False
cvlt05z,NEUROPSYCHOLOGIE,string,PARTIAL,BP,V4,512,418,81.640625,False
cvlt05z,NEUROPSYCHOLOGIE,string,PARTIAL,SZ,V0,2209,1993,90.22181982797646,False
cvlt05z,NEUROPSYCHOLOGIE,string,PARTIAL,SZ,V1,963,957,99.37694704049844,False
cvlt05z,NEUROPSYCHOLOGIE,string,PARTIAL,SZ,V2,595,592,99.49579831932773,False
cvlt05z,NEUROPSYCHOLOGIE,string,PARTIAL,SZ,V3,456,409,89.69298245614034,False
cvlt05z,NEUROPSYCHOLOGIE,string,PARTIAL,SZ,V4,198,190,95.95959595959596,False
cvlt05z,NEUROPSYCHOLOGIE,string,PARTIAL,DR,V0,552,552,,True
cvlt05z,NEUROPSYCHOLOGIE,string,PARTIAL,DR,V1,233,233,,True
cvlt05z,NEUROPSYCHOLOGIE,string,PARTIAL,DR,V2,135,135,,True
cvlt05z,NEUROPSYCHOLOGIE,string,PARTIAL,DR,V3,3,3,,True
cvlt05z,NEUROPSYCHOLOGIE,string,PARTIAL,DR,V4,69,69,,True
cvlt06,NEUROPSYCHOLOGIE,float,PARTIAL,BP,V0,6252,2102,33.6212412028151,False
cvlt06,NEUROPSYCHOLOGIE,float,PARTIAL,BP,V1,3074,2989,97.234873129473,False
cvlt06,NEUROPSYCHOLOGIE,float,PARTIAL,BP,V2,2228,1067,47.89048473967684,False
cvlt06,NEUROPSYCHOLOGIE,float,PARTIAL,BP,V3,1497,1386,92.58517034068137,False
cvlt06,NEUROPSYCHOLOGIE,float,PARTIAL,BP,V4,512,419,81.8359375,False
cvlt06,NEUROPSYCHOLOGIE,float,PARTIAL,SZ,V0,2209,550,24.89814395654142,False
cvlt06,NEUROPSYCHOLOGIE,float,PARTIAL,SZ,V1,963,926,96.15784008307374,False
cvlt06,NEUROPSYCHOLOGIE,float,PARTIAL,SZ,V2,595,583,97.98319327731092,False
cvlt06,NEUROPSYCHOLOGIE,float,PARTIAL,SZ,V3,456,158,34.64912280701755,False
cvlt06,NEUROPSYCHOLOGIE,float,PARTIAL,SZ,V4,198,173,87.37373737373737,False
cvlt06,NEUROPSYCHOLOGIE,float,PARTIAL,DR,V0,552,552,,True
cvlt06,NEUROPSYCHOLOGIE,float,PARTIAL,DR,V1,233,233,,True
cvlt06,NEUROPSYCHOLOGIE,float,PARTIAL,DR,V2,135,135,,True
cvlt06,NEUROPSYCHOLOGIE,float,PARTIAL,DR,V3,3,3,,True
cvlt06,NEUROPSYCHOLOGIE,float,PARTIAL,DR,V4,69,69,,True
cvlt06z,NEUROPSYCHOLOGIE,float,PARTIAL,BP,V0,6252,2108,33.71721049264235,False
cvlt06z,NEUROPSYCHOLOGIE,float,PARTIAL,BP,V1,3074,2989,97.234873129473,False
cvlt06z,NEUROPSYCHOLOGIE,float,PARTIAL,BP,V2,2228,1068,47.93536804308797,False
cvlt06z,NEUROPSYCHOLOGIE,float,PARTIAL,BP,V3,1497,1388,92.71877087508351,False
cvlt06z,NEUROPSYCHOLOGIE,float,PARTIAL,BP,V4,512,419,81.8359375,False
cvlt06z,NEUROPSYCHOLOGIE,float,PARTIAL,SZ,V0,2209,596,26.98053417836125,False
cvlt06z,NEUROPSYCHOLOGIE,float,PARTIAL,SZ,V1,963,928,96.36552440290758,False
cvlt06z,NEUROPSYCHOLOGIE,float,PARTIAL,SZ,V2,595,583,97.98319327731092,False
cvlt06z,NEUROPSYCHOLOGIE,float,PARTIAL,SZ,V3,456,163,35.74561403508772,False
cvlt06z,NEUROPSYCHOLOGIE,float,PARTIAL,SZ,V4,198,173,87.37373737373737,False
cvlt06z,NEUROPSYCHOLOGIE,float,PARTIAL,DR,V0,552,552,,True
cvlt06z,NEUROPSYCHOLOGIE,float,PARTIAL,DR,V1,233,233,,True
cvlt06z,NEUROPSYCHOLOGIE,float,PARTIAL,DR,V2,135,135,,True
cvlt06z,NEUROPSYCHOLOGIE,float,PARTIAL,DR,V3,3,3,,True
cvlt06z,NEUROPSYCHOLOGIE,float,PARTIAL,DR,V4,69,69,,True
cvlt07,NEUROPSYCHOLOGIE,float,PARTIAL,BP,V0,6252,2094,33.493282149712094,False
cvlt07,NEUROPSYCHOLOGIE,float,PARTIAL,BP,V1,3074,2989,97.234873129473,False
cvlt07,NEUROPSYCHOLOGIE,float,PARTIAL,BP,V2,2228,1068,47.93536804308797,False
cvlt07,NEUROPSYCHOLOGIE,float,PARTIAL,BP,V3,1497,1386,92.58517034068137,False
cvlt07,NEUROPSYCHOLOGIE,float,PARTIAL,BP,V4,512,418,81.640625,False
cvlt07,NEUROPSYCHOLOGIE,float,PARTIAL,SZ,V0,2209,542,24.535989135355365,False
cvlt07,NEUROPSYCHOLOGIE,float,PARTIAL,SZ,V1,963,927,96.26168224299066,False
cvlt07,NEUROPSYCHOLOGIE,float,PARTIAL,SZ,V2,595,583,97.98319327731092,False
cvlt07,NEUROPSYCHOLOGIE,float,PARTIAL,SZ,V3,456,156,34.21052631578947,False
cvlt07,NEUROPSYCHOLOGIE,float,PARTIAL,SZ,V4,198,173,87.37373737373737,False
cvlt07,NEUROPSYCHOLOGIE,float,PARTIAL,DR,V0,552,552,,True
cvlt07,NEUROPSYCHOLOGIE,float,PARTIAL,DR,V1,233,233,,True
cvlt07,NEUROPSYCHOLOGIE,float,PARTIAL,DR,V2,135,135,,True
cvlt07,NEUROPSYCHOLOGIE,float,PARTIAL,DR,V3,3,3,,True
cvlt07,NEUROPSYCHOLOGIE,float,PARTIAL,DR,V4,69,69,,True
cvlt07z,NEUROPSYCHOLOGIE,float,PARTIAL,BP,V0,6252,2099,33.57325655790147,False
cvlt07z,NEUROPSYCHOLOGIE,float,PARTIAL,BP,V1,3074,2989,97.234873129473,False
cvlt07z,NEUROPSYCHOLOGIE,float,PARTIAL,BP,V2,2228,1071,48.07001795332136,False
cvlt07z,NEUROPSYCHOLOGIE,float,PARTIAL,BP,V3,1497,1388,92.71877087508351,False
cvlt07z,NEUROPSYCHOLOGIE,float,PARTIAL,BP,V4,512,418,81.640625,False
cvlt07z,NEUROPSYCHOLOGIE,float,PARTIAL,SZ,V0,2209,586,26.527840651878677,False
cvlt07z,NEUROPSYCHOLOGIE,float,PARTIAL,SZ,V1,963,929,96.4693665628245,False
cvlt07z,NEUROPSYCHOLOGIE,float,PARTIAL,SZ,V2,595,583,97.98319327731092,False
cvlt07z,NEUROPSYCHOLOGIE,float,PARTIAL,SZ,V3,456,161,35.30701754385965,False
cvlt07z,NEUROPSYCHOLOGIE,float,PARTIAL,SZ,V4,198,173,87.37373737373737,False
cvlt07z,NEUROPSYCHOLOGIE,float,PARTIAL,DR,V0,552,552,,True
cvlt07z,NEUROPSYCHOLOGIE,float,PARTIAL,DR,V1,233,233,,True
cvlt07z,NEUROPSYCHOLOGIE,float,PARTIAL,DR,V2,135,135,,True
cvlt07z,NEUROPSYCHOLOGIE,float,PARTIAL,DR,V3,3,3,,True
cvlt07z,NEUROPSYCHOLOGIE,float,PARTIAL,DR,V4,69,69,,True
cvlt08,NEUROPSYCHOLOGIE,float,PARTIAL,BP,V0,6252,2093,33.47728726807422,False
cvlt08,NEUROPSYCHOLOGIE,float,PARTIAL,BP,V1,3074,2989,97.234873129473,False
cvlt08,NEUROPSYCHOLOGIE,float,PARTIAL,BP,V2,2228,1067,47.89048473967684,False
cvlt08,NEUROPSYCHOLOGIE,float,PARTIAL,BP,V3,1497,1386,92.58517034068137,False
cvlt08,NEUROPSYCHOLOGIE,float,PARTIAL,BP,V4,512,418,81.640625,False
cvlt08,NEUROPSYCHOLOGIE,float,PARTIAL,SZ,V0,2209,535,24.219103666817567,False
cvlt08,NEUROPSYCHOLOGIE,float,PARTIAL,SZ,V1,963,927,96.26168224299066,False
cvlt08,NEUROPSYCHOLOGIE,float,PARTIAL,SZ,V2,595,583,97.98319327731092,False
cvlt08,NEUROPSYCHOLOGIE,float,PARTIAL,SZ,V3,456,156,34.21052631578947,False
cvlt08,NEUROPSYCHOLOGIE,float,PARTIAL,SZ,V4,198,173,87.37373737373737,False
cvlt08,NEUROPSYCHOLOGIE,float,PARTIAL,DR,V0,552,552,,True
cvlt08,NEUROPSYCHOLOGIE,float,PARTIAL,DR,V1,233,233,,True
cvlt08,NEUROPSYCHOLOGIE,float,PARTIAL,DR,V2,135,135,,True
cvlt08,NEUROPSYCHOLOGIE,float,PARTIAL,DR,V3,3,3,,True
cvlt08,NEUROPSYCHOLOGIE,float,PARTIAL,DR,V4,69,69,,True
cvlt08z,NEUROPSYCHOLOGIE,string,PARTIAL,BP,V0,6252,2096,33.52527191298784,False
cvlt08z,NEUROPSYCHOLOGIE,string,PARTIAL,BP,V1,3074,2989,97.234873129473,False
cvlt08z,NEUROPSYCHOLOGIE,string,PARTIAL,BP,V2,2228,1067,47.89048473967684,False
cvlt08z,NEUROPSYCHOLOGIE,string,PARTIAL,BP,V3,1497,1387,92.65197060788243,False
cvlt08z,NEUROPSYCHOLOGIE,string,PARTIAL,BP,V4,512,418,81.640625,False
cvlt08z,NEUROPSYCHOLOGIE,string,PARTIAL,SZ,V0,2209,1363,61.702127659574465,False
cvlt08z,NEUROPSYCHOLOGIE,string,PARTIAL,SZ,V1,963,939,97.50778816199377,False
cvlt08z,NEUROPSYCHOLOGIE,string,PARTIAL,SZ,V2,595,586,98.4873949579832,False
cvlt08z,NEUROPSYCHOLOGIE,string,PARTIAL,SZ,V3,456,309,67.76315789473685,False
cvlt08z,NEUROPSYCHOLOGIE,string,PARTIAL,SZ,V4,198,183,92.42424242424242,False
cvlt08z,NEUROPSYCHOLOGIE,string,PARTIAL,DR,V0,552,552,,True
cvlt08z,NEUROPSYCHOLOGIE,string,PARTIAL,DR,V1,233,233,,True
cvlt08z,NEUROPSYCHOLOGIE,string,PARTIAL,DR,V2,135,135,,True
cvlt08z,NEUROPSYCHOLOGIE,string,PARTIAL,DR,V3,3,3,,True
cvlt08z,NEUROPSYCHOLOGIE,string,PARTIAL,DR,V4,69,69,,True
cvlt09,NEUROPSYCHOLOGIE,float,PARTIAL,BP,V0,6252,2094,33.493282149712094,False
cvlt09,NEUROPSYCHOLOGIE,float,PARTIAL,BP,V1,3074,2989,97.234873129473,False
cvlt09,NEUROPSYCHOLOGIE,float,PARTIAL,BP,V2,2228,1067,47.89048473967684,False
cvlt09,NEUROPSYCHOLOGIE,float,PARTIAL,BP,V3,1497,1386,92.58517034068137,False
cvlt09,NEUROPSYCHOLOGIE,float,PARTIAL,BP,V4,512,418,81.640625,False
cvlt09,NEUROPSYCHOLOGIE,float,PARTIAL,SZ,V0,2209,534,24.173834314169305,False
cvlt09,NEUROPSYCHOLOGIE,float,PARTIAL,SZ,V1,963,927,96.26168224299066,False
cvlt09,NEUROPSYCHOLOGIE,float,PARTIAL,SZ,V2,595,583,97.98319327731092,False
cvlt09,NEUROPSYCHOLOGIE,float,PARTIAL,SZ,V3,456,156,34.21052631578947,False
cvlt09,NEUROPSYCHOLOGIE,float,PARTIAL,SZ,V4,198,173,87.37373737373737,False
cvlt09,NEUROPSYCHOLOGIE,float,PARTIAL,DR,V0,552,552,,True
cvlt09,NEUROPSYCHOLOGIE,float,PARTIAL,DR,V1,233,233,,True
cvlt09,NEUROPSYCHOLOGIE,float,PARTIAL,DR,V2,135,135,,True
cvlt09,NEUROPSYCHOLOGIE,float,PARTIAL,DR,V3,3,3,,True
cvlt09,NEUROPSYCHOLOGIE,float,PARTIAL,DR,V4,69,69,,True
cvlt09z,NEUROPSYCHOLOGIE,string,PARTIAL,BP,V0,6252,2098,33.55726167626359,False
cvlt09z,NEUROPSYCHOLOGIE,string,PARTIAL,BP,V1,3074,2989,97.234873129473,False
cvlt09z,NEUROPSYCHOLOGIE,string,PARTIAL,BP,V2,2228,1067,47.89048473967684,False
cvlt09z,NEUROPSYCHOLOGIE,string,PARTIAL,BP,V3,1497,1387,92.65197060788243,False
cvlt09z,NEUROPSYCHOLOGIE,string,PARTIAL,BP,V4,512,418,81.640625,False
cvlt09z,NEUROPSYCHOLOGIE,string,PARTIAL,SZ,V0,2209,1731,78.3612494341331,False
cvlt09z,NEUROPSYCHOLOGIE,string,PARTIAL,SZ,V1,963,946,98.23468328141225,False
cvlt09z,NEUROPSYCHOLOGIE,string,PARTIAL,SZ,V2,595,589,98.99159663865547,False
cvlt09z,NEUROPSYCHOLOGIE,string,PARTIAL,SZ,V3,456,339,74.3421052631579,False
cvlt09z,NEUROPSYCHOLOGIE,string,PARTIAL,SZ,V4,198,184,92.92929292929293,False
cvlt09z,NEUROPSYCHOLOGIE,string,PARTIAL,DR,V0,552,552,,True
cvlt09z,NEUROPSYCHOLOGIE,string,PARTIAL,DR,V1,233,233,,True
cvlt09z,NEUROPSYCHOLOGIE,string,PARTIAL,DR,V2,135,135,,True
cvlt09z,NEUROPSYCHOLOGIE,string,PARTIAL,DR,V3,3,3,,True
cvlt09z,NEUROPSYCHOLOGIE,string,PARTIAL,DR,V4,69,69,,True
cvlt10,NEUROPSYCHOLOGIE,float,PARTIAL,BP,V0,6252,2097,33.54126679462572,False
cvlt10,NEUROPSYCHOLOGIE,float,PARTIAL,BP,V1,3074,2990,97.26740403383214,False
cvlt10,NEUROPSYCHOLOGIE,float,PARTIAL,BP,V2,2228,1068,47.93536804308797,False
cvlt10,NEUROPSYCHOLOGIE,float,PARTIAL,BP,V3,1497,1386,92.58517034068137,False
cvlt10,NEUROPSYCHOLOGIE,float,PARTIAL,BP,V4,512,418,81.640625,False
cvlt10,NEUROPSYCHOLOGIE,float,PARTIAL,SZ,V0,2209,534,24.173834314169305,False
cvlt10,NEUROPSYCHOLOGIE,float,PARTIAL,SZ,V1,963,927,96.26168224299066,False
cvlt10,NEUROPSYCHOLOGIE,float,PARTIAL,SZ,V2,595,583,97.98319327731092,False
cvlt10,NEUROPSYCHOLOGIE,float,PARTIAL,SZ,V3,456,156,34.21052631578947,False
cvlt10,NEUROPSYCHOLOGIE,float,PARTIAL,SZ,V4,198,173,87.37373737373737,False
cvlt10,NEUROPSYCHOLOGIE,float,PARTIAL,DR,V0,552,552,,True
cvlt10,NEUROPSYCHOLOGIE,float,PARTIAL,DR,V1,233,233,,True
cvlt10,NEUROPSYCHOLOGIE,float,PARTIAL,DR,V2,135,135,,True
cvlt10,NEUROPSYCHOLOGIE,float,PARTIAL,DR,V3,3,3,,True
cvlt10,NEUROPSYCHOLOGIE,float,PARTIAL,DR,V4,69,69,,True
cvlt10z,NEUROPSYCHOLOGIE,string,PARTIAL,BP,V0,6252,2102,33.6212412028151,False
cvlt10z,NEUROPSYCHOLOGIE,string,PARTIAL,BP,V1,3074,2990,97.26740403383214,False
cvlt10z,NEUROPSYCHOLOGIE,string,PARTIAL,BP,V2,2228,1068,47.93536804308797,False
cvlt10z,NEUROPSYCHOLOGIE,string,PARTIAL,BP,V3,1497,1387,92.65197060788243,False
cvlt10z,NEUROPSYCHOLOGIE,string,PARTIAL,BP,V4,512,418,81.640625,False
cvlt10z,NEUROPSYCHOLOGIE,string,PARTIAL,SZ,V0,2209,1730,78.31598008148484,False
cvlt10z,NEUROPSYCHOLOGIE,string,PARTIAL,SZ,V1,963,946,98.23468328141225,False
cvlt10z,NEUROPSYCHOLOGIE,string,PARTIAL,SZ,V2,595,589,98.99159663865547,False
cvlt10z,NEUROPSYCHOLOGIE,string,PARTIAL,SZ,V3,456,339,74.3421052631579,False
cvlt10z,NEUROPSYCHOLOGIE,string,PARTIAL,SZ,V4,198,184,92.92929292929293,False
cvlt10z,NEUROPSYCHOLOGIE,string,PARTIAL,DR,V0,552,552,,True
cvlt10z,NEUROPSYCHOLOGIE,string,PARTIAL,DR,V1,233,233,,True
cvlt10z,NEUROPSYCHOLOGIE,string,PARTIAL,DR,V2,135,135,,True
cvlt10z,NEUROPSYCHOLOGIE,string,PARTIAL,DR,V3,3,3,,True
cvlt10z,NEUROPSYCHOLOGIE,string,PARTIAL,DR,V4,69,69,,True
cvlt11,NEUROPSYCHOLOGIE,float,PARTIAL,BP,V0,6252,2098,33.55726167626359,False
cvlt11,NEUROPSYCHOLOGIE,float,PARTIAL,BP,V1,3074,2990,97.26740403383214,False
cvlt11,NEUROPSYCHOLOGIE,float,PARTIAL,BP,V2,2228,1068,47.93536804308797,False
cvlt11,NEUROPSYCHOLOGIE,float,PARTIAL,BP,V3,1497,1386,92.58517034068137,False
cvlt11,NEUROPSYCHOLOGIE,float,PARTIAL,BP,V4,512,418,81.640625,False
cvlt11,NEUROPSYCHOLOGIE,float,PARTIAL,SZ,V0,2209,535,24.219103666817567,False
cvlt11,NEUROPSYCHOLOGIE,float,PARTIAL,SZ,V1,963,927,96.26168224299066,False
cvlt11,NEUROPSYCHOLOGIE,float,PARTIAL,SZ,V2,595,583,97.98319327731092,False
cvlt11,NEUROPSYCHOLOGIE,float,PARTIAL,SZ,V3,456,156,34.21052631578947,False
cvlt11,NEUROPSYCHOLOGIE,float,PARTIAL,SZ,V4,198,173,87.37373737373737,False
cvlt11,NEUROPSYCHOLOGIE,float,PARTIAL,DR,V0,552,552,,True
cvlt11,NEUROPSYCHOLOGIE,float,PARTIAL,DR,V1,233,233,,True
cvlt11,NEUROPSYCHOLOGIE,float,PARTIAL,DR,V2,135,135,,True
cvlt11,NEUROPSYCHOLOGIE,float,PARTIAL,DR,V3,3,3,,True
cvlt11,NEUROPSYCHOLOGIE,float,PARTIAL,DR,V4,69,69,,True
cvlt11z,NEUROPSYCHOLOGIE,string,PARTIAL,BP,V0,6252,2103,33.63723608445298,False
cvlt11z,NEUROPSYCHOLOGIE,string,PARTIAL,BP,V1,3074,2990,97.26740403383214,False
cvlt11z,NEUROPSYCHOLOGIE,string,PARTIAL,BP,V2,2228,1068,47.93536804308797,False
cvlt11z,NEUROPSYCHOLOGIE,string,PARTIAL,BP,V3,1497,1387,92.65197060788243,False
cvlt11z,NEUROPSYCHOLOGIE,string,PARTIAL,BP,V4,512,418,81.640625,False
cvlt11z,NEUROPSYCHOLOGIE,string,PARTIAL,SZ,V0,2209,1731,78.3612494341331,False
cvlt11z,NEUROPSYCHOLOGIE,string,PARTIAL,SZ,V1,963,946,98.23468328141225,False
cvlt11z,NEUROPSYCHOLOGIE,string,PARTIAL,SZ,V2,595,589,98.99159663865547,False
cvlt11z,NEUROPSYCHOLOGIE,string,PARTIAL,SZ,V3,456,339,74.3421052631579,False
cvlt11z,NEUROPSYCHOLOGIE,string,PARTIAL,SZ,V4,198,184,92.92929292929293,False
cvlt11z,NEUROPSYCHOLOGIE,string,PARTIAL,DR,V0,552,552,,True
cvlt11z,NEUROPSYCHOLOGIE,string,PARTIAL,DR,V1,233,233,,True
cvlt11z,NEUROPSYCHOLOGIE,string,PARTIAL,DR,V2,135,135,,True
cvlt11z,NEUROPSYCHOLOGIE,string,PARTIAL,DR,V3,3,3,,True
cvlt11z,NEUROPSYCHOLOGIE,string,PARTIAL,DR,V4,69,69,,True
cvlt12,NEUROPSYCHOLOGIE,string,PARTIAL,BP,V0,6252,2553,40.83493282149712,False
cvlt12,NEUROPSYCHOLOGIE,string,PARTIAL,BP,V1,3074,2999,97.56018217306442,False
cvlt12,NEUROPSYCHOLOGIE,string,PARTIAL,BP,V2,2228,1155,51.84021543985637,False
cvlt12,NEUROPSYCHOLOGIE,string,PARTIAL,BP,V3,1497,1400,93.52037408149633,False
cvlt12,NEUROPSYCHOLOGIE,string,PARTIAL,BP,V4,512,423,82.6171875,False
cvlt12,NEUROPSYCHOLOGIE,string,PARTIAL,SZ,V0,2209,674,30.511543684925307,False
cvlt12,NEUROPSYCHOLOGIE,string,PARTIAL,SZ,V1,963,935,97.09241952232607,False
cvlt12,NEUROPSYCHOLOGIE,string,PARTIAL,SZ,V2,595,585,98.31932773109243,False
cvlt12,NEUROPSYCHOLOGIE,string,PARTIAL,SZ,V3,456,169,37.06140350877193,False
cvlt12,NEUROPSYCHOLOGIE,string,PARTIAL,SZ,V4,198,175,88.38383838383838,False
cvlt12,NEUROPSYCHOLOGIE,string,PARTIAL,DR,V0,552,552,,True
cvlt12,NEUROPSYCHOLOGIE,string,PARTIAL,DR,V1,233,233,,True
cvlt12,NEUROPSYCHOLOGIE,string,PARTIAL,DR,V2,135,135,,True
cvlt12,NEUROPSYCHOLOGIE,string,PARTIAL,DR,V3,3,3,,True
cvlt12,NEUROPSYCHOLOGIE,string,PARTIAL,DR,V4,69,69,,True
cvlt12z,NEUROPSYCHOLOGIE,string,PARTIAL,BP,V0,6252,2598,41.55470249520153,False
cvlt12z,NEUROPSYCHOLOGIE,string,PARTIAL,BP,V1,3074,2999,97.56018217306442,False
cvlt12z,NEUROPSYCHOLOGIE,string,PARTIAL,BP,V2,2228,1166,52.333931777378815,False
cvlt12z,NEUROPSYCHOLOGIE,string,PARTIAL,BP,V3,1497,1401,93.5871743486974,False
cvlt12z,NEUROPSYCHOLOGIE,string,PARTIAL,BP,V4,512,424,82.8125,False
cvlt12z,NEUROPSYCHOLOGIE,string,PARTIAL,SZ,V0,2209,963,43.59438660027162,False
cvlt12z,NEUROPSYCHOLOGIE,string,PARTIAL,SZ,V1,963,945,98.13084112149532,False
cvlt12z,NEUROPSYCHOLOGIE,string,PARTIAL,SZ,V2,595,588,98.82352941176471,False
cvlt12z,NEUROPSYCHOLOGIE,string,PARTIAL,SZ,V3,456,258,56.57894736842105,False
cvlt12z,NEUROPSYCHOLOGIE,string,PARTIAL,SZ,V4,198,182,91.91919191919192,False
cvlt12z,NEUROPSYCHOLOGIE,string,PARTIAL,DR,V0,552,552,,True
cvlt12z,NEUROPSYCHOLOGIE,string,PARTIAL,DR,V1,233,233,,True
cvlt12z,NEUROPSYCHOLOGIE,string,PARTIAL,DR,V2,135,135,,True
cvlt12z,NEUROPSYCHOLOGIE,string,PARTIAL,DR,V3,3,3,,True
cvlt12z,NEUROPSYCHOLOGIE,string,PARTIAL,DR,V4,69,69,,True
cvlt14,NEUROPSYCHOLOGIE,float,PARTIAL,BP,V0,6252,2166,34.644913627639156,False
cvlt14,NEUROPSYCHOLOGIE,float,PARTIAL,BP,V1,3074,2991,97.29993493819129,False
cvlt14,NEUROPSYCHOLOGIE,float,PARTIAL,BP,V2,2228,1082,48.563734290843804,False
cvlt14,NEUROPSYCHOLOGIE,float,PARTIAL,BP,V3,1497,1387,92.65197060788243,False
cvlt14,NEUROPSYCHOLOGIE,float,PARTIAL,BP,V4,512,419,81.8359375,False
cvlt14,NEUROPSYCHOLOGIE,float,PARTIAL,SZ,V0,2209,549,24.852874603893163,False
cvlt14,NEUROPSYCHOLOGIE,float,PARTIAL,SZ,V1,963,929,96.4693665628245,False
cvlt14,NEUROPSYCHOLOGIE,float,PARTIAL,SZ,V2,595,583,97.98319327731092,False
cvlt14,NEUROPSYCHOLOGIE,float,PARTIAL,SZ,V3,456,161,35.30701754385965,False
cvlt14,NEUROPSYCHOLOGIE,float,PARTIAL,SZ,V4,198,173,87.37373737373737,False
cvlt14,NEUROPSYCHOLOGIE,float,PARTIAL,DR,V0,552,552,,True
cvlt14,NEUROPSYCHOLOGIE,float,PARTIAL,DR,V1,233,233,,True
cvlt14,NEUROPSYCHOLOGIE,float,PARTIAL,DR,V2,135,135,,True
cvlt14,NEUROPSYCHOLOGIE,float,PARTIAL,DR,V3,3,3,,True
cvlt14,NEUROPSYCHOLOGIE,float,PARTIAL,DR,V4,69,69,,True
cvlt15,NEUROPSYCHOLOGIE,float,PARTIAL,BP,V0,6252,2158,34.51695457453614,False
cvlt15,NEUROPSYCHOLOGIE,float,PARTIAL,BP,V1,3074,2991,97.29993493819129,False
cvlt15,NEUROPSYCHOLOGIE,float,PARTIAL,BP,V2,2228,1083,48.60861759425494,False
cvlt15,NEUROPSYCHOLOGIE,float,PARTIAL,BP,V3,1497,1387,92.65197060788243,False
cvlt15,NEUROPSYCHOLOGIE,float,PARTIAL,BP,V4,512,419,81.8359375,False
cvlt15,NEUROPSYCHOLOGIE,float,PARTIAL,SZ,V0,2209,547,24.76233589859665,False
cvlt15,NEUROPSYCHOLOGIE,float,PARTIAL,SZ,V1,963,929,96.4693665628245,False
cvlt15,NEUROPSYCHOLOGIE,float,PARTIAL,SZ,V2,595,583,97.98319327731092,False
cvlt15,NEUROPSYCHOLOGIE,float,PARTIAL,SZ,V3,456,162,35.526315789473685,False
cvlt15,NEUROPSYCHOLOGIE,float,PARTIAL,SZ,V4,198,173,87.37373737373737,False
cvlt15,NEUROPSYCHOLOGIE,float,PARTIAL,DR,V0,552,552,,True
cvlt15,NEUROPSYCHOLOGIE,float,PARTIAL,DR,V1,233,233,,True
cvlt15,NEUROPSYCHOLOGIE,float,PARTIAL,DR,V2,135,135,,True
cvlt15,NEUROPSYCHOLOGIE,float,PARTIAL,DR,V3,3,3,,True
cvlt15,NEUROPSYCHOLOGIE,float,PARTIAL,DR,V4,69,69,,True
cvlt16,NEUROPSYCHOLOGIE,string,PARTIAL,BP,V0,6252,2110,33.749200255918105,False
cvlt16,NEUROPSYCHOLOGIE,string,PARTIAL,BP,V1,3074,2990,97.26740403383214,False
cvlt16,NEUROPSYCHOLOGIE,string,PARTIAL,BP,V2,2228,1068,47.93536804308797,False
cvlt16,NEUROPSYCHOLOGIE,string,PARTIAL,BP,V3,1497,1386,92.58517034068137,False
cvlt16,NEUROPSYCHOLOGIE,string,PARTIAL,BP,V4,512,418,81.640625,False
cvlt16,NEUROPSYCHOLOGIE,string,PARTIAL,SZ,V0,2209,538,24.354911724762335,False
cvlt16,NEUROPSYCHOLOGIE,string,PARTIAL,SZ,V1,963,929,96.4693665628245,False
cvlt16,NEUROPSYCHOLOGIE,string,PARTIAL,SZ,V2,595,583,97.98319327731092,False
cvlt16,NEUROPSYCHOLOGIE,string,PARTIAL,SZ,V3,456,158,34.64912280701755,False
cvlt16,NEUROPSYCHOLOGIE,string,PARTIAL,SZ,V4,198,173,87.37373737373737,False
cvlt16,NEUROPSYCHOLOGIE,string,PARTIAL,DR,V0,552,552,,True
cvlt16,NEUROPSYCHOLOGIE,string,PARTIAL,DR,V1,233,233,,True
cvlt16,NEUROPSYCHOLOGIE,string,PARTIAL,DR,V2,135,135,,True
cvlt16,NEUROPSYCHOLOGIE,string,PARTIAL,DR,V3,3,3,,True
cvlt16,NEUROPSYCHOLOGIE,string,PARTIAL,DR,V4,69,69,,True
cvlt17,NEUROPSYCHOLOGIE,string,PARTIAL,BP,V0,6252,2128,34.037108125399875,False
cvlt17,NEUROPSYCHOLOGIE,string,PARTIAL,BP,V1,3074,2990,97.26740403383214,False
cvlt17,NEUROPSYCHOLOGIE,string,PARTIAL,BP,V2,2228,1071,48.07001795332136,False
cvlt17,NEUROPSYCHOLOGIE,string,PARTIAL,BP,V3,1497,1388,92.71877087508351,False
cvlt17,NEUROPSYCHOLOGIE,string,PARTIAL,BP,V4,512,419,81.8359375,False
cvlt17,NEUROPSYCHOLOGIE,string,PARTIAL,SZ,V0,2209,537,24.30964237211408,False
cvlt17,NEUROPSYCHOLOGIE,string,PARTIAL,SZ,V1,963,929,96.4693665628245,False
cvlt17,NEUROPSYCHOLOGIE,string,PARTIAL,SZ,V2,595,583,97.98319327731092,False
cvlt17,NEUROPSYCHOLOGIE,string,PARTIAL,SZ,V3,456,158,34.64912280701755,False
cvlt17,NEUROPSYCHOLOGIE,string,PARTIAL,SZ,V4,198,173,87.37373737373737,False
cvlt17,NEUROPSYCHOLOGIE,string,PARTIAL,DR,V0,552,552,,True
cvlt17,NEUROPSYCHOLOGIE,string,PARTIAL,DR,V1,233,233,,True
cvlt17,NEUROPSYCHOLOGIE,string,PARTIAL,DR,V2,135,135,,True
cvlt17,NEUROPSYCHOLOGIE,string,PARTIAL,DR,V3,3,3,,True
cvlt17,NEUROPSYCHOLOGIE,string,PARTIAL,DR,V4,69,69,,True
cvlt18,NEUROPSYCHOLOGIE,string,PARTIAL,BP,V0,6252,2603,41.63467690339092,False
cvlt18,NEUROPSYCHOLOGIE,string,PARTIAL,BP,V1,3074,2998,97.52765126870527,False
cvlt18,NEUROPSYCHOLOGIE,string,PARTIAL,BP,V2,2228,1141,51.21184919210053,False
cvlt18,NEUROPSYCHOLOGIE,string,PARTIAL,BP,V3,1497,1396,93.25317301269205,False
cvlt18,NEUROPSYCHOLOGIE,string,PARTIAL,BP,V4,512,422,82.421875,False
cvlt18,NEUROPSYCHOLOGIE,string,PARTIAL,SZ,V0,2209,594,26.889995473064737,False
cvlt18,NEUROPSYCHOLOGIE,string,PARTIAL,SZ,V1,963,933,96.88473520249221,False
cvlt18,NEUROPSYCHOLOGIE,string,PARTIAL,SZ,V2,595,584,98.15126050420167,False
cvlt18,NEUROPSYCHOLOGIE,string,PARTIAL,SZ,V3,456,165,36.18421052631579,False
cvlt18,NEUROPSYCHOLOGIE,string,PARTIAL,SZ,V4,198,173,87.37373737373737,False
cvlt18,NEUROPSYCHOLOGIE,string,PARTIAL,DR,V0,552,552,,True
cvlt18,NEUROPSYCHOLOGIE,string,PARTIAL,DR,V1,233,233,,True
cvlt18,NEUROPSYCHOLOGIE,string,PARTIAL,DR,V2,135,135,,True
cvlt18,NEUROPSYCHOLOGIE,string,PARTIAL,DR,V3,3,3,,True
cvlt18,NEUROPSYCHOLOGIE,string,PARTIAL,DR,V4,69,69,,True
cvlt22,NEUROPSYCHOLOGIE,string,PARTIAL,BP,V0,6252,2367,37.85988483685221,False
cvlt22,NEUROPSYCHOLOGIE,string,PARTIAL,BP,V1,3074,3000,97.59271307742355,False
cvlt22,NEUROPSYCHOLOGIE,string,PARTIAL,BP,V2,2228,1152,51.70556552962297,False
cvlt22,NEUROPSYCHOLOGIE,string,PARTIAL,BP,V3,1497,1397,93.31997327989312,False
cvlt22,NEUROPSYCHOLOGIE,string,PARTIAL,BP,V4,512,424,82.8125,False
cvlt22,NEUROPSYCHOLOGIE,string,PARTIAL,SZ,V0,2209,644,29.153463105477588,False
cvlt22,NEUROPSYCHOLOGIE,string,PARTIAL,SZ,V1,963,941,97.71547248182763,False
cvlt22,NEUROPSYCHOLOGIE,string,PARTIAL,SZ,V2,595,587,98.65546218487395,False
cvlt22,NEUROPSYCHOLOGIE,string,PARTIAL,SZ,V3,456,171,37.5,False
cvlt22,NEUROPSYCHOLOGIE,string,PARTIAL,SZ,V4,198,174,87.87878787878788,False
cvlt22,NEUROPSYCHOLOGIE,string,PARTIAL,DR,V0,552,552,,True
cvlt22,NEUROPSYCHOLOGIE,string,PARTIAL,DR,V1,233,233,,True
cvlt22,NEUROPSYCHOLOGIE,string,PARTIAL,DR,V2,135,135,,True
cvlt22,NEUROPSYCHOLOGIE,string,PARTIAL,DR,V3,3,3,,True
cvlt22,NEUROPSYCHOLOGIE,string,PARTIAL,DR,V4,69,69,,True
similtot_wais4,NEUROPSYCHOLOGIE,float,PARTIAL,BP,V0,6252,5811,92.94625719769674,False
similtot_wais4,NEUROPSYCHOLOGIE,float,PARTIAL,BP,V1,3074,3055,99.38191281717633,False
similtot_wais4,NEUROPSYCHOLOGIE,float,PARTIAL,BP,V2,2228,2143,96.18491921005386,False
similtot_wais4,NEUROPSYCHOLOGIE,float,PARTIAL,BP,V3,1497,1477,98.66399465597863,False
similtot_wais4,NEUROPSYCHOLOGIE,float,PARTIAL,BP,V4,512,492,96.09375,False
similtot_wais4,NEUROPSYCHOLOGIE,float,PARTIAL,SZ,V0,2209,417,18.877320054323224,False
similtot_wais4,NEUROPSYCHOLOGIE,float,PARTIAL,SZ,V1,963,931,96.67705088265835,False
similtot_wais4,NEUROPSYCHOLOGIE,float,PARTIAL,SZ,V2,595,586,98.4873949579832,False
similtot_wais4,NEUROPSYCHOLOGIE,float,PARTIAL,SZ,V3,456,135,29.605263157894733,False
similtot_wais4,NEUROPSYCHOLOGIE,float,PARTIAL,SZ,V4,198,175,88.38383838383838,False
similtot_wais4,NEUROPSYCHOLOGIE,float,PARTIAL,DR,V0,552,552,,True
similtot_wais4,NEUROPSYCHOLOGIE,float,PARTIAL,DR,V1,233,233,,True
similtot_wais4,NEUROPSYCHOLOGIE,float,PARTIAL,DR,V2,135,135,,True
similtot_wais4,NEUROPSYCHOLOGIE,float,PARTIAL,DR,V3,3,3,,True
similtot_wais4,NEUROPSYCHOLOGIE,float,PARTIAL,DR,V4,69,69,,True
similstd_wais4,NEUROPSYCHOLOGIE,float,PARTIAL,BP,V0,6252,5811,92.94625719769674,False
similstd_wais4,NEUROPSYCHOLOGIE,float,PARTIAL,BP,V1,3074,3055,99.38191281717633,False
similstd_wais4,NEUROPSYCHOLOGIE,float,PARTIAL,BP,V2,2228,2143,96.18491921005386,False
similstd_wais4,NEUROPSYCHOLOGIE,float,PARTIAL,BP,V3,1497,1477,98.66399465597863,False
similstd_wais4,NEUROPSYCHOLOGIE,float,PARTIAL,BP,V4,512,492,96.09375,False
similstd_wais4,NEUROPSYCHOLOGIE,float,PARTIAL,SZ,V0,2209,417,18.877320054323224,False
similstd_wais4,NEUROPSYCHOLOGIE,float,PARTIAL,SZ,V1,963,930,96.57320872274143,False
similstd_wais4,NEUROPSYCHOLOGIE,float,PARTIAL,SZ,V2,595,586,98.4873949579832,False
similstd_wais4,NEUROPSYCHOLOGIE,float,PARTIAL,SZ,V3,456,135,29.605263157894733,False
similstd_wais4,NEUROPSYCHOLOGIE,float,PARTIAL,SZ,V4,198,175,88.38383838383838,False
similstd_wais4,NEUROPSYCHOLOGIE,float,PARTIAL,DR,V0,552,552,,True
similstd_wais4,NEUROPSYCHOLOGIE,float,PARTIAL,DR,V1,233,233,,True
similstd_wais4,NEUROPSYCHOLOGIE,float,PARTIAL,DR,V2,135,135,,True
similstd_wais4,NEUROPSYCHOLOGIE,float,PARTIAL,DR,V3,3,3,,True
similstd_wais4,NEUROPSYCHOLOGIE,float,PARTIAL,DR,V4,69,69,,True
similcr_wais4,NEUROPSYCHOLOGIE,float,PARTIAL,BP,V0,6252,5811,92.94625719769674,False
similcr_wais4,NEUROPSYCHOLOGIE,float,PARTIAL,BP,V1,3074,3055,99.38191281717633,False
similcr_wais4,NEUROPSYCHOLOGIE,float,PARTIAL,BP,V2,2228,2143,96.18491921005386,False
similcr_wais4,NEUROPSYCHOLOGIE,float,PARTIAL,BP,V3,1497,1477,98.66399465597863,False
similcr_wais4,NEUROPSYCHOLOGIE,float,PARTIAL,BP,V4,512,492,96.09375,False
similcr_wais4,NEUROPSYCHOLOGIE,float,PARTIAL,SZ,V0,2209,417,18.877320054323224,False
similcr_wais4,NEUROPSYCHOLOGIE,float,PARTIAL,SZ,V1,963,930,96.57320872274143,False
similcr_wais4,NEUROPSYCHOLOGIE,float,PARTIAL,SZ,V2,595,586,98.4873949579832,False
similcr_wais4,NEUROPSYCHOLOGIE,float,PARTIAL,SZ,V3,456,135,29.605263157894733,False
similcr_wais4,NEUROPSYCHOLOGIE,float,PARTIAL,SZ,V4,198,175,88.38383838383838,False
similcr_wais4,NEUROPSYCHOLOGIE,float,PARTIAL,DR,V0,552,552,,True
similcr_wais4,NEUROPSYCHOLOGIE,float,PARTIAL,DR,V1,233,233,,True
similcr_wais4,NEUROPSYCHOLOGIE,float,PARTIAL,DR,V2,135,135,,True
similcr_wais4,NEUROPSYCHOLOGIE,float,PARTIAL,DR,V3,3,3,,True
similcr_wais4,NEUROPSYCHOLOGIE,float,PARTIAL,DR,V4,69,69,,True
mat_tot_w,NEUROPSYCHOLOGIE,float,PARTIAL,BP,V0,6252,2143,34.27703134996801,False
mat_tot_w,NEUROPSYCHOLOGIE,float,PARTIAL,BP,V1,3074,2993,97.36499674690955,False
mat_tot_w,NEUROPSYCHOLOGIE,float,PARTIAL,BP,V2,2228,1319,59.20107719928187,False
mat_tot_w,NEUROPSYCHOLOGIE,float,PARTIAL,BP,V3,1497,1399,93.45357381429525,False
mat_tot_w,NEUROPSYCHOLOGIE,float,PARTIAL,BP,V4,512,425,83.0078125,False
mat_tot_w,NEUROPSYCHOLOGIE,float,PARTIAL,SZ,V0,2209,446,20.19013128112268,False
mat_tot_w,NEUROPSYCHOLOGIE,float,PARTIAL,SZ,V1,963,926,96.15784008307374,False
mat_tot_w,NEUROPSYCHOLOGIE,float,PARTIAL,SZ,V2,595,586,98.4873949579832,False
mat_tot_w,NEUROPSYCHOLOGIE,float,PARTIAL,SZ,V3,456,139,30.482456140350877,False
mat_tot_w,NEUROPSYCHOLOGIE,float,PARTIAL,SZ,V4,198,175,88.38383838383838,False
mat_tot_w,NEUROPSYCHOLOGIE,float,PARTIAL,DR,V0,552,552,,True
mat_tot_w,NEUROPSYCHOLOGIE,float,PARTIAL,DR,V1,233,233,,True
mat_tot_w,NEUROPSYCHOLOGIE,float,PARTIAL,DR,V2,135,135,,True
mat_tot_w,NEUROPSYCHOLOGIE,float,PARTIAL,DR,V3,3,3,,True
mat_tot_w,NEUROPSYCHOLOGIE,float,PARTIAL,DR,V4,69,69,,True
mat_std_w,NEUROPSYCHOLOGIE,float,PARTIAL,BP,V0,6252,2143,34.27703134996801,False
mat_std_w,NEUROPSYCHOLOGIE,float,PARTIAL,BP,V1,3074,2993,97.36499674690955,False
mat_std_w,NEUROPSYCHOLOGIE,float,PARTIAL,BP,V2,2228,1319,59.20107719928187,False
mat_std_w,NEUROPSYCHOLOGIE,float,PARTIAL,BP,V3,1497,1399,93.45357381429525,False
mat_std_w,NEUROPSYCHOLOGIE,float,PARTIAL,BP,V4,512,425,83.0078125,False
mat_std_w,NEUROPSYCHOLOGIE,float,PARTIAL,SZ,V0,2209,424,19.194205522861026,False
mat_std_w,NEUROPSYCHOLOGIE,float,PARTIAL,SZ,V1,963,925,96.0539979231568,False
mat_std_w,NEUROPSYCHOLOGIE,float,PARTIAL,SZ,V2,595,586,98.4873949579832,False
mat_std_w,NEUROPSYCHOLOGIE,float,PARTIAL,SZ,V3,456,136,29.82456140350877,False
mat_std_w,NEUROPSYCHOLOGIE,float,PARTIAL,SZ,V4,198,174,87.87878787878788,False
mat_std_w,NEUROPSYCHOLOGIE,float,PARTIAL,DR,V0,552,552,,True
mat_std_w,NEUROPSYCHOLOGIE,float,PARTIAL,DR,V1,233,233,,True
mat_std_w,NEUROPSYCHOLOGIE,float,PARTIAL,DR,V2,135,135,,True
mat_std_w,NEUROPSYCHOLOGIE,float,PARTIAL,DR,V3,3,3,,True
mat_std_w,NEUROPSYCHOLOGIE,float,PARTIAL,DR,V4,69,69,,True
mat_cr_w,NEUROPSYCHOLOGIE,float,PARTIAL,BP,V0,6252,2169,34.69289827255279,False
mat_cr_w,NEUROPSYCHOLOGIE,float,PARTIAL,BP,V1,3074,2993,97.36499674690955,False
mat_cr_w,NEUROPSYCHOLOGIE,float,PARTIAL,BP,V2,2228,1319,59.20107719928187,False
mat_cr_w,NEUROPSYCHOLOGIE,float,PARTIAL,BP,V3,1497,1399,93.45357381429525,False
mat_cr_w,NEUROPSYCHOLOGIE,float,PARTIAL,BP,V4,512,425,83.0078125,False
mat_cr_w,NEUROPSYCHOLOGIE,float,PARTIAL,SZ,V0,2209,424,19.194205522861026,False
mat_cr_w,NEUROPSYCHOLOGIE,float,PARTIAL,SZ,V1,963,925,96.0539979231568,False
mat_cr_w,NEUROPSYCHOLOGIE,float,PARTIAL,SZ,V2,595,586,98.4873949579832,False
mat_cr_w,NEUROPSYCHOLOGIE,float,PARTIAL,SZ,V3,456,136,29.82456140350877,False
mat_cr_w,NEUROPSYCHOLOGIE,float,PARTIAL,SZ,V4,198,174,87.87878787878788,False
mat_cr_w,NEUROPSYCHOLOGIE,float,PARTIAL,DR,V0,552,552,,True
mat_cr_w,NEUROPSYCHOLOGIE,float,PARTIAL,DR,V1,233,233,,True
mat_cr_w,NEUROPSYCHOLOGIE,float,PARTIAL,DR,V2,135,135,,True
mat_cr_w,NEUROPSYCHOLOGIE,float,PARTIAL,DR,V3,3,3,,True
mat_cr_w,NEUROPSYCHOLOGIE,float,PARTIAL,DR,V4,69,69,,True
nbrut_w,NEUROPSYCHOLOGIE,float,PARTIAL,BP,V0,6252,2025,32.38963531669866,False
nbrut_w,NEUROPSYCHOLOGIE,float,PARTIAL,BP,V1,3074,2987,97.16981132075472,False
nbrut_w,NEUROPSYCHOLOGIE,float,PARTIAL,BP,V2,2228,1057,47.441651705565526,False
nbrut_w,NEUROPSYCHOLOGIE,float,PARTIAL,BP,V3,1497,1384,92.45156980627922,False
nbrut_w,NEUROPSYCHOLOGIE,float,PARTIAL,BP,V4,512,417,81.4453125,False
nbrut_w,NEUROPSYCHOLOGIE,float,PARTIAL,SZ,V0,2209,427,19.330013580805794,False
nbrut_w,NEUROPSYCHOLOGIE,float,PARTIAL,SZ,V1,963,235,24.402907580477674,False
nbrut_w,NEUROPSYCHOLOGIE,float,PARTIAL,SZ,V2,595,556,93.4453781512605,False
nbrut_w,NEUROPSYCHOLOGIE,float,PARTIAL,SZ,V3,456,140,30.701754385964914,False
nbrut_w,NEUROPSYCHOLOGIE,float,PARTIAL,SZ,V4,198,174,87.87878787878788,False
nbrut_w,NEUROPSYCHOLOGIE,float,PARTIAL,DR,V0,552,552,,True
nbrut_w,NEUROPSYCHOLOGIE,float,PARTIAL,DR,V1,233,233,,True
nbrut_w,NEUROPSYCHOLOGIE,float,PARTIAL,DR,V2,135,135,,True
nbrut_w,NEUROPSYCHOLOGIE,float,PARTIAL,DR,V3,3,3,,True
nbrut_w,NEUROPSYCHOLOGIE,float,PARTIAL,DR,V4,69,69,,True
nstand_w,NEUROPSYCHOLOGIE,float,PARTIAL,BP,V0,6252,2029,32.453614843250165,False
nstand_w,NEUROPSYCHOLOGIE,float,PARTIAL,BP,V1,3074,2988,97.20234222511385,False
nstand_w,NEUROPSYCHOLOGIE,float,PARTIAL,BP,V2,2228,1058,47.48653500897666,False
nstand_w,NEUROPSYCHOLOGIE,float,PARTIAL,BP,V3,1497,1384,92.45156980627922,False
nstand_w,NEUROPSYCHOLOGIE,float,PARTIAL,BP,V4,512,417,81.4453125,False
nstand_w,NEUROPSYCHOLOGIE,float,PARTIAL,SZ,V0,2209,404,18.288818469895883,False
nstand_w,NEUROPSYCHOLOGIE,float,PARTIAL,SZ,V1,963,226,23.468328141225335,False
nstand_w,NEUROPSYCHOLOGIE,float,PARTIAL,SZ,V2,595,556,93.4453781512605,False
nstand_w,NEUROPSYCHOLOGIE,float,PARTIAL,SZ,V3,456,137,30.043859649122805,False
nstand_w,NEUROPSYCHOLOGIE,float,PARTIAL,SZ,V4,198,173,87.37373737373737,False
nstand_w,NEUROPSYCHOLOGIE,float,PARTIAL,DR,V0,552,552,,True
nstand_w,NEUROPSYCHOLOGIE,float,PARTIAL,DR,V1,233,233,,True
nstand_w,NEUROPSYCHOLOGIE,float,PARTIAL,DR,V2,135,135,,True
nstand_w,NEUROPSYCHOLOGIE,float,PARTIAL,DR,V3,3,3,,True
nstand_w,NEUROPSYCHOLOGIE,float,PARTIAL,DR,V4,69,69,,True
vstand_w,NEUROPSYCHOLOGIE,float,PARTIAL,BP,V0,6252,2030,32.46960972488804,False
vstand_w,NEUROPSYCHOLOGIE,float,PARTIAL,BP,V1,3074,2988,97.20234222511385,False
vstand_w,NEUROPSYCHOLOGIE,float,PARTIAL,BP,V2,2228,1058,47.48653500897666,False
vstand_w,NEUROPSYCHOLOGIE,float,PARTIAL,BP,V3,1497,1384,92.45156980627922,False
vstand_w,NEUROPSYCHOLOGIE,float,PARTIAL,BP,V4,512,417,81.4453125,False
vstand_w,NEUROPSYCHOLOGIE,float,PARTIAL,SZ,V0,2209,404,18.288818469895883,False
vstand_w,NEUROPSYCHOLOGIE,float,PARTIAL,SZ,V1,963,226,23.468328141225335,False
vstand_w,NEUROPSYCHOLOGIE,float,PARTIAL,SZ,V2,595,556,93.4453781512605,False
vstand_w,NEUROPSYCHOLOGIE,float,PARTIAL,SZ,V3,456,137,30.043859649122805,False
vstand_w,NEUROPSYCHOLOGIE,float,PARTIAL,SZ,V4,198,173,87.37373737373737,False
vstand_w,NEUROPSYCHOLOGIE,float,PARTIAL,DR,V0,552,552,,True
vstand_w,NEUROPSYCHOLOGIE,float,PARTIAL,DR,V1,233,233,,True
vstand_w,NEUROPSYCHOLOGIE,float,PARTIAL,DR,V2,135,135,,True
vstand_w,NEUROPSYCHOLOGIE,float,PARTIAL,DR,V3,3,3,,True
vstand_w,NEUROPSYCHOLOGIE,float,PARTIAL,DR,V4,69,69,,True
mcod_w,NEUROPSYCHOLOGIE,float,PARTIAL,BP,V0,6252,2022,32.341650671785025,False
mcod_w,NEUROPSYCHOLOGIE,float,PARTIAL,BP,V1,3074,2987,97.16981132075472,False
mcod_w,NEUROPSYCHOLOGIE,float,PARTIAL,BP,V2,2228,1056,47.3967684021544,False
mcod_w,NEUROPSYCHOLOGIE,float,PARTIAL,BP,V3,1497,1384,92.45156980627922,False
mcod_w,NEUROPSYCHOLOGIE,float,PARTIAL,BP,V4,512,417,81.4453125,False
mcod_w,NEUROPSYCHOLOGIE,float,PARTIAL,SZ,V0,2209,399,18.062471706654595,False
mcod_w,NEUROPSYCHOLOGIE,float,PARTIAL,SZ,V1,963,223,23.156801661474557,False
mcod_w,NEUROPSYCHOLOGIE,float,PARTIAL,SZ,V2,595,555,93.27731092436974,False
mcod_w,NEUROPSYCHOLOGIE,float,PARTIAL,SZ,V3,456,135,29.605263157894733,False
mcod_w,NEUROPSYCHOLOGIE,float,PARTIAL,SZ,V4,198,173,87.37373737373737,False
mcod_w,NEUROPSYCHOLOGIE,float,PARTIAL,DR,V0,552,552,,True
mcod_w,NEUROPSYCHOLOGIE,float,PARTIAL,DR,V1,233,233,,True
mcod_w,NEUROPSYCHOLOGIE,float,PARTIAL,DR,V2,135,135,,True
mcod_w,NEUROPSYCHOLOGIE,float,PARTIAL,DR,V3,3,3,,True
mcod_w,NEUROPSYCHOLOGIE,float,PARTIAL,DR,V4,69,69,,True
mcoi_w,NEUROPSYCHOLOGIE,float,PARTIAL,BP,V0,6252,2023,32.357645553422905,False
mcoi_w,NEUROPSYCHOLOGIE,float,PARTIAL,BP,V1,3074,2987,97.16981132075472,False
mcoi_w,NEUROPSYCHOLOGIE,float,PARTIAL,BP,V2,2228,1057,47.441651705565526,False
mcoi_w,NEUROPSYCHOLOGIE,float,PARTIAL,BP,V3,1497,1384,92.45156980627922,False
mcoi_w,NEUROPSYCHOLOGIE,float,PARTIAL,BP,V4,512,417,81.4453125,False
mcoi_w,NEUROPSYCHOLOGIE,float,PARTIAL,SZ,V0,2209,397,17.97193300135808,False
mcoi_w,NEUROPSYCHOLOGIE,float,PARTIAL,SZ,V1,963,223,23.156801661474557,False
mcoi_w,NEUROPSYCHOLOGIE,float,PARTIAL,SZ,V2,595,555,93.27731092436974,False
mcoi_w,NEUROPSYCHOLOGIE,float,PARTIAL,SZ,V3,456,135,29.605263157894733,False
mcoi_w,NEUROPSYCHOLOGIE,float,PARTIAL,SZ,V4,198,173,87.37373737373737,False
mcoi_w,NEUROPSYCHOLOGIE,float,PARTIAL,DR,V0,552,552,,True
mcoi_w,NEUROPSYCHOLOGIE,float,PARTIAL,DR,V1,233,233,,True
mcoi_w,NEUROPSYCHOLOGIE,float,PARTIAL,DR,V2,135,135,,True
mcoi_w,NEUROPSYCHOLOGIE,float,PARTIAL,DR,V3,3,3,,True
mcoi_w,NEUROPSYCHOLOGIE,float,PARTIAL,DR,V4,69,69,,True
mcoc_w,NEUROPSYCHOLOGIE,[verify],PARTIAL,BP,V0,6252,3028,48.43250159948816,False
mcoc_w,NEUROPSYCHOLOGIE,[verify],PARTIAL,BP,V1,3074,3008,97.85296031229667,False
mcoc_w,NEUROPSYCHOLOGIE,[verify],PARTIAL,BP,V2,2228,1267,56.867145421903054,False
mcoc_w,NEUROPSYCHOLOGIE,[verify],PARTIAL,BP,V3,1497,1413,94.38877755511022,False
mcoc_w,NEUROPSYCHOLOGIE,[verify],PARTIAL,BP,V4,512,420,82.03125,False
mcoc_w,NEUROPSYCHOLOGIE,[verify],PARTIAL,SZ,V0,2209,920,41.647804436396555,False
mcoc_w,NEUROPSYCHOLOGIE,[verify],PARTIAL,SZ,V1,963,387,40.18691588785047,False
mcoc_w,NEUROPSYCHOLOGIE,[verify],PARTIAL,SZ,V2,595,572,96.1344537815126,False
mcoc_w,NEUROPSYCHOLOGIE,[verify],PARTIAL,SZ,V3,456,166,36.40350877192983,False
mcoc_w,NEUROPSYCHOLOGIE,[verify],PARTIAL,SZ,V4,198,173,87.37373737373737,False
mcoc_w,NEUROPSYCHOLOGIE,[verify],PARTIAL,DR,V0,552,552,,True
mcoc_w,NEUROPSYCHOLOGIE,[verify],PARTIAL,DR,V1,233,233,,True
mcoc_w,NEUROPSYCHOLOGIE,[verify],PARTIAL,DR,V2,135,135,,True
mcoc_w,NEUROPSYCHOLOGIE,[verify],PARTIAL,DR,V3,3,3,,True
mcoc_w,NEUROPSYCHOLOGIE,[verify],PARTIAL,DR,V4,69,69,,True
mcodemp_w,NEUROPSYCHOLOGIE,float,PARTIAL,BP,V0,6252,2028,32.437619961612285,False
mcodemp_w,NEUROPSYCHOLOGIE,float,PARTIAL,BP,V1,3074,2988,97.20234222511385,False
mcodemp_w,NEUROPSYCHOLOGIE,float,PARTIAL,BP,V2,2228,1058,47.48653500897666,False
mcodemp_w,NEUROPSYCHOLOGIE,float,PARTIAL,BP,V3,1497,1384,92.45156980627922,False
mcodemp_w,NEUROPSYCHOLOGIE,float,PARTIAL,BP,V4,512,417,81.4453125,False
mcodemp_w,NEUROPSYCHOLOGIE,float,PARTIAL,SZ,V0,2209,399,18.062471706654595,False
mcodemp_w,NEUROPSYCHOLOGIE,float,PARTIAL,SZ,V1,963,223,23.156801661474557,False
mcodemp_w,NEUROPSYCHOLOGIE,float,PARTIAL,SZ,V2,595,555,93.27731092436974,False
mcodemp_w,NEUROPSYCHOLOGIE,float,PARTIAL,SZ,V3,456,135,29.605263157894733,False
mcodemp_w,NEUROPSYCHOLOGIE,float,PARTIAL,SZ,V4,198,173,87.37373737373737,False
mcodemp_w,NEUROPSYCHOLOGIE,float,PARTIAL,DR,V0,552,552,,True
mcodemp_w,NEUROPSYCHOLOGIE,float,PARTIAL,DR,V1,233,233,,True
mcodemp_w,NEUROPSYCHOLOGIE,float,PARTIAL,DR,V2,135,135,,True
mcodemp_w,NEUROPSYCHOLOGIE,float,PARTIAL,DR,V3,3,3,,True
mcodemp_w,NEUROPSYCHOLOGIE,float,PARTIAL,DR,V4,69,69,,True
wais_mc_end_std_wais4,NEUROPSYCHOLOGIE,float,PARTIAL,BP,V0,6252,2047,32.74152271273192,False
wais_mc_end_std_wais4,NEUROPSYCHOLOGIE,float,PARTIAL,BP,V1,3074,2988,97.20234222511385,False
wais_mc_end_std_wais4,NEUROPSYCHOLOGIE,float,PARTIAL,BP,V2,2228,1058,47.48653500897666,False
wais_mc_end_std_wais4,NEUROPSYCHOLOGIE,float,PARTIAL,BP,V3,1497,1384,92.45156980627922,False
wais_mc_end_std_wais4,NEUROPSYCHOLOGIE,float,PARTIAL,BP,V4,512,417,81.4453125,False
wais_mc_end_std_wais4,NEUROPSYCHOLOGIE,float,PARTIAL,SZ,V0,2209,404,18.288818469895883,False
wais_mc_end_std_wais4,NEUROPSYCHOLOGIE,float,PARTIAL,SZ,V1,963,226,23.468328141225335,False
wais_mc_end_std_wais4,NEUROPSYCHOLOGIE,float,PARTIAL,SZ,V2,595,556,93.4453781512605,False
wais_mc_end_std_wais4,NEUROPSYCHOLOGIE,float,PARTIAL,SZ,V3,456,137,30.043859649122805,False
wais_mc_end_std_wais4,NEUROPSYCHOLOGIE,float,PARTIAL,SZ,V4,198,173,87.37373737373737,False
wais_mc_end_std_wais4,NEUROPSYCHOLOGIE,float,PARTIAL,DR,V0,552,552,,True
wais_mc_end_std_wais4,NEUROPSYCHOLOGIE,float,PARTIAL,DR,V1,233,233,,True
wais_mc_end_std_wais4,NEUROPSYCHOLOGIE,float,PARTIAL,DR,V2,135,135,,True
wais_mc_end_std_wais4,NEUROPSYCHOLOGIE,float,PARTIAL,DR,V3,3,3,,True
wais_mc_end_std_wais4,NEUROPSYCHOLOGIE,float,PARTIAL,DR,V4,69,69,,True
mcoiemp_w,NEUROPSYCHOLOGIE,int8 categorical,PARTIAL,BP,V0,6252,2021,32.32565579014715,False
mcoiemp_w,NEUROPSYCHOLOGIE,int8 categorical,PARTIAL,BP,V1,3074,2987,97.16981132075472,False
mcoiemp_w,NEUROPSYCHOLOGIE,int8 categorical,PARTIAL,BP,V2,2228,1056,47.3967684021544,False
mcoiemp_w,NEUROPSYCHOLOGIE,int8 categorical,PARTIAL,BP,V3,1497,1384,92.45156980627922,False
mcoiemp_w,NEUROPSYCHOLOGIE,int8 categorical,PARTIAL,BP,V4,512,417,81.4453125,False
mcoiemp_w,NEUROPSYCHOLOGIE,int8 categorical,PARTIAL,SZ,V0,2209,397,17.97193300135808,False
mcoiemp_w,NEUROPSYCHOLOGIE,int8 categorical,PARTIAL,SZ,V1,963,223,23.156801661474557,False
mcoiemp_w,NEUROPSYCHOLOGIE,int8 categorical,PARTIAL,SZ,V2,595,555,93.27731092436974,False
mcoiemp_w,NEUROPSYCHOLOGIE,int8 categorical,PARTIAL,SZ,V3,456,135,29.605263157894733,False
mcoiemp_w,NEUROPSYCHOLOGIE,int8 categorical,PARTIAL,SZ,V4,198,173,87.37373737373737,False
mcoiemp_w,NEUROPSYCHOLOGIE,int8 categorical,PARTIAL,DR,V0,552,552,,True
mcoiemp_w,NEUROPSYCHOLOGIE,int8 categorical,PARTIAL,DR,V1,233,233,,True
mcoiemp_w,NEUROPSYCHOLOGIE,int8 categorical,PARTIAL,DR,V2,135,135,,True
mcoiemp_w,NEUROPSYCHOLOGIE,int8 categorical,PARTIAL,DR,V3,3,3,,True
mcoiemp_w,NEUROPSYCHOLOGIE,int8 categorical,PARTIAL,DR,V4,69,69,,True
wais_mc_env_std_wais4,NEUROPSYCHOLOGIE,float,PARTIAL,BP,V0,6252,2047,32.74152271273192,False
wais_mc_env_std_wais4,NEUROPSYCHOLOGIE,float,PARTIAL,BP,V1,3074,2988,97.20234222511385,False
wais_mc_env_std_wais4,NEUROPSYCHOLOGIE,float,PARTIAL,BP,V2,2228,1058,47.48653500897666,False
wais_mc_env_std_wais4,NEUROPSYCHOLOGIE,float,PARTIAL,BP,V3,1497,1384,92.45156980627922,False
wais_mc_env_std_wais4,NEUROPSYCHOLOGIE,float,PARTIAL,BP,V4,512,417,81.4453125,False
wais_mc_env_std_wais4,NEUROPSYCHOLOGIE,float,PARTIAL,SZ,V0,2209,404,18.288818469895883,False
wais_mc_env_std_wais4,NEUROPSYCHOLOGIE,float,PARTIAL,SZ,V1,963,226,23.468328141225335,False
wais_mc_env_std_wais4,NEUROPSYCHOLOGIE,float,PARTIAL,SZ,V2,595,556,93.4453781512605,False
wais_mc_env_std_wais4,NEUROPSYCHOLOGIE,float,PARTIAL,SZ,V3,456,137,30.043859649122805,False
wais_mc_env_std_wais4,NEUROPSYCHOLOGIE,float,PARTIAL,SZ,V4,198,173,87.37373737373737,False
wais_mc_env_std_wais4,NEUROPSYCHOLOGIE,float,PARTIAL,DR,V0,552,552,,True
wais_mc_env_std_wais4,NEUROPSYCHOLOGIE,float,PARTIAL,DR,V1,233,233,,True
wais_mc_env_std_wais4,NEUROPSYCHOLOGIE,float,PARTIAL,DR,V2,135,135,,True
wais_mc_env_std_wais4,NEUROPSYCHOLOGIE,float,PARTIAL,DR,V3,3,3,,True
wais_mc_env_std_wais4,NEUROPSYCHOLOGIE,float,PARTIAL,DR,V4,69,69,,True
wais_mc_cro_wais4,NEUROPSYCHOLOGIE,int8 categorical,PARTIAL,BP,V0,6252,3028,48.43250159948816,False
wais_mc_cro_wais4,NEUROPSYCHOLOGIE,int8 categorical,PARTIAL,BP,V1,3074,3008,97.85296031229667,False
wais_mc_cro_wais4,NEUROPSYCHOLOGIE,int8 categorical,PARTIAL,BP,V2,2228,1267,56.867145421903054,False
wais_mc_cro_wais4,NEUROPSYCHOLOGIE,int8 categorical,PARTIAL,BP,V3,1497,1413,94.38877755511022,False
wais_mc_cro_wais4,NEUROPSYCHOLOGIE,int8 categorical,PARTIAL,BP,V4,512,420,82.03125,False
wais_mc_cro_wais4,NEUROPSYCHOLOGIE,int8 categorical,PARTIAL,SZ,V0,2209,920,41.647804436396555,False
wais_mc_cro_wais4,NEUROPSYCHOLOGIE,int8 categorical,PARTIAL,SZ,V1,963,387,40.18691588785047,False
wais_mc_cro_wais4,NEUROPSYCHOLOGIE,int8 categorical,PARTIAL,SZ,V2,595,572,96.1344537815126,False
wais_mc_cro_wais4,NEUROPSYCHOLOGIE,int8 categorical,PARTIAL,SZ,V3,456,166,36.40350877192983,False
wais_mc_cro_wais4,NEUROPSYCHOLOGIE,int8 categorical,PARTIAL,SZ,V4,198,173,87.37373737373737,False
wais_mc_cro_wais4,NEUROPSYCHOLOGIE,int8 categorical,PARTIAL,DR,V0,552,552,,True
wais_mc_cro_wais4,NEUROPSYCHOLOGIE,int8 categorical,PARTIAL,DR,V1,233,233,,True
wais_mc_cro_wais4,NEUROPSYCHOLOGIE,int8 categorical,PARTIAL,DR,V2,135,135,,True
wais_mc_cro_wais4,NEUROPSYCHOLOGIE,int8 categorical,PARTIAL,DR,V3,3,3,,True
wais_mc_cro_wais4,NEUROPSYCHOLOGIE,int8 categorical,PARTIAL,DR,V4,69,69,,True
wais_mc_cro_std_wais4,NEUROPSYCHOLOGIE,float,PARTIAL,BP,V0,6252,3031,48.480486244401796,False
wais_mc_cro_std_wais4,NEUROPSYCHOLOGIE,float,PARTIAL,BP,V1,3074,3008,97.85296031229667,False
wais_mc_cro_std_wais4,NEUROPSYCHOLOGIE,float,PARTIAL,BP,V2,2228,1268,56.91202872531418,False
wais_mc_cro_std_wais4,NEUROPSYCHOLOGIE,float,PARTIAL,BP,V3,1497,1413,94.38877755511022,False
wais_mc_cro_std_wais4,NEUROPSYCHOLOGIE,float,PARTIAL,BP,V4,512,420,82.03125,False
wais_mc_cro_std_wais4,NEUROPSYCHOLOGIE,float,PARTIAL,SZ,V0,2209,922,41.73834314169307,False
wais_mc_cro_std_wais4,NEUROPSYCHOLOGIE,float,PARTIAL,SZ,V1,963,387,40.18691588785047,False
wais_mc_cro_std_wais4,NEUROPSYCHOLOGIE,float,PARTIAL,SZ,V2,595,572,96.1344537815126,False
wais_mc_cro_std_wais4,NEUROPSYCHOLOGIE,float,PARTIAL,SZ,V3,456,166,36.40350877192983,False
wais_mc_cro_std_wais4,NEUROPSYCHOLOGIE,float,PARTIAL,SZ,V4,198,173,87.37373737373737,False
wais_mc_cro_std_wais4,NEUROPSYCHOLOGIE,float,PARTIAL,DR,V0,552,552,,True
wais_mc_cro_std_wais4,NEUROPSYCHOLOGIE,float,PARTIAL,DR,V1,233,233,,True
wais_mc_cro_std_wais4,NEUROPSYCHOLOGIE,float,PARTIAL,DR,V2,135,135,,True
wais_mc_cro_std_wais4,NEUROPSYCHOLOGIE,float,PARTIAL,DR,V3,3,3,,True
wais_mc_cro_std_wais4,NEUROPSYCHOLOGIE,float,PARTIAL,DR,V4,69,69,,True
empdid_w,NEUROPSYCHOLOGIE,float,PARTIAL,BP,V0,6252,2023,32.357645553422905,False
empdid_w,NEUROPSYCHOLOGIE,float,PARTIAL,BP,V1,3074,2987,97.16981132075472,False
empdid_w,NEUROPSYCHOLOGIE,float,PARTIAL,BP,V2,2228,1057,47.441651705565526,False
empdid_w,NEUROPSYCHOLOGIE,float,PARTIAL,BP,V3,1497,1384,92.45156980627922,False
empdid_w,NEUROPSYCHOLOGIE,float,PARTIAL,BP,V4,512,417,81.4453125,False
empdid_w,NEUROPSYCHOLOGIE,float,PARTIAL,SZ,V0,2209,399,18.062471706654595,False
empdid_w,NEUROPSYCHOLOGIE,float,PARTIAL,SZ,V1,963,223,23.156801661474557,False
empdid_w,NEUROPSYCHOLOGIE,float,PARTIAL,SZ,V2,595,555,93.27731092436974,False
empdid_w,NEUROPSYCHOLOGIE,float,PARTIAL,SZ,V3,456,135,29.605263157894733,False
empdid_w,NEUROPSYCHOLOGIE,float,PARTIAL,SZ,V4,198,173,87.37373737373737,False
empdid_w,NEUROPSYCHOLOGIE,float,PARTIAL,DR,V0,552,552,,True
empdid_w,NEUROPSYCHOLOGIE,float,PARTIAL,DR,V1,233,233,,True
empdid_w,NEUROPSYCHOLOGIE,float,PARTIAL,DR,V2,135,135,,True
empdid_w,NEUROPSYCHOLOGIE,float,PARTIAL,DR,V3,3,3,,True
empdid_w,NEUROPSYCHOLOGIE,float,PARTIAL,DR,V4,69,69,,True
code01_wais4,NEUROPSYCHOLOGIE,string,PARTIAL,BP,V0,6252,2025,32.38963531669866,False
code01_wais4,NEUROPSYCHOLOGIE,string,PARTIAL,BP,V1,3074,2991,97.29993493819129,False
code01_wais4,NEUROPSYCHOLOGIE,string,PARTIAL,BP,V2,2228,1063,47.71095152603231,False
code01_wais4,NEUROPSYCHOLOGIE,string,PARTIAL,BP,V3,1497,1383,92.38476953907816,False
code01_wais4,NEUROPSYCHOLOGIE,string,PARTIAL,BP,V4,512,416,81.25,False
code01_wais4,NEUROPSYCHOLOGIE,string,PARTIAL,SZ,V0,2209,1281,57.99004074241738,False
code01_wais4,NEUROPSYCHOLOGIE,string,PARTIAL,SZ,V1,963,947,98.33852544132918,False
code01_wais4,NEUROPSYCHOLOGIE,string,PARTIAL,SZ,V2,595,589,98.99159663865547,False
code01_wais4,NEUROPSYCHOLOGIE,string,PARTIAL,SZ,V3,456,340,74.56140350877193,False
code01_wais4,NEUROPSYCHOLOGIE,string,PARTIAL,SZ,V4,198,190,95.95959595959596,False
code01_wais4,NEUROPSYCHOLOGIE,string,PARTIAL,DR,V0,552,552,,True
code01_wais4,NEUROPSYCHOLOGIE,string,PARTIAL,DR,V1,233,233,,True
code01_wais4,NEUROPSYCHOLOGIE,string,PARTIAL,DR,V2,135,135,,True
code01_wais4,NEUROPSYCHOLOGIE,string,PARTIAL,DR,V3,3,3,,True
code01_wais4,NEUROPSYCHOLOGIE,string,PARTIAL,DR,V4,69,69,,True
code02_wais4,NEUROPSYCHOLOGIE,float,PARTIAL,BP,V0,6252,2028,32.437619961612285,False
code02_wais4,NEUROPSYCHOLOGIE,float,PARTIAL,BP,V1,3074,2991,97.29993493819129,False
code02_wais4,NEUROPSYCHOLOGIE,float,PARTIAL,BP,V2,2228,1064,47.755834829443444,False
code02_wais4,NEUROPSYCHOLOGIE,float,PARTIAL,BP,V3,1497,1383,92.38476953907816,False
code02_wais4,NEUROPSYCHOLOGIE,float,PARTIAL,BP,V4,512,416,81.25,False
code02_wais4,NEUROPSYCHOLOGIE,float,PARTIAL,SZ,V0,2209,1282,58.03531009506564,False
code02_wais4,NEUROPSYCHOLOGIE,float,PARTIAL,SZ,V1,963,947,98.33852544132918,False
code02_wais4,NEUROPSYCHOLOGIE,float,PARTIAL,SZ,V2,595,589,98.99159663865547,False
code02_wais4,NEUROPSYCHOLOGIE,float,PARTIAL,SZ,V3,456,340,74.56140350877193,False
code02_wais4,NEUROPSYCHOLOGIE,float,PARTIAL,SZ,V4,198,190,95.95959595959596,False
code02_wais4,NEUROPSYCHOLOGIE,float,PARTIAL,DR,V0,552,552,,True
code02_wais4,NEUROPSYCHOLOGIE,float,PARTIAL,DR,V1,233,233,,True
code02_wais4,NEUROPSYCHOLOGIE,float,PARTIAL,DR,V2,135,135,,True
code02_wais4,NEUROPSYCHOLOGIE,float,PARTIAL,DR,V3,3,3,,True
code02_wais4,NEUROPSYCHOLOGIE,float,PARTIAL,DR,V4,69,69,,True
code03_wais4,NEUROPSYCHOLOGIE,float,PARTIAL,BP,V0,6252,2026,32.40563019833653,False
code03_wais4,NEUROPSYCHOLOGIE,float,PARTIAL,BP,V1,3074,2990,97.26740403383214,False
code03_wais4,NEUROPSYCHOLOGIE,float,PARTIAL,BP,V2,2228,1064,47.755834829443444,False
code03_wais4,NEUROPSYCHOLOGIE,float,PARTIAL,BP,V3,1497,1383,92.38476953907816,False
code03_wais4,NEUROPSYCHOLOGIE,float,PARTIAL,BP,V4,512,416,81.25,False
code03_wais4,NEUROPSYCHOLOGIE,float,PARTIAL,SZ,V0,2209,1280,57.94477138976912,False
code03_wais4,NEUROPSYCHOLOGIE,float,PARTIAL,SZ,V1,963,947,98.33852544132918,False
code03_wais4,NEUROPSYCHOLOGIE,float,PARTIAL,SZ,V2,595,589,98.99159663865547,False
code03_wais4,NEUROPSYCHOLOGIE,float,PARTIAL,SZ,V3,456,340,74.56140350877193,False
code03_wais4,NEUROPSYCHOLOGIE,float,PARTIAL,SZ,V4,198,190,95.95959595959596,False
code03_wais4,NEUROPSYCHOLOGIE,float,PARTIAL,DR,V0,552,552,,True
code03_wais4,NEUROPSYCHOLOGIE,float,PARTIAL,DR,V1,233,233,,True
code03_wais4,NEUROPSYCHOLOGIE,float,PARTIAL,DR,V2,135,135,,True
code03_wais4,NEUROPSYCHOLOGIE,float,PARTIAL,DR,V3,3,3,,True
code03_wais4,NEUROPSYCHOLOGIE,float,PARTIAL,DR,V4,69,69,,True
code04_wais4,NEUROPSYCHOLOGIE,float,PARTIAL,BP,V0,6252,2026,32.40563019833653,False
code04_wais4,NEUROPSYCHOLOGIE,float,PARTIAL,BP,V1,3074,2990,97.26740403383214,False
code04_wais4,NEUROPSYCHOLOGIE,float,PARTIAL,BP,V2,2228,1064,47.755834829443444,False
code04_wais4,NEUROPSYCHOLOGIE,float,PARTIAL,BP,V3,1497,1383,92.38476953907816,False
code04_wais4,NEUROPSYCHOLOGIE,float,PARTIAL,BP,V4,512,416,81.25,False
code04_wais4,NEUROPSYCHOLOGIE,float,PARTIAL,SZ,V0,2209,1280,57.94477138976912,False
code04_wais4,NEUROPSYCHOLOGIE,float,PARTIAL,SZ,V1,963,947,98.33852544132918,False
code04_wais4,NEUROPSYCHOLOGIE,float,PARTIAL,SZ,V2,595,589,98.99159663865547,False
code04_wais4,NEUROPSYCHOLOGIE,float,PARTIAL,SZ,V3,456,340,74.56140350877193,False
code04_wais4,NEUROPSYCHOLOGIE,float,PARTIAL,SZ,V4,198,190,95.95959595959596,False
code04_wais4,NEUROPSYCHOLOGIE,float,PARTIAL,DR,V0,552,552,,True
code04_wais4,NEUROPSYCHOLOGIE,float,PARTIAL,DR,V1,233,233,,True
code04_wais4,NEUROPSYCHOLOGIE,float,PARTIAL,DR,V2,135,135,,True
code04_wais4,NEUROPSYCHOLOGIE,float,PARTIAL,DR,V3,3,3,,True
code04_wais4,NEUROPSYCHOLOGIE,float,PARTIAL,DR,V4,69,69,,True
code05_wais4,NEUROPSYCHOLOGIE,float,PARTIAL,BP,V0,6252,2026,32.40563019833653,False
code05_wais4,NEUROPSYCHOLOGIE,float,PARTIAL,BP,V1,3074,2990,97.26740403383214,False
code05_wais4,NEUROPSYCHOLOGIE,float,PARTIAL,BP,V2,2228,1064,47.755834829443444,False
code05_wais4,NEUROPSYCHOLOGIE,float,PARTIAL,BP,V3,1497,1383,92.38476953907816,False
code05_wais4,NEUROPSYCHOLOGIE,float,PARTIAL,BP,V4,512,416,81.25,False
code05_wais4,NEUROPSYCHOLOGIE,float,PARTIAL,SZ,V0,2209,1282,58.03531009506564,False
code05_wais4,NEUROPSYCHOLOGIE,float,PARTIAL,SZ,V1,963,947,98.33852544132918,False
code05_wais4,NEUROPSYCHOLOGIE,float,PARTIAL,SZ,V2,595,589,98.99159663865547,False
code05_wais4,NEUROPSYCHOLOGIE,float,PARTIAL,SZ,V3,456,340,74.56140350877193,False
code05_wais4,NEUROPSYCHOLOGIE,float,PARTIAL,SZ,V4,198,190,95.95959595959596,False
code05_wais4,NEUROPSYCHOLOGIE,float,PARTIAL,DR,V0,552,552,,True
code05_wais4,NEUROPSYCHOLOGIE,float,PARTIAL,DR,V1,233,233,,True
code05_wais4,NEUROPSYCHOLOGIE,float,PARTIAL,DR,V2,135,135,,True
code05_wais4,NEUROPSYCHOLOGIE,float,PARTIAL,DR,V3,3,3,,True
code05_wais4,NEUROPSYCHOLOGIE,float,PARTIAL,DR,V4,69,69,,True
ivt04_wais4,NEUROPSYCHOLOGIE,float,PARTIAL,BP,V0,6252,2039,32.613563659628916,False
ivt04_wais4,NEUROPSYCHOLOGIE,float,PARTIAL,BP,V1,3074,2990,97.26740403383214,False
ivt04_wais4,NEUROPSYCHOLOGIE,float,PARTIAL,BP,V2,2228,1066,47.84560143626571,False
ivt04_wais4,NEUROPSYCHOLOGIE,float,PARTIAL,BP,V3,1497,1383,92.38476953907816,False
ivt04_wais4,NEUROPSYCHOLOGIE,float,PARTIAL,BP,V4,512,417,81.4453125,False
ivt04_wais4,NEUROPSYCHOLOGIE,float,PARTIAL,SZ,V0,2209,1777,80.44363965595292,False
ivt04_wais4,NEUROPSYCHOLOGIE,float,PARTIAL,SZ,V1,963,956,99.27310488058151,False
ivt04_wais4,NEUROPSYCHOLOGIE,float,PARTIAL,SZ,V2,595,593,99.66386554621849,False
ivt04_wais4,NEUROPSYCHOLOGIE,float,PARTIAL,SZ,V3,456,366,80.26315789473685,False
ivt04_wais4,NEUROPSYCHOLOGIE,float,PARTIAL,SZ,V4,198,189,95.45454545454545,False
ivt04_wais4,NEUROPSYCHOLOGIE,float,PARTIAL,DR,V0,552,552,,True
ivt04_wais4,NEUROPSYCHOLOGIE,float,PARTIAL,DR,V1,233,233,,True
ivt04_wais4,NEUROPSYCHOLOGIE,float,PARTIAL,DR,V2,135,135,,True
ivt04_wais4,NEUROPSYCHOLOGIE,float,PARTIAL,DR,V3,3,3,,True
ivt04_wais4,NEUROPSYCHOLOGIE,float,PARTIAL,DR,V4,69,69,,True
ivt01_wais4,NEUROPSYCHOLOGIE,float,PARTIAL,BP,V0,6252,2039,32.613563659628916,False
ivt01_wais4,NEUROPSYCHOLOGIE,float,PARTIAL,BP,V1,3074,2990,97.26740403383214,False
ivt01_wais4,NEUROPSYCHOLOGIE,float,PARTIAL,BP,V2,2228,1066,47.84560143626571,False
ivt01_wais4,NEUROPSYCHOLOGIE,float,PARTIAL,BP,V3,1497,1383,92.38476953907816,False
ivt01_wais4,NEUROPSYCHOLOGIE,float,PARTIAL,BP,V4,512,417,81.4453125,False
ivt01_wais4,NEUROPSYCHOLOGIE,float,PARTIAL,SZ,V0,2209,1777,80.44363965595292,False
ivt01_wais4,NEUROPSYCHOLOGIE,float,PARTIAL,SZ,V1,963,956,99.27310488058151,False
ivt01_wais4,NEUROPSYCHOLOGIE,float,PARTIAL,SZ,V2,595,593,99.66386554621849,False
ivt01_wais4,NEUROPSYCHOLOGIE,float,PARTIAL,SZ,V3,456,366,80.26315789473685,False
ivt01_wais4,NEUROPSYCHOLOGIE,float,PARTIAL,SZ,V4,198,189,95.45454545454545,False
ivt01_wais4,NEUROPSYCHOLOGIE,float,PARTIAL,DR,V0,552,552,,True
ivt01_wais4,NEUROPSYCHOLOGIE,float,PARTIAL,DR,V1,233,233,,True
ivt01_wais4,NEUROPSYCHOLOGIE,float,PARTIAL,DR,V2,135,135,,True
ivt01_wais4,NEUROPSYCHOLOGIE,float,PARTIAL,DR,V3,3,3,,True
ivt01_wais4,NEUROPSYCHOLOGIE,float,PARTIAL,DR,V4,69,69,,True
ivt02_wais4,NEUROPSYCHOLOGIE,string,PARTIAL,BP,V0,6252,2039,32.613563659628916,False
ivt02_wais4,NEUROPSYCHOLOGIE,string,PARTIAL,BP,V1,3074,2990,97.26740403383214,False
ivt02_wais4,NEUROPSYCHOLOGIE,string,PARTIAL,BP,V2,2228,1066,47.84560143626571,False
ivt02_wais4,NEUROPSYCHOLOGIE,string,PARTIAL,BP,V3,1497,1383,92.38476953907816,False
ivt02_wais4,NEUROPSYCHOLOGIE,string,PARTIAL,BP,V4,512,417,81.4453125,False
ivt02_wais4,NEUROPSYCHOLOGIE,string,PARTIAL,SZ,V0,2209,1777,80.44363965595292,False
ivt02_wais4,NEUROPSYCHOLOGIE,string,PARTIAL,SZ,V1,963,956,99.27310488058151,False
ivt02_wais4,NEUROPSYCHOLOGIE,string,PARTIAL,SZ,V2,595,593,99.66386554621849,False
ivt02_wais4,NEUROPSYCHOLOGIE,string,PARTIAL,SZ,V3,456,366,80.26315789473685,False
ivt02_wais4,NEUROPSYCHOLOGIE,string,PARTIAL,SZ,V4,198,189,95.45454545454545,False
ivt02_wais4,NEUROPSYCHOLOGIE,string,PARTIAL,DR,V0,552,552,,True
ivt02_wais4,NEUROPSYCHOLOGIE,string,PARTIAL,DR,V1,233,233,,True
ivt02_wais4,NEUROPSYCHOLOGIE,string,PARTIAL,DR,V2,135,135,,True
ivt02_wais4,NEUROPSYCHOLOGIE,string,PARTIAL,DR,V3,3,3,,True
ivt02_wais4,NEUROPSYCHOLOGIE,string,PARTIAL,DR,V4,69,69,,True
fv01,NEUROPSYCHOLOGIE,float,PARTIAL,BP,V0,6252,2073,33.1573896353167,False
fv01,NEUROPSYCHOLOGIE,float,PARTIAL,BP,V1,3074,2992,97.33246584255042,False
fv01,NEUROPSYCHOLOGIE,float,PARTIAL,BP,V2,2228,1070,48.025134649910235,False
fv01,NEUROPSYCHOLOGIE,float,PARTIAL,BP,V3,1497,1384,92.45156980627922,False
fv01,NEUROPSYCHOLOGIE,float,PARTIAL,BP,V4,512,418,81.640625,False
fv01,NEUROPSYCHOLOGIE,float,PARTIAL,SZ,V0,2209,1290,58.39746491625169,False
fv01,NEUROPSYCHOLOGIE,float,PARTIAL,SZ,V1,963,592,61.47455867082036,False
fv01,NEUROPSYCHOLOGIE,float,PARTIAL,SZ,V2,595,575,96.63865546218487,False
fv01,NEUROPSYCHOLOGIE,float,PARTIAL,SZ,V3,456,345,75.6578947368421,False
fv01,NEUROPSYCHOLOGIE,float,PARTIAL,SZ,V4,198,188,94.94949494949495,False
fv01,NEUROPSYCHOLOGIE,float,PARTIAL,DR,V0,552,552,,True
fv01,NEUROPSYCHOLOGIE,float,PARTIAL,DR,V1,233,233,,True
fv01,NEUROPSYCHOLOGIE,float,PARTIAL,DR,V2,135,135,,True
fv01,NEUROPSYCHOLOGIE,float,PARTIAL,DR,V3,3,3,,True
fv01,NEUROPSYCHOLOGIE,float,PARTIAL,DR,V4,69,69,,True
fv02,NEUROPSYCHOLOGIE,float,PARTIAL,BP,V0,6252,2074,33.17338451695457,False
fv02,NEUROPSYCHOLOGIE,float,PARTIAL,BP,V1,3074,2992,97.33246584255042,False
fv02,NEUROPSYCHOLOGIE,float,PARTIAL,BP,V2,2228,1069,47.9802513464991,False
fv02,NEUROPSYCHOLOGIE,float,PARTIAL,BP,V3,1497,1384,92.45156980627922,False
fv02,NEUROPSYCHOLOGIE,float,PARTIAL,BP,V4,512,418,81.640625,False
fv02,NEUROPSYCHOLOGIE,float,PARTIAL,SZ,V0,2209,1290,58.39746491625169,False
fv02,NEUROPSYCHOLOGIE,float,PARTIAL,SZ,V1,963,592,61.47455867082036,False
fv02,NEUROPSYCHOLOGIE,float,PARTIAL,SZ,V2,595,575,96.63865546218487,False
fv02,NEUROPSYCHOLOGIE,float,PARTIAL,SZ,V3,456,345,75.6578947368421,False
fv02,NEUROPSYCHOLOGIE,float,PARTIAL,SZ,V4,198,188,94.94949494949495,False
fv02,NEUROPSYCHOLOGIE,float,PARTIAL,DR,V0,552,552,,True
fv02,NEUROPSYCHOLOGIE,float,PARTIAL,DR,V1,233,233,,True
fv02,NEUROPSYCHOLOGIE,float,PARTIAL,DR,V2,135,135,,True
fv02,NEUROPSYCHOLOGIE,float,PARTIAL,DR,V3,3,3,,True
fv02,NEUROPSYCHOLOGIE,float,PARTIAL,DR,V4,69,69,,True
fv03,NEUROPSYCHOLOGIE,string,PARTIAL,BP,V0,6252,2074,33.17338451695457,False
fv03,NEUROPSYCHOLOGIE,string,PARTIAL,BP,V1,3074,2992,97.33246584255042,False
fv03,NEUROPSYCHOLOGIE,string,PARTIAL,BP,V2,2228,1069,47.9802513464991,False
fv03,NEUROPSYCHOLOGIE,string,PARTIAL,BP,V3,1497,1384,92.45156980627922,False
fv03,NEUROPSYCHOLOGIE,string,PARTIAL,BP,V4,512,418,81.640625,False
fv03,NEUROPSYCHOLOGIE,string,PARTIAL,SZ,V0,2209,1288,58.306926210955176,False
fv03,NEUROPSYCHOLOGIE,string,PARTIAL,SZ,V1,963,592,61.47455867082036,False
fv03,NEUROPSYCHOLOGIE,string,PARTIAL,SZ,V2,595,575,96.63865546218487,False
fv03,NEUROPSYCHOLOGIE,string,PARTIAL,SZ,V3,456,345,75.6578947368421,False
fv03,NEUROPSYCHOLOGIE,string,PARTIAL,SZ,V4,198,188,94.94949494949495,False
fv03,NEUROPSYCHOLOGIE,string,PARTIAL,DR,V0,552,552,,True
fv03,NEUROPSYCHOLOGIE,string,PARTIAL,DR,V1,233,233,,True
fv03,NEUROPSYCHOLOGIE,string,PARTIAL,DR,V2,135,135,,True
fv03,NEUROPSYCHOLOGIE,string,PARTIAL,DR,V3,3,3,,True
fv03,NEUROPSYCHOLOGIE,string,PARTIAL,DR,V4,69,69,,True
fv04,NEUROPSYCHOLOGIE,float,PARTIAL,BP,V0,6252,2161,34.564939219449776,False
fv04,NEUROPSYCHOLOGIE,float,PARTIAL,BP,V1,3074,2995,97.43005855562785,False
fv04,NEUROPSYCHOLOGIE,float,PARTIAL,BP,V2,2228,1086,48.74326750448833,False
fv04,NEUROPSYCHOLOGIE,float,PARTIAL,BP,V3,1497,1390,92.85237140948564,False
fv04,NEUROPSYCHOLOGIE,float,PARTIAL,BP,V4,512,421,82.2265625,False
fv04,NEUROPSYCHOLOGIE,float,PARTIAL,SZ,V0,2209,1295,58.62381167949299,False
fv04,NEUROPSYCHOLOGIE,float,PARTIAL,SZ,V1,963,597,61.99376947040498,False
fv04,NEUROPSYCHOLOGIE,float,PARTIAL,SZ,V2,595,575,96.63865546218487,False
fv04,NEUROPSYCHOLOGIE,float,PARTIAL,SZ,V3,456,345,75.6578947368421,False
fv04,NEUROPSYCHOLOGIE,float,PARTIAL,SZ,V4,198,188,94.94949494949495,False
fv04,NEUROPSYCHOLOGIE,float,PARTIAL,DR,V0,552,552,,True
fv04,NEUROPSYCHOLOGIE,float,PARTIAL,DR,V1,233,233,,True
fv04,NEUROPSYCHOLOGIE,float,PARTIAL,DR,V2,135,135,,True
fv04,NEUROPSYCHOLOGIE,float,PARTIAL,DR,V3,3,3,,True
fv04,NEUROPSYCHOLOGIE,float,PARTIAL,DR,V4,69,69,,True
fv05,NEUROPSYCHOLOGIE,float,PARTIAL,BP,V0,6252,2168,34.67690339091491,False
fv05,NEUROPSYCHOLOGIE,float,PARTIAL,BP,V1,3074,2995,97.43005855562785,False
fv05,NEUROPSYCHOLOGIE,float,PARTIAL,BP,V2,2228,1088,48.83303411131059,False
fv05,NEUROPSYCHOLOGIE,float,PARTIAL,BP,V3,1497,1390,92.85237140948564,False
fv05,NEUROPSYCHOLOGIE,float,PARTIAL,BP,V4,512,422,82.421875,False
fv05,NEUROPSYCHOLOGIE,float,PARTIAL,SZ,V0,2209,1295,58.62381167949299,False
fv05,NEUROPSYCHOLOGIE,float,PARTIAL,SZ,V1,963,599,62.20145379023884,False
fv05,NEUROPSYCHOLOGIE,float,PARTIAL,SZ,V2,595,575,96.63865546218487,False
fv05,NEUROPSYCHOLOGIE,float,PARTIAL,SZ,V3,456,346,75.87719298245614,False
fv05,NEUROPSYCHOLOGIE,float,PARTIAL,SZ,V4,198,188,94.94949494949495,False
fv05,NEUROPSYCHOLOGIE,float,PARTIAL,DR,V0,552,552,,True
fv05,NEUROPSYCHOLOGIE,float,PARTIAL,DR,V1,233,233,,True
fv05,NEUROPSYCHOLOGIE,float,PARTIAL,DR,V2,135,135,,True
fv05,NEUROPSYCHOLOGIE,float,PARTIAL,DR,V3,3,3,,True
fv05,NEUROPSYCHOLOGIE,float,PARTIAL,DR,V4,69,69,,True
fv06,NEUROPSYCHOLOGIE,int8 categorical,PARTIAL,BP,V0,6252,2170,34.708893154190655,False
fv06,NEUROPSYCHOLOGIE,int8 categorical,PARTIAL,BP,V1,3074,2995,97.43005855562785,False
fv06,NEUROPSYCHOLOGIE,int8 categorical,PARTIAL,BP,V2,2228,1088,48.83303411131059,False
fv06,NEUROPSYCHOLOGIE,int8 categorical,PARTIAL,BP,V3,1497,1390,92.85237140948564,False
fv06,NEUROPSYCHOLOGIE,int8 categorical,PARTIAL,BP,V4,512,422,82.421875,False
fv06,NEUROPSYCHOLOGIE,int8 categorical,PARTIAL,SZ,V0,2209,1295,58.62381167949299,False
fv06,NEUROPSYCHOLOGIE,int8 categorical,PARTIAL,SZ,V1,963,599,62.20145379023884,False
fv06,NEUROPSYCHOLOGIE,int8 categorical,PARTIAL,SZ,V2,595,575,96.63865546218487,False
fv06,NEUROPSYCHOLOGIE,int8 categorical,PARTIAL,SZ,V3,456,345,75.6578947368421,False
fv06,NEUROPSYCHOLOGIE,int8 categorical,PARTIAL,SZ,V4,198,189,95.45454545454545,False
fv06,NEUROPSYCHOLOGIE,int8 categorical,PARTIAL,DR,V0,552,552,,True
fv06,NEUROPSYCHOLOGIE,int8 categorical,PARTIAL,DR,V1,233,233,,True
fv06,NEUROPSYCHOLOGIE,int8 categorical,PARTIAL,DR,V2,135,135,,True
fv06,NEUROPSYCHOLOGIE,int8 categorical,PARTIAL,DR,V3,3,3,,True
fv06,NEUROPSYCHOLOGIE,int8 categorical,PARTIAL,DR,V4,69,69,,True
fv07,NEUROPSYCHOLOGIE,int8 categorical,PARTIAL,BP,V0,6252,2180,34.86884197056942,False
fv07,NEUROPSYCHOLOGIE,int8 categorical,PARTIAL,BP,V1,3074,2995,97.43005855562785,False
fv07,NEUROPSYCHOLOGIE,int8 categorical,PARTIAL,BP,V2,2228,1089,48.87791741472172,False
fv07,NEUROPSYCHOLOGIE,int8 categorical,PARTIAL,BP,V3,1497,1390,92.85237140948564,False
fv07,NEUROPSYCHOLOGIE,int8 categorical,PARTIAL,BP,V4,512,422,82.421875,False
fv07,NEUROPSYCHOLOGIE,int8 categorical,PARTIAL,SZ,V0,2209,1298,58.75961973743775,False
fv07,NEUROPSYCHOLOGIE,int8 categorical,PARTIAL,SZ,V1,963,600,62.30529595015576,False
fv07,NEUROPSYCHOLOGIE,int8 categorical,PARTIAL,SZ,V2,595,575,96.63865546218487,False
fv07,NEUROPSYCHOLOGIE,int8 categorical,PARTIAL,SZ,V3,456,346,75.87719298245614,False
fv07,NEUROPSYCHOLOGIE,int8 categorical,PARTIAL,SZ,V4,198,189,95.45454545454545,False
fv07,NEUROPSYCHOLOGIE,int8 categorical,PARTIAL,DR,V0,552,552,,True
fv07,NEUROPSYCHOLOGIE,int8 categorical,PARTIAL,DR,V1,233,233,,True
fv07,NEUROPSYCHOLOGIE,int8 categorical,PARTIAL,DR,V2,135,135,,True
fv07,NEUROPSYCHOLOGIE,int8 categorical,PARTIAL,DR,V3,3,3,,True
fv07,NEUROPSYCHOLOGIE,int8 categorical,PARTIAL,DR,V4,69,69,,True
fv08,NEUROPSYCHOLOGIE,float,PARTIAL,BP,V0,6252,2199,35.17274472168906,False
fv08,NEUROPSYCHOLOGIE,float,PARTIAL,BP,V1,3074,2995,97.43005855562785,False
fv08,NEUROPSYCHOLOGIE,float,PARTIAL,BP,V2,2228,1097,49.23698384201077,False
fv08,NEUROPSYCHOLOGIE,float,PARTIAL,BP,V3,1497,1391,92.9191716766867,False
fv08,NEUROPSYCHOLOGIE,float,PARTIAL,BP,V4,512,422,82.421875,False
fv08,NEUROPSYCHOLOGIE,float,PARTIAL,SZ,V0,2209,1305,59.07650520597555,False
fv08,NEUROPSYCHOLOGIE,float,PARTIAL,SZ,V1,963,604,62.72066458982347,False
fv08,NEUROPSYCHOLOGIE,float,PARTIAL,SZ,V2,595,575,96.63865546218487,False
fv08,NEUROPSYCHOLOGIE,float,PARTIAL,SZ,V3,456,346,75.87719298245614,False
fv08,NEUROPSYCHOLOGIE,float,PARTIAL,SZ,V4,198,189,95.45454545454545,False
fv08,NEUROPSYCHOLOGIE,float,PARTIAL,DR,V0,552,552,,True
fv08,NEUROPSYCHOLOGIE,float,PARTIAL,DR,V1,233,233,,True
fv08,NEUROPSYCHOLOGIE,float,PARTIAL,DR,V2,135,135,,True
fv08,NEUROPSYCHOLOGIE,float,PARTIAL,DR,V3,3,3,,True
fv08,NEUROPSYCHOLOGIE,float,PARTIAL,DR,V4,69,69,,True
fv12,NEUROPSYCHOLOGIE,float,PARTIAL,BP,V0,6252,2086,33.36532309660908,False
fv12,NEUROPSYCHOLOGIE,float,PARTIAL,BP,V1,3074,2992,97.33246584255042,False
fv12,NEUROPSYCHOLOGIE,float,PARTIAL,BP,V2,2228,1072,48.114901256732495,False
fv12,NEUROPSYCHOLOGIE,float,PARTIAL,BP,V3,1497,1384,92.45156980627922,False
fv12,NEUROPSYCHOLOGIE,float,PARTIAL,BP,V4,512,419,81.8359375,False
fv12,NEUROPSYCHOLOGIE,float,PARTIAL,SZ,V0,2209,1292,58.48800362154821,False
fv12,NEUROPSYCHOLOGIE,float,PARTIAL,SZ,V1,963,594,61.6822429906542,False
fv12,NEUROPSYCHOLOGIE,float,PARTIAL,SZ,V2,595,575,96.63865546218487,False
fv12,NEUROPSYCHOLOGIE,float,PARTIAL,SZ,V3,456,346,75.87719298245614,False
fv12,NEUROPSYCHOLOGIE,float,PARTIAL,SZ,V4,198,188,94.94949494949495,False
fv12,NEUROPSYCHOLOGIE,float,PARTIAL,DR,V0,552,552,,True
fv12,NEUROPSYCHOLOGIE,float,PARTIAL,DR,V1,233,233,,True
fv12,NEUROPSYCHOLOGIE,float,PARTIAL,DR,V2,135,135,,True
fv12,NEUROPSYCHOLOGIE,float,PARTIAL,DR,V3,3,3,,True
fv12,NEUROPSYCHOLOGIE,float,PARTIAL,DR,V4,69,69,,True
fv13,NEUROPSYCHOLOGIE,float,PARTIAL,BP,V0,6252,2087,33.38131797824696,False
fv13,NEUROPSYCHOLOGIE,float,PARTIAL,BP,V1,3074,2992,97.33246584255042,False
fv13,NEUROPSYCHOLOGIE,float,PARTIAL,BP,V2,2228,1072,48.114901256732495,False
fv13,NEUROPSYCHOLOGIE,float,PARTIAL,BP,V3,1497,1384,92.45156980627922,False
fv13,NEUROPSYCHOLOGIE,float,PARTIAL,BP,V4,512,419,81.8359375,False
fv13,NEUROPSYCHOLOGIE,float,PARTIAL,SZ,V0,2209,1291,58.442734268899954,False
fv13,NEUROPSYCHOLOGIE,float,PARTIAL,SZ,V1,963,593,61.57840083073728,False
fv13,NEUROPSYCHOLOGIE,float,PARTIAL,SZ,V2,595,575,96.63865546218487,False
fv13,NEUROPSYCHOLOGIE,float,PARTIAL,SZ,V3,456,346,75.87719298245614,False
fv13,NEUROPSYCHOLOGIE,float,PARTIAL,SZ,V4,198,188,94.94949494949495,False
fv13,NEUROPSYCHOLOGIE,float,PARTIAL,DR,V0,552,552,,True
fv13,NEUROPSYCHOLOGIE,float,PARTIAL,DR,V1,233,233,,True
fv13,NEUROPSYCHOLOGIE,float,PARTIAL,DR,V2,135,135,,True
fv13,NEUROPSYCHOLOGIE,float,PARTIAL,DR,V3,3,3,,True
fv13,NEUROPSYCHOLOGIE,float,PARTIAL,DR,V4,69,69,,True
fv14,NEUROPSYCHOLOGIE,string,PARTIAL,BP,V0,6252,2074,33.17338451695457,False
fv14,NEUROPSYCHOLOGIE,string,PARTIAL,BP,V1,3074,2992,97.33246584255042,False
fv14,NEUROPSYCHOLOGIE,string,PARTIAL,BP,V2,2228,1069,47.9802513464991,False
fv14,NEUROPSYCHOLOGIE,string,PARTIAL,BP,V3,1497,1384,92.45156980627922,False
fv14,NEUROPSYCHOLOGIE,string,PARTIAL,BP,V4,512,418,81.640625,False
fv14,NEUROPSYCHOLOGIE,string,PARTIAL,SZ,V0,2209,1288,58.306926210955176,False
fv14,NEUROPSYCHOLOGIE,string,PARTIAL,SZ,V1,963,592,61.47455867082036,False
fv14,NEUROPSYCHOLOGIE,string,PARTIAL,SZ,V2,595,575,96.63865546218487,False
fv14,NEUROPSYCHOLOGIE,string,PARTIAL,SZ,V3,456,345,75.6578947368421,False
fv14,NEUROPSYCHOLOGIE,string,PARTIAL,SZ,V4,198,188,94.94949494949495,False
fv14,NEUROPSYCHOLOGIE,string,PARTIAL,DR,V0,552,552,,True
fv14,NEUROPSYCHOLOGIE,string,PARTIAL,DR,V1,233,233,,True
fv14,NEUROPSYCHOLOGIE,string,PARTIAL,DR,V2,135,135,,True
fv14,NEUROPSYCHOLOGIE,string,PARTIAL,DR,V3,3,3,,True
fv14,NEUROPSYCHOLOGIE,string,PARTIAL,DR,V4,69,69,,True
fv15,NEUROPSYCHOLOGIE,float,PARTIAL,BP,V0,6252,2189,35.0127959053103,False
fv15,NEUROPSYCHOLOGIE,float,PARTIAL,BP,V1,3074,2996,97.46258945998699,False
fv15,NEUROPSYCHOLOGIE,float,PARTIAL,BP,V2,2228,1094,49.10233393177738,False
fv15,NEUROPSYCHOLOGIE,float,PARTIAL,BP,V3,1497,1389,92.78557114228457,False
fv15,NEUROPSYCHOLOGIE,float,PARTIAL,BP,V4,512,423,82.6171875,False
fv15,NEUROPSYCHOLOGIE,float,PARTIAL,SZ,V0,2209,1300,58.85015844273427,False
fv15,NEUROPSYCHOLOGIE,float,PARTIAL,SZ,V1,963,600,62.30529595015576,False
fv15,NEUROPSYCHOLOGIE,float,PARTIAL,SZ,V2,595,575,96.63865546218487,False
fv15,NEUROPSYCHOLOGIE,float,PARTIAL,SZ,V3,456,346,75.87719298245614,False
fv15,NEUROPSYCHOLOGIE,float,PARTIAL,SZ,V4,198,188,94.94949494949495,False
fv15,NEUROPSYCHOLOGIE,float,PARTIAL,DR,V0,552,552,,True
fv15,NEUROPSYCHOLOGIE,float,PARTIAL,DR,V1,233,233,,True
fv15,NEUROPSYCHOLOGIE,float,PARTIAL,DR,V2,135,135,,True
fv15,NEUROPSYCHOLOGIE,float,PARTIAL,DR,V3,3,3,,True
fv15,NEUROPSYCHOLOGIE,float,PARTIAL,DR,V4,69,69,,True
fv16,NEUROPSYCHOLOGIE,float,PARTIAL,BP,V0,6252,2205,35.268714011516316,False
fv16,NEUROPSYCHOLOGIE,float,PARTIAL,BP,V1,3074,2996,97.46258945998699,False
fv16,NEUROPSYCHOLOGIE,float,PARTIAL,BP,V2,2228,1092,49.012567324955114,False
fv16,NEUROPSYCHOLOGIE,float,PARTIAL,BP,V3,1497,1390,92.85237140948564,False
fv16,NEUROPSYCHOLOGIE,float,PARTIAL,BP,V4,512,422,82.421875,False
fv16,NEUROPSYCHOLOGIE,float,PARTIAL,SZ,V0,2209,1301,58.895427795382524,False
fv16,NEUROPSYCHOLOGIE,float,PARTIAL,SZ,V1,963,601,62.40913811007269,False
fv16,NEUROPSYCHOLOGIE,float,PARTIAL,SZ,V2,595,575,96.63865546218487,False
fv16,NEUROPSYCHOLOGIE,float,PARTIAL,SZ,V3,456,346,75.87719298245614,False
fv16,NEUROPSYCHOLOGIE,float,PARTIAL,SZ,V4,198,189,95.45454545454545,False
fv16,NEUROPSYCHOLOGIE,float,PARTIAL,DR,V0,552,552,,True
fv16,NEUROPSYCHOLOGIE,float,PARTIAL,DR,V1,233,233,,True
fv16,NEUROPSYCHOLOGIE,float,PARTIAL,DR,V2,135,135,,True
fv16,NEUROPSYCHOLOGIE,float,PARTIAL,DR,V3,3,3,,True
fv16,NEUROPSYCHOLOGIE,float,PARTIAL,DR,V4,69,69,,True
fv17,NEUROPSYCHOLOGIE,int8 categorical,PARTIAL,BP,V0,6252,2211,35.36468330134357,False
fv17,NEUROPSYCHOLOGIE,int8 categorical,PARTIAL,BP,V1,3074,2996,97.46258945998699,False
fv17,NEUROPSYCHOLOGIE,int8 categorical,PARTIAL,BP,V2,2228,1093,49.05745062836625,False
fv17,NEUROPSYCHOLOGIE,int8 categorical,PARTIAL,BP,V3,1497,1390,92.85237140948564,False
fv17,NEUROPSYCHOLOGIE,int8 categorical,PARTIAL,BP,V4,512,423,82.6171875,False
fv17,NEUROPSYCHOLOGIE,int8 categorical,PARTIAL,SZ,V0,2209,1301,58.895427795382524,False
fv17,NEUROPSYCHOLOGIE,int8 categorical,PARTIAL,SZ,V1,963,602,62.51298026998961,False
fv17,NEUROPSYCHOLOGIE,int8 categorical,PARTIAL,SZ,V2,595,575,96.63865546218487,False
fv17,NEUROPSYCHOLOGIE,int8 categorical,PARTIAL,SZ,V3,456,346,75.87719298245614,False
fv17,NEUROPSYCHOLOGIE,int8 categorical,PARTIAL,SZ,V4,198,189,95.45454545454545,False
fv17,NEUROPSYCHOLOGIE,int8 categorical,PARTIAL,DR,V0,552,552,,True
fv17,NEUROPSYCHOLOGIE,int8 categorical,PARTIAL,DR,V1,233,233,,True
fv17,NEUROPSYCHOLOGIE,int8 categorical,PARTIAL,DR,V2,135,135,,True
fv17,NEUROPSYCHOLOGIE,int8 categorical,PARTIAL,DR,V3,3,3,,True
fv17,NEUROPSYCHOLOGIE,int8 categorical,PARTIAL,DR,V4,69,69,,True
fv18,NEUROPSYCHOLOGIE,int8 categorical,PARTIAL,BP,V0,6252,2249,35.972488803582856,False
fv18,NEUROPSYCHOLOGIE,int8 categorical,PARTIAL,BP,V1,3074,2996,97.46258945998699,False
fv18,NEUROPSYCHOLOGIE,int8 categorical,PARTIAL,BP,V2,2228,1103,49.50628366247756,False
fv18,NEUROPSYCHOLOGIE,int8 categorical,PARTIAL,BP,V3,1497,1392,92.98597194388778,False
fv18,NEUROPSYCHOLOGIE,int8 categorical,PARTIAL,BP,V4,512,424,82.8125,False
fv18,NEUROPSYCHOLOGIE,int8 categorical,PARTIAL,SZ,V0,2209,1305,59.07650520597555,False
fv18,NEUROPSYCHOLOGIE,int8 categorical,PARTIAL,SZ,V1,963,602,62.51298026998961,False
fv18,NEUROPSYCHOLOGIE,int8 categorical,PARTIAL,SZ,V2,595,575,96.63865546218487,False
fv18,NEUROPSYCHOLOGIE,int8 categorical,PARTIAL,SZ,V3,456,347,76.09649122807018,False
fv18,NEUROPSYCHOLOGIE,int8 categorical,PARTIAL,SZ,V4,198,189,95.45454545454545,False
fv18,NEUROPSYCHOLOGIE,int8 categorical,PARTIAL,DR,V0,552,552,,True
fv18,NEUROPSYCHOLOGIE,int8 categorical,PARTIAL,DR,V1,233,233,,True
fv18,NEUROPSYCHOLOGIE,int8 categorical,PARTIAL,DR,V2,135,135,,True
fv18,NEUROPSYCHOLOGIE,int8 categorical,PARTIAL,DR,V3,3,3,,True
fv18,NEUROPSYCHOLOGIE,int8 categorical,PARTIAL,DR,V4,69,69,,True
fv19,NEUROPSYCHOLOGIE,float,PARTIAL,BP,V0,6252,2286,36.56429942418426,False
fv19,NEUROPSYCHOLOGIE,float,PARTIAL,BP,V1,3074,2997,97.49512036434614,False
fv19,NEUROPSYCHOLOGIE,float,PARTIAL,BP,V2,2228,1116,50.08976660682226,False
fv19,NEUROPSYCHOLOGIE,float,PARTIAL,BP,V3,1497,1395,93.18637274549098,False
fv19,NEUROPSYCHOLOGIE,float,PARTIAL,BP,V4,512,424,82.8125,False
fv19,NEUROPSYCHOLOGIE,float,PARTIAL,SZ,V0,2209,1316,59.57446808510638,False
fv19,NEUROPSYCHOLOGIE,float,PARTIAL,SZ,V1,963,605,62.824506749740394,False
fv19,NEUROPSYCHOLOGIE,float,PARTIAL,SZ,V2,595,575,96.63865546218487,False
fv19,NEUROPSYCHOLOGIE,float,PARTIAL,SZ,V3,456,347,76.09649122807018,False
fv19,NEUROPSYCHOLOGIE,float,PARTIAL,SZ,V4,198,189,95.45454545454545,False
fv19,NEUROPSYCHOLOGIE,float,PARTIAL,DR,V0,552,552,,True
fv19,NEUROPSYCHOLOGIE,float,PARTIAL,DR,V1,233,233,,True
fv19,NEUROPSYCHOLOGIE,float,PARTIAL,DR,V2,135,135,,True
fv19,NEUROPSYCHOLOGIE,float,PARTIAL,DR,V3,3,3,,True
fv19,NEUROPSYCHOLOGIE,float,PARTIAL,DR,V4,69,69,,True
com01,NEUROPSYCHOLOGIE,string,PARTIAL,BP,V0,6252,5851,93.58605246321177,False
com01,NEUROPSYCHOLOGIE,string,PARTIAL,BP,V1,3074,3058,99.47950553025375,False
com01,NEUROPSYCHOLOGIE,string,PARTIAL,BP,V2,2228,2099,94.21005385996409,False
com01,NEUROPSYCHOLOGIE,string,PARTIAL,BP,V3,1497,1475,98.53039412157648,False
com01,NEUROPSYCHOLOGIE,string,PARTIAL,BP,V4,512,491,95.8984375,False
com01,NEUROPSYCHOLOGIE,string,PARTIAL,SZ,V0,2209,1627,73.65323675871434,False
com01,NEUROPSYCHOLOGIE,string,PARTIAL,SZ,V1,963,946,98.23468328141225,False
com01,NEUROPSYCHOLOGIE,string,PARTIAL,SZ,V2,595,590,99.15966386554622,False
com01,NEUROPSYCHOLOGIE,string,PARTIAL,SZ,V3,456,304,66.66666666666666,False
com01,NEUROPSYCHOLOGIE,string,PARTIAL,SZ,V4,198,184,92.92929292929293,False
com01,NEUROPSYCHOLOGIE,string,PARTIAL,DR,V0,552,552,,True
com01,NEUROPSYCHOLOGIE,string,PARTIAL,DR,V1,233,233,,True
com01,NEUROPSYCHOLOGIE,string,PARTIAL,DR,V2,135,135,,True
com01,NEUROPSYCHOLOGIE,string,PARTIAL,DR,V3,3,3,,True
com01,NEUROPSYCHOLOGIE,string,PARTIAL,DR,V4,69,69,,True
com01s1,NEUROPSYCHOLOGIE,string,PARTIAL,BP,V0,6252,6016,96.22520793346129,False
com01s1,NEUROPSYCHOLOGIE,string,PARTIAL,BP,V1,3074,3061,99.57709824333116,False
com01s1,NEUROPSYCHOLOGIE,string,PARTIAL,BP,V2,2228,2160,96.94793536804309,False
com01s1,NEUROPSYCHOLOGIE,string,PARTIAL,BP,V3,1497,1488,99.39879759519037,False
com01s1,NEUROPSYCHOLOGIE,string,PARTIAL,BP,V4,512,495,96.6796875,False
com01s1,NEUROPSYCHOLOGIE,string,PARTIAL,SZ,V0,2209,1801,81.5301041195111,False
com01s1,NEUROPSYCHOLOGIE,string,PARTIAL,SZ,V1,963,949,98.54620976116303,False
com01s1,NEUROPSYCHOLOGIE,string,PARTIAL,SZ,V2,595,592,99.49579831932773,False
com01s1,NEUROPSYCHOLOGIE,string,PARTIAL,SZ,V3,456,349,76.53508771929825,False
com01s1,NEUROPSYCHOLOGIE,string,PARTIAL,SZ,V4,198,189,95.45454545454545,False
com01s1,NEUROPSYCHOLOGIE,string,PARTIAL,DR,V0,552,552,,True
com01s1,NEUROPSYCHOLOGIE,string,PARTIAL,DR,V1,233,233,,True
com01s1,NEUROPSYCHOLOGIE,string,PARTIAL,DR,V2,135,135,,True
com01s1,NEUROPSYCHOLOGIE,string,PARTIAL,DR,V3,3,3,,True
com01s1,NEUROPSYCHOLOGIE,string,PARTIAL,DR,V4,69,69,,True
com01s2,NEUROPSYCHOLOGIE,float,PARTIAL,BP,V0,6252,6238,99.77607165706974,False
com01s2,NEUROPSYCHOLOGIE,float,PARTIAL,BP,V1,3074,3074,100.0,False
com01s2,NEUROPSYCHOLOGIE,float,PARTIAL,BP,V2,2228,2228,100.0,False
com01s2,NEUROPSYCHOLOGIE,float,PARTIAL,BP,V3,1497,1497,100.0,False
com01s2,NEUROPSYCHOLOGIE,float,PARTIAL,BP,V4,512,511,99.8046875,False
com01s2,NEUROPSYCHOLOGIE,float,PARTIAL,SZ,V0,2209,1974,89.36170212765957,False
com01s2,NEUROPSYCHOLOGIE,float,PARTIAL,SZ,V1,963,958,99.48078920041536,False
com01s2,NEUROPSYCHOLOGIE,float,PARTIAL,SZ,V2,595,593,99.66386554621849,False
com01s2,NEUROPSYCHOLOGIE,float,PARTIAL,SZ,V3,456,388,85.08771929824562,False
com01s2,NEUROPSYCHOLOGIE,float,PARTIAL,SZ,V4,198,193,97.47474747474747,False
com01s2,NEUROPSYCHOLOGIE,float,PARTIAL,DR,V0,552,552,,True
com01s2,NEUROPSYCHOLOGIE,float,PARTIAL,DR,V1,233,233,,True
com01s2,NEUROPSYCHOLOGIE,float,PARTIAL,DR,V2,135,135,,True
com01s2,NEUROPSYCHOLOGIE,float,PARTIAL,DR,V3,3,3,,True
com01s2,NEUROPSYCHOLOGIE,float,PARTIAL,DR,V4,69,69,,True
com02,NEUROPSYCHOLOGIE,int8 categorical,PARTIAL,BP,V0,6252,5854,93.6340371081254,False
com02,NEUROPSYCHOLOGIE,int8 categorical,PARTIAL,BP,V1,3074,3058,99.47950553025375,False
com02,NEUROPSYCHOLOGIE,int8 categorical,PARTIAL,BP,V2,2228,2101,94.29982046678636,False
com02,NEUROPSYCHOLOGIE,int8 categorical,PARTIAL,BP,V3,1497,1475,98.53039412157648,False
com02,NEUROPSYCHOLOGIE,int8 categorical,PARTIAL,BP,V4,512,491,95.8984375,False
com02,NEUROPSYCHOLOGIE,int8 categorical,PARTIAL,SZ,V0,2209,1631,73.83431416930738,False
com02,NEUROPSYCHOLOGIE,int8 categorical,PARTIAL,SZ,V1,963,946,98.23468328141225,False
com02,NEUROPSYCHOLOGIE,int8 categorical,PARTIAL,SZ,V2,595,590,99.15966386554622,False
com02,NEUROPSYCHOLOGIE,int8 categorical,PARTIAL,SZ,V3,456,307,67.32456140350878,False
com02,NEUROPSYCHOLOGIE,int8 categorical,PARTIAL,SZ,V4,198,184,92.92929292929293,False
com02,NEUROPSYCHOLOGIE,int8 categorical,PARTIAL,DR,V0,552,552,,True
com02,NEUROPSYCHOLOGIE,int8 categorical,PARTIAL,DR,V1,233,233,,True
com02,NEUROPSYCHOLOGIE,int8 categorical,PARTIAL,DR,V2,135,135,,True
com02,NEUROPSYCHOLOGIE,int8 categorical,PARTIAL,DR,V3,3,3,,True
com02,NEUROPSYCHOLOGIE,int8 categorical,PARTIAL,DR,V4,69,69,,True
com02s1,NEUROPSYCHOLOGIE,string,PARTIAL,BP,V0,6252,6017,96.24120281509917,False
com02s1,NEUROPSYCHOLOGIE,string,PARTIAL,BP,V1,3074,3061,99.57709824333116,False
com02s1,NEUROPSYCHOLOGIE,string,PARTIAL,BP,V2,2228,2160,96.94793536804309,False
com02s1,NEUROPSYCHOLOGIE,string,PARTIAL,BP,V3,1497,1488,99.39879759519037,False
com02s1,NEUROPSYCHOLOGIE,string,PARTIAL,BP,V4,512,495,96.6796875,False
com02s1,NEUROPSYCHOLOGIE,string,PARTIAL,SZ,V0,2209,1801,81.5301041195111,False
com02s1,NEUROPSYCHOLOGIE,string,PARTIAL,SZ,V1,963,949,98.54620976116303,False
com02s1,NEUROPSYCHOLOGIE,string,PARTIAL,SZ,V2,595,592,99.49579831932773,False
com02s1,NEUROPSYCHOLOGIE,string,PARTIAL,SZ,V3,456,348,76.31578947368422,False
com02s1,NEUROPSYCHOLOGIE,string,PARTIAL,SZ,V4,198,189,95.45454545454545,False
com02s1,NEUROPSYCHOLOGIE,string,PARTIAL,DR,V0,552,552,,True
com02s1,NEUROPSYCHOLOGIE,string,PARTIAL,DR,V1,233,233,,True
com02s1,NEUROPSYCHOLOGIE,string,PARTIAL,DR,V2,135,135,,True
com02s1,NEUROPSYCHOLOGIE,string,PARTIAL,DR,V3,3,3,,True
com02s1,NEUROPSYCHOLOGIE,string,PARTIAL,DR,V4,69,69,,True
com02s2,NEUROPSYCHOLOGIE,float,PARTIAL,BP,V0,6252,6237,99.76007677543186,False
com02s2,NEUROPSYCHOLOGIE,float,PARTIAL,BP,V1,3074,3074,100.0,False
com02s2,NEUROPSYCHOLOGIE,float,PARTIAL,BP,V2,2228,2227,99.95511669658886,False
com02s2,NEUROPSYCHOLOGIE,float,PARTIAL,BP,V3,1497,1497,100.0,False
com02s2,NEUROPSYCHOLOGIE,float,PARTIAL,BP,V4,512,511,99.8046875,False
com02s2,NEUROPSYCHOLOGIE,float,PARTIAL,SZ,V0,2209,1976,89.4522408329561,False
com02s2,NEUROPSYCHOLOGIE,float,PARTIAL,SZ,V1,963,958,99.48078920041536,False
com02s2,NEUROPSYCHOLOGIE,float,PARTIAL,SZ,V2,595,593,99.66386554621849,False
com02s2,NEUROPSYCHOLOGIE,float,PARTIAL,SZ,V3,456,388,85.08771929824562,False
com02s2,NEUROPSYCHOLOGIE,float,PARTIAL,SZ,V4,198,193,97.47474747474747,False
com02s2,NEUROPSYCHOLOGIE,float,PARTIAL,DR,V0,552,552,,True
com02s2,NEUROPSYCHOLOGIE,float,PARTIAL,DR,V1,233,233,,True
com02s2,NEUROPSYCHOLOGIE,float,PARTIAL,DR,V2,135,135,,True
com02s2,NEUROPSYCHOLOGIE,float,PARTIAL,DR,V3,3,3,,True
com02s2,NEUROPSYCHOLOGIE,float,PARTIAL,DR,V4,69,69,,True
com03,NEUROPSYCHOLOGIE,int8 categorical,PARTIAL,BP,V0,6252,5852,93.60204734484965,False
com03,NEUROPSYCHOLOGIE,int8 categorical,PARTIAL,BP,V1,3074,3058,99.47950553025375,False
com03,NEUROPSYCHOLOGIE,int8 categorical,PARTIAL,BP,V2,2228,2100,94.25493716337523,False
com03,NEUROPSYCHOLOGIE,int8 categorical,PARTIAL,BP,V3,1497,1475,98.53039412157648,False
com03,NEUROPSYCHOLOGIE,int8 categorical,PARTIAL,BP,V4,512,491,95.8984375,False
com03,NEUROPSYCHOLOGIE,int8 categorical,PARTIAL,SZ,V0,2209,1630,73.78904481665913,False
com03,NEUROPSYCHOLOGIE,int8 categorical,PARTIAL,SZ,V1,963,946,98.23468328141225,False
com03,NEUROPSYCHOLOGIE,int8 categorical,PARTIAL,SZ,V2,595,590,99.15966386554622,False
com03,NEUROPSYCHOLOGIE,int8 categorical,PARTIAL,SZ,V3,456,306,67.10526315789474,False
com03,NEUROPSYCHOLOGIE,int8 categorical,PARTIAL,SZ,V4,198,184,92.92929292929293,False
com03,NEUROPSYCHOLOGIE,int8 categorical,PARTIAL,DR,V0,552,552,,True
com03,NEUROPSYCHOLOGIE,int8 categorical,PARTIAL,DR,V1,233,233,,True
com03,NEUROPSYCHOLOGIE,int8 categorical,PARTIAL,DR,V2,135,135,,True
com03,NEUROPSYCHOLOGIE,int8 categorical,PARTIAL,DR,V3,3,3,,True
com03,NEUROPSYCHOLOGIE,int8 categorical,PARTIAL,DR,V4,69,69,,True
com03s1,NEUROPSYCHOLOGIE,string,PARTIAL,BP,V0,6252,6018,96.25719769673704,False
com03s1,NEUROPSYCHOLOGIE,string,PARTIAL,BP,V1,3074,3062,99.6096291476903,False
com03s1,NEUROPSYCHOLOGIE,string,PARTIAL,BP,V2,2228,2160,96.94793536804309,False
com03s1,NEUROPSYCHOLOGIE,string,PARTIAL,BP,V3,1497,1488,99.39879759519037,False
com03s1,NEUROPSYCHOLOGIE,string,PARTIAL,BP,V4,512,495,96.6796875,False
com03s1,NEUROPSYCHOLOGIE,string,PARTIAL,SZ,V0,2209,1804,81.66591217745585,False
com03s1,NEUROPSYCHOLOGIE,string,PARTIAL,SZ,V1,963,949,98.54620976116303,False
com03s1,NEUROPSYCHOLOGIE,string,PARTIAL,SZ,V2,595,592,99.49579831932773,False
com03s1,NEUROPSYCHOLOGIE,string,PARTIAL,SZ,V3,456,349,76.53508771929825,False
com03s1,NEUROPSYCHOLOGIE,string,PARTIAL,SZ,V4,198,189,95.45454545454545,False
com03s1,NEUROPSYCHOLOGIE,string,PARTIAL,DR,V0,552,552,,True
com03s1,NEUROPSYCHOLOGIE,string,PARTIAL,DR,V1,233,233,,True
com03s1,NEUROPSYCHOLOGIE,string,PARTIAL,DR,V2,135,135,,True
com03s1,NEUROPSYCHOLOGIE,string,PARTIAL,DR,V3,3,3,,True
com03s1,NEUROPSYCHOLOGIE,string,PARTIAL,DR,V4,69,69,,True
com03s2,NEUROPSYCHOLOGIE,float,PARTIAL,BP,V0,6252,6236,99.74408189379399,False
com03s2,NEUROPSYCHOLOGIE,float,PARTIAL,BP,V1,3074,3074,100.0,False
com03s2,NEUROPSYCHOLOGIE,float,PARTIAL,BP,V2,2228,2227,99.95511669658886,False
com03s2,NEUROPSYCHOLOGIE,float,PARTIAL,BP,V3,1497,1497,100.0,False
com03s2,NEUROPSYCHOLOGIE,float,PARTIAL,BP,V4,512,511,99.8046875,False
com03s2,NEUROPSYCHOLOGIE,float,PARTIAL,SZ,V0,2209,1978,89.5427795382526,False
com03s2,NEUROPSYCHOLOGIE,float,PARTIAL,SZ,V1,963,958,99.48078920041536,False
com03s2,NEUROPSYCHOLOGIE,float,PARTIAL,SZ,V2,595,593,99.66386554621849,False
com03s2,NEUROPSYCHOLOGIE,float,PARTIAL,SZ,V3,456,388,85.08771929824562,False
com03s2,NEUROPSYCHOLOGIE,float,PARTIAL,SZ,V4,198,193,97.47474747474747,False
com03s2,NEUROPSYCHOLOGIE,float,PARTIAL,DR,V0,552,552,,True
com03s2,NEUROPSYCHOLOGIE,float,PARTIAL,DR,V1,233,233,,True
com03s2,NEUROPSYCHOLOGIE,float,PARTIAL,DR,V2,135,135,,True
com03s2,NEUROPSYCHOLOGIE,float,PARTIAL,DR,V3,3,3,,True
com03s2,NEUROPSYCHOLOGIE,float,PARTIAL,DR,V4,69,69,,True
com04,NEUROPSYCHOLOGIE,int8 categorical,PARTIAL,BP,V0,6252,5855,93.65003198976328,False
com04,NEUROPSYCHOLOGIE,int8 categorical,PARTIAL,BP,V1,3074,3058,99.47950553025375,False
com04,NEUROPSYCHOLOGIE,int8 categorical,PARTIAL,BP,V2,2228,2100,94.25493716337523,False
com04,NEUROPSYCHOLOGIE,int8 categorical,PARTIAL,BP,V3,1497,1475,98.53039412157648,False
com04,NEUROPSYCHOLOGIE,int8 categorical,PARTIAL,BP,V4,512,491,95.8984375,False
com04,NEUROPSYCHOLOGIE,int8 categorical,PARTIAL,SZ,V0,2209,1629,73.74377546401087,False
com04,NEUROPSYCHOLOGIE,int8 categorical,PARTIAL,SZ,V1,963,946,98.23468328141225,False
com04,NEUROPSYCHOLOGIE,int8 categorical,PARTIAL,SZ,V2,595,590,99.15966386554622,False
com04,NEUROPSYCHOLOGIE,int8 categorical,PARTIAL,SZ,V3,456,306,67.10526315789474,False
com04,NEUROPSYCHOLOGIE,int8 categorical,PARTIAL,SZ,V4,198,184,92.92929292929293,False
com04,NEUROPSYCHOLOGIE,int8 categorical,PARTIAL,DR,V0,552,552,,True
com04,NEUROPSYCHOLOGIE,int8 categorical,PARTIAL,DR,V1,233,233,,True
com04,NEUROPSYCHOLOGIE,int8 categorical,PARTIAL,DR,V2,135,135,,True
com04,NEUROPSYCHOLOGIE,int8 categorical,PARTIAL,DR,V3,3,3,,True
com04,NEUROPSYCHOLOGIE,int8 categorical,PARTIAL,DR,V4,69,69,,True
com04s1,NEUROPSYCHOLOGIE,string,PARTIAL,BP,V0,6252,6019,96.27319257837492,False
com04s1,NEUROPSYCHOLOGIE,string,PARTIAL,BP,V1,3074,3061,99.57709824333116,False
com04s1,NEUROPSYCHOLOGIE,string,PARTIAL,BP,V2,2228,2160,96.94793536804309,False
com04s1,NEUROPSYCHOLOGIE,string,PARTIAL,BP,V3,1497,1488,99.39879759519037,False
com04s1,NEUROPSYCHOLOGIE,string,PARTIAL,BP,V4,512,495,96.6796875,False
com04s1,NEUROPSYCHOLOGIE,string,PARTIAL,SZ,V0,2209,1802,81.57537347215936,False
com04s1,NEUROPSYCHOLOGIE,string,PARTIAL,SZ,V1,963,949,98.54620976116303,False
com04s1,NEUROPSYCHOLOGIE,string,PARTIAL,SZ,V2,595,592,99.49579831932773,False
com04s1,NEUROPSYCHOLOGIE,string,PARTIAL,SZ,V3,456,349,76.53508771929825,False
com04s1,NEUROPSYCHOLOGIE,string,PARTIAL,SZ,V4,198,189,95.45454545454545,False
com04s1,NEUROPSYCHOLOGIE,string,PARTIAL,DR,V0,552,552,,True
com04s1,NEUROPSYCHOLOGIE,string,PARTIAL,DR,V1,233,233,,True
com04s1,NEUROPSYCHOLOGIE,string,PARTIAL,DR,V2,135,135,,True
com04s1,NEUROPSYCHOLOGIE,string,PARTIAL,DR,V3,3,3,,True
com04s1,NEUROPSYCHOLOGIE,string,PARTIAL,DR,V4,69,69,,True
com04s2,NEUROPSYCHOLOGIE,float,PARTIAL,BP,V0,6252,6237,99.76007677543186,False
com04s2,NEUROPSYCHOLOGIE,float,PARTIAL,BP,V1,3074,3074,100.0,False
com04s2,NEUROPSYCHOLOGIE,float,PARTIAL,BP,V2,2228,2228,100.0,False
com04s2,NEUROPSYCHOLOGIE,float,PARTIAL,BP,V3,1497,1497,100.0,False
com04s2,NEUROPSYCHOLOGIE,float,PARTIAL,BP,V4,512,511,99.8046875,False
com04s2,NEUROPSYCHOLOGIE,float,PARTIAL,SZ,V0,2209,1975,89.40697148030783,False
com04s2,NEUROPSYCHOLOGIE,float,PARTIAL,SZ,V1,963,957,99.37694704049844,False
com04s2,NEUROPSYCHOLOGIE,float,PARTIAL,SZ,V2,595,593,99.66386554621849,False
com04s2,NEUROPSYCHOLOGIE,float,PARTIAL,SZ,V3,456,388,85.08771929824562,False
com04s2,NEUROPSYCHOLOGIE,float,PARTIAL,SZ,V4,198,193,97.47474747474747,False
com04s2,NEUROPSYCHOLOGIE,float,PARTIAL,DR,V0,552,552,,True
com04s2,NEUROPSYCHOLOGIE,float,PARTIAL,DR,V1,233,233,,True
com04s2,NEUROPSYCHOLOGIE,float,PARTIAL,DR,V2,135,135,,True
com04s2,NEUROPSYCHOLOGIE,float,PARTIAL,DR,V3,3,3,,True
com04s2,NEUROPSYCHOLOGIE,float,PARTIAL,DR,V4,69,69,,True
com04s3,NEUROPSYCHOLOGIE,float,PARTIAL,BP,V0,6252,5937,94.96161228406909,False
com04s3,NEUROPSYCHOLOGIE,float,PARTIAL,BP,V1,3074,3059,99.51203643461288,False
com04s3,NEUROPSYCHOLOGIE,float,PARTIAL,BP,V2,2228,2128,95.51166965888689,False
com04s3,NEUROPSYCHOLOGIE,float,PARTIAL,BP,V3,1497,1482,98.99799599198397,False
com04s3,NEUROPSYCHOLOGIE,float,PARTIAL,BP,V4,512,493,96.2890625,False
com04s3,NEUROPSYCHOLOGIE,float,PARTIAL,SZ,V0,2209,1795,81.25848800362154,False
com04s3,NEUROPSYCHOLOGIE,float,PARTIAL,SZ,V1,963,949,98.54620976116303,False
com04s3,NEUROPSYCHOLOGIE,float,PARTIAL,SZ,V2,595,592,99.49579831932773,False
com04s3,NEUROPSYCHOLOGIE,float,PARTIAL,SZ,V3,456,348,76.31578947368422,False
com04s3,NEUROPSYCHOLOGIE,float,PARTIAL,SZ,V4,198,189,95.45454545454545,False
com04s3,NEUROPSYCHOLOGIE,float,PARTIAL,DR,V0,552,552,,True
com04s3,NEUROPSYCHOLOGIE,float,PARTIAL,DR,V1,233,233,,True
com04s3,NEUROPSYCHOLOGIE,float,PARTIAL,DR,V2,135,135,,True
com04s3,NEUROPSYCHOLOGIE,float,PARTIAL,DR,V3,3,3,,True
com04s3,NEUROPSYCHOLOGIE,float,PARTIAL,DR,V4,69,69,,True
com04s4,NEUROPSYCHOLOGIE,string,PARTIAL,BP,V0,6252,6017,96.24120281509917,False
com04s4,NEUROPSYCHOLOGIE,string,PARTIAL,BP,V1,3074,3061,99.57709824333116,False
com04s4,NEUROPSYCHOLOGIE,string,PARTIAL,BP,V2,2228,2158,96.85816876122082,False
com04s4,NEUROPSYCHOLOGIE,string,PARTIAL,BP,V3,1497,1487,99.33199732798931,False
com04s4,NEUROPSYCHOLOGIE,string,PARTIAL,BP,V4,512,495,96.6796875,False
com04s4,NEUROPSYCHOLOGIE,string,PARTIAL,SZ,V0,2209,1881,85.15165233137166,False
com04s4,NEUROPSYCHOLOGIE,string,PARTIAL,SZ,V1,963,956,99.27310488058151,False
com04s4,NEUROPSYCHOLOGIE,string,PARTIAL,SZ,V2,595,592,99.49579831932773,False
com04s4,NEUROPSYCHOLOGIE,string,PARTIAL,SZ,V3,456,363,79.60526315789474,False
com04s4,NEUROPSYCHOLOGIE,string,PARTIAL,SZ,V4,198,190,95.95959595959596,False
com04s4,NEUROPSYCHOLOGIE,string,PARTIAL,DR,V0,552,552,,True
com04s4,NEUROPSYCHOLOGIE,string,PARTIAL,DR,V1,233,233,,True
com04s4,NEUROPSYCHOLOGIE,string,PARTIAL,DR,V2,135,135,,True
com04s4,NEUROPSYCHOLOGIE,string,PARTIAL,DR,V3,3,3,,True
com04s4,NEUROPSYCHOLOGIE,string,PARTIAL,DR,V4,69,69,,True
com04s5,NEUROPSYCHOLOGIE,string,PARTIAL,BP,V0,6252,6227,99.6001279590531,False
com04s5,NEUROPSYCHOLOGIE,string,PARTIAL,BP,V1,3074,3074,100.0,False
com04s5,NEUROPSYCHOLOGIE,string,PARTIAL,BP,V2,2228,2227,99.95511669658886,False
com04s5,NEUROPSYCHOLOGIE,string,PARTIAL,BP,V3,1497,1497,100.0,False
com04s5,NEUROPSYCHOLOGIE,string,PARTIAL,BP,V4,512,510,99.609375,False
com04s5,NEUROPSYCHOLOGIE,string,PARTIAL,SZ,V0,2209,1961,88.77320054323224,False
com04s5,NEUROPSYCHOLOGIE,string,PARTIAL,SZ,V1,963,956,99.27310488058151,False
com04s5,NEUROPSYCHOLOGIE,string,PARTIAL,SZ,V2,595,593,99.66386554621849,False
com04s5,NEUROPSYCHOLOGIE,string,PARTIAL,SZ,V3,456,388,85.08771929824562,False
com04s5,NEUROPSYCHOLOGIE,string,PARTIAL,SZ,V4,198,193,97.47474747474747,False
com04s5,NEUROPSYCHOLOGIE,string,PARTIAL,DR,V0,552,552,,True
com04s5,NEUROPSYCHOLOGIE,string,PARTIAL,DR,V1,233,233,,True
com04s5,NEUROPSYCHOLOGIE,string,PARTIAL,DR,V2,135,135,,True
com04s5,NEUROPSYCHOLOGIE,string,PARTIAL,DR,V3,3,3,,True
com04s5,NEUROPSYCHOLOGIE,string,PARTIAL,DR,V4,69,69,,True
agetrt,EVALUATION MEDICALE,float,READY,BP,V0,6252,1369,21.896992962252078,False
agetrt,EVALUATION MEDICALE,float,READY,BP,V1,3074,3074,100.0,False
agetrt,EVALUATION MEDICALE,float,READY,BP,V2,2228,2228,100.0,False
agetrt,EVALUATION MEDICALE,float,READY,BP,V3,1497,1497,100.0,False
agetrt,EVALUATION MEDICALE,float,READY,BP,V4,512,512,100.0,False
agetrt,EVALUATION MEDICALE,float,READY,SZ,V0,2209,215,9.732910819375283,False
agetrt,EVALUATION MEDICALE,float,READY,SZ,V1,963,963,100.0,False
agetrt,EVALUATION MEDICALE,float,READY,SZ,V2,595,595,100.0,False
agetrt,EVALUATION MEDICALE,float,READY,SZ,V3,456,456,100.0,False
agetrt,EVALUATION MEDICALE,float,READY,SZ,V4,198,198,100.0,False
agetrt,EVALUATION MEDICALE,float,READY,DR,V0,552,278,50.36231884057971,False
agetrt,EVALUATION MEDICALE,float,READY,DR,V1,233,233,100.0,False
agetrt,EVALUATION MEDICALE,float,READY,DR,V2,135,135,100.0,False
agetrt,EVALUATION MEDICALE,float,READY,DR,V3,3,3,100.0,False
agetrt,EVALUATION MEDICALE,float,READY,DR,V4,69,69,100.0,False
agedebutpremier_episode,EVALUATION MEDICALE,float,READY,BP,V0,6252,1333,21.321177223288547,False
agedebutpremier_episode,EVALUATION MEDICALE,float,READY,BP,V1,3074,3074,100.0,False
agedebutpremier_episode,EVALUATION MEDICALE,float,READY,BP,V2,2228,2228,100.0,False
agedebutpremier_episode,EVALUATION MEDICALE,float,READY,BP,V3,1497,1497,100.0,False
agedebutpremier_episode,EVALUATION MEDICALE,float,READY,BP,V4,512,512,100.0,False
agedebutpremier_episode,EVALUATION MEDICALE,float,READY,SZ,V0,2209,177,8.012675418741512,False
agedebutpremier_episode,EVALUATION MEDICALE,float,READY,SZ,V1,963,963,100.0,False
agedebutpremier_episode,EVALUATION MEDICALE,float,READY,SZ,V2,595,595,100.0,False
agedebutpremier_episode,EVALUATION MEDICALE,float,READY,SZ,V3,456,456,100.0,False
agedebutpremier_episode,EVALUATION MEDICALE,float,READY,SZ,V4,198,198,100.0,False
agedebutpremier_episode,EVALUATION MEDICALE,float,READY,DR,V0,552,268,48.55072463768116,False
agedebutpremier_episode,EVALUATION MEDICALE,float,READY,DR,V1,233,233,100.0,False
agedebutpremier_episode,EVALUATION MEDICALE,float,READY,DR,V2,135,135,100.0,False
agedebutpremier_episode,EVALUATION MEDICALE,float,READY,DR,V3,3,3,100.0,False
agedebutpremier_episode,EVALUATION MEDICALE,float,READY,DR,V4,69,69,100.0,False
cetermpremier_episode,EVALUATION MEDICALE,int8 categorical,PARTIAL,BP,V0,6252,1019,16.29878438899552,False
cetermpremier_episode,EVALUATION MEDICALE,int8 categorical,PARTIAL,BP,V1,3074,3074,100.0,False
cetermpremier_episode,EVALUATION MEDICALE,int8 categorical,PARTIAL,BP,V2,2228,2228,100.0,False
cetermpremier_episode,EVALUATION MEDICALE,int8 categorical,PARTIAL,BP,V3,1497,1497,100.0,False
cetermpremier_episode,EVALUATION MEDICALE,int8 categorical,PARTIAL,BP,V4,512,512,100.0,False
cetermpremier_episode,EVALUATION MEDICALE,int8 categorical,PARTIAL,SZ,V0,2209,2209,,True
cetermpremier_episode,EVALUATION MEDICALE,int8 categorical,PARTIAL,SZ,V1,963,963,,True
cetermpremier_episode,EVALUATION MEDICALE,int8 categorical,PARTIAL,SZ,V2,595,595,,True
cetermpremier_episode,EVALUATION MEDICALE,int8 categorical,PARTIAL,SZ,V3,456,456,,True
cetermpremier_episode,EVALUATION MEDICALE,int8 categorical,PARTIAL,SZ,V4,198,198,,True
cetermpremier_episode,EVALUATION MEDICALE,int8 categorical,PARTIAL,DR,V0,552,263,47.64492753623188,False
cetermpremier_episode,EVALUATION MEDICALE,int8 categorical,PARTIAL,DR,V1,233,233,100.0,False
cetermpremier_episode,EVALUATION MEDICALE,int8 categorical,PARTIAL,DR,V2,135,135,100.0,False
cetermpremier_episode,EVALUATION MEDICALE,int8 categorical,PARTIAL,DR,V3,3,3,100.0,False
cetermpremier_episode,EVALUATION MEDICALE,int8 categorical,PARTIAL,DR,V4,69,69,100.0,False
ppartpremier_episode,EVALUATION MEDICALE,int8 binary,PARTIAL,BP,V0,6252,1092,17.46641074856046,False
ppartpremier_episode,EVALUATION MEDICALE,int8 binary,PARTIAL,BP,V1,3074,3074,100.0,False
ppartpremier_episode,EVALUATION MEDICALE,int8 binary,PARTIAL,BP,V2,2228,2228,100.0,False
ppartpremier_episode,EVALUATION MEDICALE,int8 binary,PARTIAL,BP,V3,1497,1497,100.0,False
ppartpremier_episode,EVALUATION MEDICALE,int8 binary,PARTIAL,BP,V4,512,512,100.0,False
ppartpremier_episode,EVALUATION MEDICALE,int8 binary,PARTIAL,SZ,V0,2209,2209,,True
ppartpremier_episode,EVALUATION MEDICALE,int8 binary,PARTIAL,SZ,V1,963,963,,True
ppartpremier_episode,EVALUATION MEDICALE,int8 binary,PARTIAL,SZ,V2,595,595,,True
ppartpremier_episode,EVALUATION MEDICALE,int8 binary,PARTIAL,SZ,V3,456,456,,True
ppartpremier_episode,EVALUATION MEDICALE,int8 binary,PARTIAL,SZ,V4,198,198,,True
ppartpremier_episode,EVALUATION MEDICALE,int8 binary,PARTIAL,DR,V0,552,271,49.094202898550726,False
ppartpremier_episode,EVALUATION MEDICALE,int8 binary,PARTIAL,DR,V1,233,233,100.0,False
ppartpremier_episode,EVALUATION MEDICALE,int8 binary,PARTIAL,DR,V2,135,135,100.0,False
ppartpremier_episode,EVALUATION MEDICALE,int8 binary,PARTIAL,DR,V3,3,3,100.0,False
ppartpremier_episode,EVALUATION MEDICALE,int8 binary,PARTIAL,DR,V4,69,69,100.0,False
remisc,EVALUATION MEDICALE,int8 binary,PARTIAL,BP,V0,6252,1629,26.05566218809981,False
remisc,EVALUATION MEDICALE,int8 binary,PARTIAL,BP,V1,3074,3074,100.0,False
remisc,EVALUATION MEDICALE,int8 binary,PARTIAL,BP,V2,2228,2228,100.0,False
remisc,EVALUATION MEDICALE,int8 binary,PARTIAL,BP,V3,1497,1497,100.0,False
remisc,EVALUATION MEDICALE,int8 binary,PARTIAL,BP,V4,512,512,100.0,False
remisc,EVALUATION MEDICALE,int8 binary,PARTIAL,SZ,V0,2209,2209,,True
remisc,EVALUATION MEDICALE,int8 binary,PARTIAL,SZ,V1,963,963,,True
remisc,EVALUATION MEDICALE,int8 binary,PARTIAL,SZ,V2,595,595,,True
remisc,EVALUATION MEDICALE,int8 binary,PARTIAL,SZ,V3,456,456,,True
remisc,EVALUATION MEDICALE,int8 binary,PARTIAL,SZ,V4,198,198,,True
remisc,EVALUATION MEDICALE,int8 binary,PARTIAL,DR,V0,552,291,52.71739130434783,False
remisc,EVALUATION MEDICALE,int8 binary,PARTIAL,DR,V1,233,233,100.0,False
remisc,EVALUATION MEDICALE,int8 binary,PARTIAL,DR,V2,135,135,100.0,False
remisc,EVALUATION MEDICALE,int8 binary,PARTIAL,DR,V3,3,3,100.0,False
remisc,EVALUATION MEDICALE,int8 binary,PARTIAL,DR,V4,69,69,100.0,False
saison,EVALUATION MEDICALE,int8 binary,PARTIAL,BP,V0,6252,1564,25.015994881637877,False
saison,EVALUATION MEDICALE,int8 binary,PARTIAL,BP,V1,3074,3074,100.0,False
saison,EVALUATION MEDICALE,int8 binary,PARTIAL,BP,V2,2228,2228,100.0,False
saison,EVALUATION MEDICALE,int8 binary,PARTIAL,BP,V3,1497,1497,100.0,False
saison,EVALUATION MEDICALE,int8 binary,PARTIAL,BP,V4,512,512,100.0,False
saison,EVALUATION MEDICALE,int8 binary,PARTIAL,SZ,V0,2209,2209,,True
saison,EVALUATION MEDICALE,int8 binary,PARTIAL,SZ,V1,963,963,,True
saison,EVALUATION MEDICALE,int8 binary,PARTIAL,SZ,V2,595,595,,True
saison,EVALUATION MEDICALE,int8 binary,PARTIAL,SZ,V3,456,456,,True
saison,EVALUATION MEDICALE,int8 binary,PARTIAL,SZ,V4,198,198,,True
saison,EVALUATION MEDICALE,int8 binary,PARTIAL,DR,V0,552,288,52.17391304347826,False
saison,EVALUATION MEDICALE,int8 binary,PARTIAL,DR,V1,233,233,100.0,False
saison,EVALUATION MEDICALE,int8 binary,PARTIAL,DR,V2,135,135,100.0,False
saison,EVALUATION MEDICALE,int8 binary,PARTIAL,DR,V3,3,3,100.0,False
saison,EVALUATION MEDICALE,int8 binary,PARTIAL,DR,V4,69,69,100.0,False
cedecodtrouble_humeur_actuel,EVALUATION MEDICALE,int8 binary,PARTIAL,BP,V0,6252,6152,98.40051183621242,False
cedecodtrouble_humeur_actuel,EVALUATION MEDICALE,int8 binary,PARTIAL,BP,V1,3074,3074,100.0,False
cedecodtrouble_humeur_actuel,EVALUATION MEDICALE,int8 binary,PARTIAL,BP,V2,2228,2228,100.0,False
cedecodtrouble_humeur_actuel,EVALUATION MEDICALE,int8 binary,PARTIAL,BP,V3,1497,1497,100.0,False
cedecodtrouble_humeur_actuel,EVALUATION MEDICALE,int8 binary,PARTIAL,BP,V4,512,512,100.0,False
cedecodtrouble_humeur_actuel,EVALUATION MEDICALE,int8 binary,PARTIAL,SZ,V0,2209,2209,,True
cedecodtrouble_humeur_actuel,EVALUATION MEDICALE,int8 binary,PARTIAL,SZ,V1,963,963,,True
cedecodtrouble_humeur_actuel,EVALUATION MEDICALE,int8 binary,PARTIAL,SZ,V2,595,595,,True
cedecodtrouble_humeur_actuel,EVALUATION MEDICALE,int8 binary,PARTIAL,SZ,V3,456,456,,True
cedecodtrouble_humeur_actuel,EVALUATION MEDICALE,int8 binary,PARTIAL,SZ,V4,198,198,,True
cedecodtrouble_humeur_actuel,EVALUATION MEDICALE,int8 binary,PARTIAL,DR,V0,552,282,51.08695652173913,False
cedecodtrouble_humeur_actuel,EVALUATION MEDICALE,int8 binary,PARTIAL,DR,V1,233,233,100.0,False
cedecodtrouble_humeur_actuel,EVALUATION MEDICALE,int8 binary,PARTIAL,DR,V2,135,135,100.0,False
cedecodtrouble_humeur_actuel,EVALUATION MEDICALE,int8 binary,PARTIAL,DR,V3,3,3,100.0,False
cedecodtrouble_humeur_actuel,EVALUATION MEDICALE,int8 binary,PARTIAL,DR,V4,69,69,100.0,False
cesevtrouble_humeur_actuel,EVALUATION MEDICALE,int8 categorical,PARTIAL,BP,V0,6252,4795,76.69545745361485,False
cesevtrouble_humeur_actuel,EVALUATION MEDICALE,int8 categorical,PARTIAL,BP,V1,3074,2565,83.44176968119714,False
cesevtrouble_humeur_actuel,EVALUATION MEDICALE,int8 categorical,PARTIAL,BP,V2,2228,1894,85.00897666068222,False
cesevtrouble_humeur_actuel,EVALUATION MEDICALE,int8 categorical,PARTIAL,BP,V3,1497,1277,85.30394121576487,False
cesevtrouble_humeur_actuel,EVALUATION MEDICALE,int8 categorical,PARTIAL,BP,V4,512,440,85.9375,False
cesevtrouble_humeur_actuel,EVALUATION MEDICALE,int8 categorical,PARTIAL,SZ,V0,2209,2209,,True
cesevtrouble_humeur_actuel,EVALUATION MEDICALE,int8 categorical,PARTIAL,SZ,V1,963,963,,True
cesevtrouble_humeur_actuel,EVALUATION MEDICALE,int8 categorical,PARTIAL,SZ,V2,595,595,,True
cesevtrouble_humeur_actuel,EVALUATION MEDICALE,int8 categorical,PARTIAL,SZ,V3,456,456,,True
cesevtrouble_humeur_actuel,EVALUATION MEDICALE,int8 categorical,PARTIAL,SZ,V4,198,198,,True
cesevtrouble_humeur_actuel,EVALUATION MEDICALE,int8 categorical,PARTIAL,DR,V0,552,278,50.36231884057971,False
cesevtrouble_humeur_actuel,EVALUATION MEDICALE,int8 categorical,PARTIAL,DR,V1,233,233,100.0,False
cesevtrouble_humeur_actuel,EVALUATION MEDICALE,int8 categorical,PARTIAL,DR,V2,135,135,100.0,False
cesevtrouble_humeur_actuel,EVALUATION MEDICALE,int8 categorical,PARTIAL,DR,V3,3,3,100.0,False
cesevtrouble_humeur_actuel,EVALUATION MEDICALE,int8 categorical,PARTIAL,DR,V4,69,69,100.0,False
chrontrouble_humeur_actuel,EVALUATION MEDICALE,int8 binary,PARTIAL,BP,V0,6252,4938,78.9827255278311,False
chrontrouble_humeur_actuel,EVALUATION MEDICALE,int8 binary,PARTIAL,BP,V1,3074,2655,86.36955107351984,False
chrontrouble_humeur_actuel,EVALUATION MEDICALE,int8 binary,PARTIAL,BP,V2,2228,1937,86.93895870736085,False
chrontrouble_humeur_actuel,EVALUATION MEDICALE,int8 binary,PARTIAL,BP,V3,1497,1318,88.04275217100869,False
chrontrouble_humeur_actuel,EVALUATION MEDICALE,int8 binary,PARTIAL,BP,V4,512,445,86.9140625,False
chrontrouble_humeur_actuel,EVALUATION MEDICALE,int8 binary,PARTIAL,SZ,V0,2209,2209,,True
chrontrouble_humeur_actuel,EVALUATION MEDICALE,int8 binary,PARTIAL,SZ,V1,963,963,,True
chrontrouble_humeur_actuel,EVALUATION MEDICALE,int8 binary,PARTIAL,SZ,V2,595,595,,True
chrontrouble_humeur_actuel,EVALUATION MEDICALE,int8 binary,PARTIAL,SZ,V3,456,456,,True
chrontrouble_humeur_actuel,EVALUATION MEDICALE,int8 binary,PARTIAL,SZ,V4,198,198,,True
chrontrouble_humeur_actuel,EVALUATION MEDICALE,int8 binary,PARTIAL,DR,V0,552,277,50.18115942028986,False
chrontrouble_humeur_actuel,EVALUATION MEDICALE,int8 binary,PARTIAL,DR,V1,233,233,100.0,False
chrontrouble_humeur_actuel,EVALUATION MEDICALE,int8 binary,PARTIAL,DR,V2,135,135,100.0,False
chrontrouble_humeur_actuel,EVALUATION MEDICALE,int8 binary,PARTIAL,DR,V3,3,3,100.0,False
chrontrouble_humeur_actuel,EVALUATION MEDICALE,int8 binary,PARTIAL,DR,V4,69,69,100.0,False
pparttrouble_humeur_actuel,EVALUATION MEDICALE,int8 binary,PARTIAL,BP,V0,6252,4607,73.68841970569417,False
pparttrouble_humeur_actuel,EVALUATION MEDICALE,int8 binary,PARTIAL,BP,V1,3074,2499,81.29472999349382,False
pparttrouble_humeur_actuel,EVALUATION MEDICALE,int8 binary,PARTIAL,BP,V2,2228,1847,82.89946140035906,False
pparttrouble_humeur_actuel,EVALUATION MEDICALE,int8 binary,PARTIAL,BP,V3,1497,1250,83.500334001336,False
pparttrouble_humeur_actuel,EVALUATION MEDICALE,int8 binary,PARTIAL,BP,V4,512,426,83.203125,False
pparttrouble_humeur_actuel,EVALUATION MEDICALE,int8 binary,PARTIAL,SZ,V0,2209,2209,,True
pparttrouble_humeur_actuel,EVALUATION MEDICALE,int8 binary,PARTIAL,SZ,V1,963,963,,True
pparttrouble_humeur_actuel,EVALUATION MEDICALE,int8 binary,PARTIAL,SZ,V2,595,595,,True
pparttrouble_humeur_actuel,EVALUATION MEDICALE,int8 binary,PARTIAL,SZ,V3,456,456,,True
pparttrouble_humeur_actuel,EVALUATION MEDICALE,int8 binary,PARTIAL,SZ,V4,198,198,,True
pparttrouble_humeur_actuel,EVALUATION MEDICALE,int8 binary,PARTIAL,DR,V0,552,281,50.90579710144928,False
pparttrouble_humeur_actuel,EVALUATION MEDICALE,int8 binary,PARTIAL,DR,V1,233,233,100.0,False
pparttrouble_humeur_actuel,EVALUATION MEDICALE,int8 binary,PARTIAL,DR,V2,135,135,100.0,False
pparttrouble_humeur_actuel,EVALUATION MEDICALE,int8 binary,PARTIAL,DR,V3,3,3,100.0,False
pparttrouble_humeur_actuel,EVALUATION MEDICALE,int8 binary,PARTIAL,DR,V4,69,69,100.0,False
migraine_mhoccur,ANTECEDENTS,int8 binary,READY,BP,V0,6252,1510,24.15227127319258,False
migraine_mhoccur,ANTECEDENTS,int8 binary,READY,BP,V1,3074,2359,76.74040338321404,False
migraine_mhoccur,ANTECEDENTS,int8 binary,READY,BP,V2,2228,1702,76.39138240574506,False
migraine_mhoccur,ANTECEDENTS,int8 binary,READY,BP,V3,1497,1134,75.75150300601202,False
migraine_mhoccur,ANTECEDENTS,int8 binary,READY,BP,V4,512,402,78.515625,False
migraine_mhoccur,ANTECEDENTS,int8 binary,READY,SZ,V0,2209,2069,93.66229062924401,False
migraine_mhoccur,ANTECEDENTS,int8 binary,READY,SZ,V1,963,955,99.16926272066459,False
migraine_mhoccur,ANTECEDENTS,int8 binary,READY,SZ,V2,595,586,98.4873949579832,False
migraine_mhoccur,ANTECEDENTS,int8 binary,READY,SZ,V3,456,453,99.3421052631579,False
migraine_mhoccur,ANTECEDENTS,int8 binary,READY,SZ,V4,198,197,99.4949494949495,False
migraine_mhoccur,ANTECEDENTS,int8 binary,READY,DR,V0,552,56,10.144927536231885,False
migraine_mhoccur,ANTECEDENTS,int8 binary,READY,DR,V1,233,233,100.0,False
migraine_mhoccur,ANTECEDENTS,int8 binary,READY,DR,V2,135,48,35.55555555555556,False
migraine_mhoccur,ANTECEDENTS,int8 binary,READY,DR,V3,3,2,66.66666666666666,False
migraine_mhoccur,ANTECEDENTS,int8 binary,READY,DR,V4,69,33,47.82608695652174,False
sep_mhoccur,ANTECEDENTS,int8 binary,READY,BP,V0,6252,1537,24.584133077415228,False
sep_mhoccur,ANTECEDENTS,int8 binary,READY,BP,V1,3074,2361,76.80546519193233,False
sep_mhoccur,ANTECEDENTS,int8 binary,READY,BP,V2,2228,1708,76.66068222621185,False
sep_mhoccur,ANTECEDENTS,int8 binary,READY,BP,V3,1497,1138,76.0187040748163,False
sep_mhoccur,ANTECEDENTS,int8 binary,READY,BP,V4,512,403,78.7109375,False
sep_mhoccur,ANTECEDENTS,int8 binary,READY,SZ,V0,2209,268,12.132186509732911,False
sep_mhoccur,ANTECEDENTS,int8 binary,READY,SZ,V1,963,802,83.28141225337488,False
sep_mhoccur,ANTECEDENTS,int8 binary,READY,SZ,V2,595,478,80.33613445378151,False
sep_mhoccur,ANTECEDENTS,int8 binary,READY,SZ,V3,456,393,86.18421052631578,False
sep_mhoccur,ANTECEDENTS,int8 binary,READY,SZ,V4,198,176,88.88888888888889,False
sep_mhoccur,ANTECEDENTS,int8 binary,READY,DR,V0,552,56,10.144927536231885,False
sep_mhoccur,ANTECEDENTS,int8 binary,READY,DR,V1,233,233,100.0,False
sep_mhoccur,ANTECEDENTS,int8 binary,READY,DR,V2,135,48,35.55555555555556,False
sep_mhoccur,ANTECEDENTS,int8 binary,READY,DR,V3,3,2,66.66666666666666,False
sep_mhoccur,ANTECEDENTS,int8 binary,READY,DR,V4,69,33,47.82608695652174,False
epilepsie_mhoccur,ANTECEDENTS,int8 binary,READY,BP,V0,6252,1544,24.69609724888036,False
epilepsie_mhoccur,ANTECEDENTS,int8 binary,READY,BP,V1,3074,2364,76.90305790500976,False
epilepsie_mhoccur,ANTECEDENTS,int8 binary,READY,BP,V2,2228,1705,76.52603231597845,False
epilepsie_mhoccur,ANTECEDENTS,int8 binary,READY,BP,V3,1497,1138,76.0187040748163,False
epilepsie_mhoccur,ANTECEDENTS,int8 binary,READY,BP,V4,512,402,78.515625,False
epilepsie_mhoccur,ANTECEDENTS,int8 binary,READY,SZ,V0,2209,269,12.177455862381168,False
epilepsie_mhoccur,ANTECEDENTS,int8 binary,READY,SZ,V1,963,801,83.17757009345794,False
epilepsie_mhoccur,ANTECEDENTS,int8 binary,READY,SZ,V2,595,477,80.16806722689076,False
epilepsie_mhoccur,ANTECEDENTS,int8 binary,READY,SZ,V3,456,392,85.96491228070175,False
epilepsie_mhoccur,ANTECEDENTS,int8 binary,READY,SZ,V4,198,176,88.88888888888889,False
epilepsie_mhoccur,ANTECEDENTS,int8 binary,READY,DR,V0,552,56,10.144927536231885,False
epilepsie_mhoccur,ANTECEDENTS,int8 binary,READY,DR,V1,233,233,100.0,False
epilepsie_mhoccur,ANTECEDENTS,int8 binary,READY,DR,V2,135,48,35.55555555555556,False
epilepsie_mhoccur,ANTECEDENTS,int8 binary,READY,DR,V3,3,2,66.66666666666666,False
epilepsie_mhoccur,ANTECEDENTS,int8 binary,READY,DR,V4,69,33,47.82608695652174,False
traumacra_mhoccur,ANTECEDENTS,int8 binary,READY,BP,V0,6252,1540,24.632117722328857,False
traumacra_mhoccur,ANTECEDENTS,int8 binary,READY,BP,V1,3074,2364,76.90305790500976,False
traumacra_mhoccur,ANTECEDENTS,int8 binary,READY,BP,V2,2228,1707,76.61579892280072,False
traumacra_mhoccur,ANTECEDENTS,int8 binary,READY,BP,V3,1497,1139,76.08550434201736,False
traumacra_mhoccur,ANTECEDENTS,int8 binary,READY,BP,V4,512,401,78.3203125,False
traumacra_mhoccur,ANTECEDENTS,int8 binary,READY,SZ,V0,2209,276,12.494341330918967,False
traumacra_mhoccur,ANTECEDENTS,int8 binary,READY,SZ,V1,963,803,83.3852544132918,False
traumacra_mhoccur,ANTECEDENTS,int8 binary,READY,SZ,V2,595,476,80.0,False
traumacra_mhoccur,ANTECEDENTS,int8 binary,READY,SZ,V3,456,393,86.18421052631578,False
traumacra_mhoccur,ANTECEDENTS,int8 binary,READY,SZ,V4,198,176,88.88888888888889,False
traumacra_mhoccur,ANTECEDENTS,int8 binary,READY,DR,V0,552,59,10.68840579710145,False
traumacra_mhoccur,ANTECEDENTS,int8 binary,READY,DR,V1,233,233,100.0,False
traumacra_mhoccur,ANTECEDENTS,int8 binary,READY,DR,V2,135,48,35.55555555555556,False
traumacra_mhoccur,ANTECEDENTS,int8 binary,READY,DR,V3,3,2,66.66666666666666,False
traumacra_mhoccur,ANTECEDENTS,int8 binary,READY,DR,V4,69,33,47.82608695652174,False
avc_mhoccur,ANTECEDENTS,int8 binary,READY,BP,V0,6252,1533,24.520153550863725,False
avc_mhoccur,ANTECEDENTS,int8 binary,READY,BP,V1,3074,2362,76.83799609629148,False
avc_mhoccur,ANTECEDENTS,int8 binary,READY,BP,V2,2228,1709,76.70556552962297,False
avc_mhoccur,ANTECEDENTS,int8 binary,READY,BP,V3,1497,1139,76.08550434201736,False
avc_mhoccur,ANTECEDENTS,int8 binary,READY,BP,V4,512,401,78.3203125,False
avc_mhoccur,ANTECEDENTS,int8 binary,READY,SZ,V0,2209,264,11.951109099139883,False
avc_mhoccur,ANTECEDENTS,int8 binary,READY,SZ,V1,963,801,83.17757009345794,False
avc_mhoccur,ANTECEDENTS,int8 binary,READY,SZ,V2,595,477,80.16806722689076,False
avc_mhoccur,ANTECEDENTS,int8 binary,READY,SZ,V3,456,393,86.18421052631578,False
avc_mhoccur,ANTECEDENTS,int8 binary,READY,SZ,V4,198,176,88.88888888888889,False
avc_mhoccur,ANTECEDENTS,int8 binary,READY,DR,V0,552,70,12.681159420289855,False
avc_mhoccur,ANTECEDENTS,int8 binary,READY,DR,V1,233,233,100.0,False
avc_mhoccur,ANTECEDENTS,int8 binary,READY,DR,V2,135,48,35.55555555555556,False
avc_mhoccur,ANTECEDENTS,int8 binary,READY,DR,V3,3,2,66.66666666666666,False
avc_mhoccur,ANTECEDENTS,int8 binary,READY,DR,V4,69,33,47.82608695652174,False
autneuro_mhoccur,ANTECEDENTS,int8 binary,READY,BP,V0,6252,1607,25.703774792066536,False
autneuro_mhoccur,ANTECEDENTS,int8 binary,READY,BP,V1,3074,2372,77.1633051398829,False
autneuro_mhoccur,ANTECEDENTS,int8 binary,READY,BP,V2,2228,1713,76.8850987432675,False
autneuro_mhoccur,ANTECEDENTS,int8 binary,READY,BP,V3,1497,1141,76.21910487641951,False
autneuro_mhoccur,ANTECEDENTS,int8 binary,READY,BP,V4,512,403,78.7109375,False
autneuro_mhoccur,ANTECEDENTS,int8 binary,READY,SZ,V0,2209,294,13.309189678587597,False
autneuro_mhoccur,ANTECEDENTS,int8 binary,READY,SZ,V1,963,800,83.07372793354102,False
autneuro_mhoccur,ANTECEDENTS,int8 binary,READY,SZ,V2,595,479,80.50420168067227,False
autneuro_mhoccur,ANTECEDENTS,int8 binary,READY,SZ,V3,456,391,85.74561403508771,False
autneuro_mhoccur,ANTECEDENTS,int8 binary,READY,SZ,V4,198,176,88.88888888888889,False
autneuro_mhoccur,ANTECEDENTS,int8 binary,READY,DR,V0,552,62,11.231884057971014,False
autneuro_mhoccur,ANTECEDENTS,int8 binary,READY,DR,V1,233,233,100.0,False
autneuro_mhoccur,ANTECEDENTS,int8 binary,READY,DR,V2,135,48,35.55555555555556,False
autneuro_mhoccur,ANTECEDENTS,int8 binary,READY,DR,V3,3,2,66.66666666666666,False
autneuro_mhoccur,ANTECEDENTS,int8 binary,READY,DR,V4,69,33,47.82608695652174,False
autneuro_mhmodify,ANTECEDENTS,string,READY,BP,V0,6252,6126,97.98464491362763,False
autneuro_mhmodify,ANTECEDENTS,string,READY,BP,V1,3074,3052,99.2843201040989,False
autneuro_mhmodify,ANTECEDENTS,string,READY,BP,V2,2228,2213,99.32675044883304,False
autneuro_mhmodify,ANTECEDENTS,string,READY,BP,V3,1497,1484,99.1315965263861,False
autneuro_mhmodify,ANTECEDENTS,string,READY,BP,V4,512,507,99.0234375,False
autneuro_mhmodify,ANTECEDENTS,string,READY,SZ,V0,2209,2176,98.50611136260751,False
autneuro_mhmodify,ANTECEDENTS,string,READY,SZ,V1,963,961,99.79231568016614,False
autneuro_mhmodify,ANTECEDENTS,string,READY,SZ,V2,595,594,99.83193277310924,False
autneuro_mhmodify,ANTECEDENTS,string,READY,SZ,V3,456,452,99.12280701754386,False
autneuro_mhmodify,ANTECEDENTS,string,READY,SZ,V4,198,198,100.0,False
autneuro_mhmodify,ANTECEDENTS,string,READY,DR,V0,552,537,97.28260869565217,False
autneuro_mhmodify,ANTECEDENTS,string,READY,DR,V1,233,233,100.0,False
autneuro_mhmodify,ANTECEDENTS,string,READY,DR,V2,135,131,97.03703703703704,False
autneuro_mhmodify,ANTECEDENTS,string,READY,DR,V3,3,3,100.0,False
autneuro_mhmodify,ANTECEDENTS,string,READY,DR,V4,69,64,92.7536231884058,False
hta_mhoccur,ANTECEDENTS,int8 binary,READY,BP,V0,6252,1640,26.231605886116444,False
hta_mhoccur,ANTECEDENTS,int8 binary,READY,BP,V1,3074,2363,76.87052700065063,False
hta_mhoccur,ANTECEDENTS,int8 binary,READY,BP,V2,2228,1705,76.52603231597845,False
hta_mhoccur,ANTECEDENTS,int8 binary,READY,BP,V3,1497,1137,75.95190380761522,False
hta_mhoccur,ANTECEDENTS,int8 binary,READY,BP,V4,512,395,77.1484375,False
hta_mhoccur,ANTECEDENTS,int8 binary,READY,SZ,V0,2209,279,12.63014938886374,False
hta_mhoccur,ANTECEDENTS,int8 binary,READY,SZ,V1,963,804,83.48909657320873,False
hta_mhoccur,ANTECEDENTS,int8 binary,READY,SZ,V2,595,475,79.83193277310924,False
hta_mhoccur,ANTECEDENTS,int8 binary,READY,SZ,V3,456,391,85.74561403508771,False
hta_mhoccur,ANTECEDENTS,int8 binary,READY,SZ,V4,198,176,88.88888888888889,False
hta_mhoccur,ANTECEDENTS,int8 binary,READY,DR,V0,552,58,10.507246376811594,False
hta_mhoccur,ANTECEDENTS,int8 binary,READY,DR,V1,233,233,100.0,False
hta_mhoccur,ANTECEDENTS,int8 binary,READY,DR,V2,135,49,36.2962962962963,False
hta_mhoccur,ANTECEDENTS,int8 binary,READY,DR,V3,3,2,66.66666666666666,False
hta_mhoccur,ANTECEDENTS,int8 binary,READY,DR,V4,69,33,47.82608695652174,False
coronar_mhoccur,ANTECEDENTS,int8 binary,READY,BP,V0,6252,1650,26.391554702495203,False
coronar_mhoccur,ANTECEDENTS,int8 binary,READY,BP,V1,3074,2365,76.93558880936891,False
coronar_mhoccur,ANTECEDENTS,int8 binary,READY,BP,V2,2228,1706,76.5709156193896,False
coronar_mhoccur,ANTECEDENTS,int8 binary,READY,BP,V3,1497,1143,76.35270541082164,False
coronar_mhoccur,ANTECEDENTS,int8 binary,READY,BP,V4,512,396,77.34375,False
coronar_mhoccur,ANTECEDENTS,int8 binary,READY,SZ,V0,2209,279,12.63014938886374,False
coronar_mhoccur,ANTECEDENTS,int8 binary,READY,SZ,V1,963,805,83.59293873312565,False
coronar_mhoccur,ANTECEDENTS,int8 binary,READY,SZ,V2,595,475,79.83193277310924,False
coronar_mhoccur,ANTECEDENTS,int8 binary,READY,SZ,V3,456,393,86.18421052631578,False
coronar_mhoccur,ANTECEDENTS,int8 binary,READY,SZ,V4,198,178,89.8989898989899,False
coronar_mhoccur,ANTECEDENTS,int8 binary,READY,DR,V0,552,58,10.507246376811594,False
coronar_mhoccur,ANTECEDENTS,int8 binary,READY,DR,V1,233,233,100.0,False
coronar_mhoccur,ANTECEDENTS,int8 binary,READY,DR,V2,135,49,36.2962962962963,False
coronar_mhoccur,ANTECEDENTS,int8 binary,READY,DR,V3,3,2,66.66666666666666,False
coronar_mhoccur,ANTECEDENTS,int8 binary,READY,DR,V4,69,33,47.82608695652174,False
infarctus_mhoccur,ANTECEDENTS,int8 binary,READY,BP,V0,6252,1660,26.551503518873957,False
infarctus_mhoccur,ANTECEDENTS,int8 binary,READY,BP,V1,3074,2364,76.90305790500976,False
infarctus_mhoccur,ANTECEDENTS,int8 binary,READY,BP,V2,2228,1706,76.5709156193896,False
infarctus_mhoccur,ANTECEDENTS,int8 binary,READY,BP,V3,1497,1139,76.08550434201736,False
infarctus_mhoccur,ANTECEDENTS,int8 binary,READY,BP,V4,512,398,77.734375,False
infarctus_mhoccur,ANTECEDENTS,int8 binary,READY,SZ,V0,2209,283,12.811226799456769,False
infarctus_mhoccur,ANTECEDENTS,int8 binary,READY,SZ,V1,963,803,83.3852544132918,False
infarctus_mhoccur,ANTECEDENTS,int8 binary,READY,SZ,V2,595,476,80.0,False
infarctus_mhoccur,ANTECEDENTS,int8 binary,READY,SZ,V3,456,393,86.18421052631578,False
infarctus_mhoccur,ANTECEDENTS,int8 binary,READY,SZ,V4,198,177,89.39393939393939,False
infarctus_mhoccur,ANTECEDENTS,int8 binary,READY,DR,V0,552,57,10.326086956521738,False
infarctus_mhoccur,ANTECEDENTS,int8 binary,READY,DR,V1,233,233,100.0,False
infarctus_mhoccur,ANTECEDENTS,int8 binary,READY,DR,V2,135,49,36.2962962962963,False
infarctus_mhoccur,ANTECEDENTS,int8 binary,READY,DR,V3,3,2,66.66666666666666,False
infarctus_mhoccur,ANTECEDENTS,int8 binary,READY,DR,V4,69,33,47.82608695652174,False
trbrycard_mhoccur,ANTECEDENTS,int8 binary,READY,BP,V0,6252,1667,26.663467690339093,False
trbrycard_mhoccur,ANTECEDENTS,int8 binary,READY,BP,V1,3074,2366,76.96811971372804,False
trbrycard_mhoccur,ANTECEDENTS,int8 binary,READY,BP,V2,2228,1702,76.39138240574506,False
trbrycard_mhoccur,ANTECEDENTS,int8 binary,READY,BP,V3,1497,1132,75.61790247160988,False
trbrycard_mhoccur,ANTECEDENTS,int8 binary,READY,BP,V4,512,395,77.1484375,False
trbrycard_mhoccur,ANTECEDENTS,int8 binary,READY,SZ,V0,2209,279,12.63014938886374,False
trbrycard_mhoccur,ANTECEDENTS,int8 binary,READY,SZ,V1,963,803,83.3852544132918,False
trbrycard_mhoccur,ANTECEDENTS,int8 binary,READY,SZ,V2,595,477,80.16806722689076,False
trbrycard_mhoccur,ANTECEDENTS,int8 binary,READY,SZ,V3,456,391,85.74561403508771,False
trbrycard_mhoccur,ANTECEDENTS,int8 binary,READY,SZ,V4,198,177,89.39393939393939,False
trbrycard_mhoccur,ANTECEDENTS,int8 binary,READY,DR,V0,552,57,10.326086956521738,False
trbrycard_mhoccur,ANTECEDENTS,int8 binary,READY,DR,V1,233,233,100.0,False
trbrycard_mhoccur,ANTECEDENTS,int8 binary,READY,DR,V2,135,49,36.2962962962963,False
trbrycard_mhoccur,ANTECEDENTS,int8 binary,READY,DR,V3,3,2,66.66666666666666,False
trbrycard_mhoccur,ANTECEDENTS,int8 binary,READY,DR,V4,69,33,47.82608695652174,False
autcardv_mhoccur,ANTECEDENTS,int8 binary,READY,BP,V0,6252,1670,26.711452335252716,False
autcardv_mhoccur,ANTECEDENTS,int8 binary,READY,BP,V1,3074,2376,77.29342875731945,False
autcardv_mhoccur,ANTECEDENTS,int8 binary,READY,BP,V2,2228,1710,76.75044883303411,False
autcardv_mhoccur,ANTECEDENTS,int8 binary,READY,BP,V3,1497,1142,76.28590514362057,False
autcardv_mhoccur,ANTECEDENTS,int8 binary,READY,BP,V4,512,397,77.5390625,False
autcardv_mhoccur,ANTECEDENTS,int8 binary,READY,SZ,V0,2209,292,13.218650973291082,False
autcardv_mhoccur,ANTECEDENTS,int8 binary,READY,SZ,V1,963,799,82.9698857736241,False
autcardv_mhoccur,ANTECEDENTS,int8 binary,READY,SZ,V2,595,474,79.66386554621849,False
autcardv_mhoccur,ANTECEDENTS,int8 binary,READY,SZ,V3,456,390,85.52631578947368,False
autcardv_mhoccur,ANTECEDENTS,int8 binary,READY,SZ,V4,198,178,89.8989898989899,False
autcardv_mhoccur,ANTECEDENTS,int8 binary,READY,DR,V0,552,56,10.144927536231885,False
autcardv_mhoccur,ANTECEDENTS,int8 binary,READY,DR,V1,233,233,100.0,False
autcardv_mhoccur,ANTECEDENTS,int8 binary,READY,DR,V2,135,49,36.2962962962963,False
autcardv_mhoccur,ANTECEDENTS,int8 binary,READY,DR,V3,3,2,66.66666666666666,False
autcardv_mhoccur,ANTECEDENTS,int8 binary,READY,DR,V4,69,33,47.82608695652174,False
autcardv_mhmodify,ANTECEDENTS,string,READY,BP,V0,6252,6062,96.96097248880359,False
autcardv_mhmodify,ANTECEDENTS,string,READY,BP,V1,3074,3047,99.12166558230318,False
autcardv_mhmodify,ANTECEDENTS,string,READY,BP,V2,2228,2205,98.96768402154399,False
autcardv_mhmodify,ANTECEDENTS,string,READY,BP,V3,1497,1487,99.33199732798931,False
autcardv_mhmodify,ANTECEDENTS,string,READY,BP,V4,512,505,98.6328125,False
autcardv_mhmodify,ANTECEDENTS,string,READY,SZ,V0,2209,2140,96.87641466727027,False
autcardv_mhmodify,ANTECEDENTS,string,READY,SZ,V1,963,954,99.06542056074767,False
autcardv_mhmodify,ANTECEDENTS,string,READY,SZ,V2,595,588,98.82352941176471,False
autcardv_mhmodify,ANTECEDENTS,string,READY,SZ,V3,456,453,99.3421052631579,False
autcardv_mhmodify,ANTECEDENTS,string,READY,SZ,V4,198,197,99.4949494949495,False
autcardv_mhmodify,ANTECEDENTS,string,READY,DR,V0,552,517,93.65942028985508,False
autcardv_mhmodify,ANTECEDENTS,string,READY,DR,V1,233,233,100.0,False
autcardv_mhmodify,ANTECEDENTS,string,READY,DR,V2,135,133,98.51851851851852,False
autcardv_mhmodify,ANTECEDENTS,string,READY,DR,V3,3,3,100.0,False
autcardv_mhmodify,ANTECEDENTS,string,READY,DR,V4,69,67,97.10144927536231,False
autendoc_mhoccur,ANTECEDENTS,int8 binary,READY,BP,V0,6252,1677,26.82341650671785,False
autendoc_mhoccur,ANTECEDENTS,int8 binary,READY,BP,V1,3074,2375,77.26089785296031,False
autendoc_mhoccur,ANTECEDENTS,int8 binary,READY,BP,V2,2228,1698,76.21184919210053,False
autendoc_mhoccur,ANTECEDENTS,int8 binary,READY,BP,V3,1497,1136,75.88510354041416,False
autendoc_mhoccur,ANTECEDENTS,int8 binary,READY,BP,V4,512,401,78.3203125,False
autendoc_mhoccur,ANTECEDENTS,int8 binary,READY,SZ,V0,2209,299,13.535536441828883,False
autendoc_mhoccur,ANTECEDENTS,int8 binary,READY,SZ,V1,963,809,84.00830737279335,False
autendoc_mhoccur,ANTECEDENTS,int8 binary,READY,SZ,V2,595,480,80.67226890756302,False
autendoc_mhoccur,ANTECEDENTS,int8 binary,READY,SZ,V3,456,389,85.30701754385966,False
autendoc_mhoccur,ANTECEDENTS,int8 binary,READY,SZ,V4,198,177,89.39393939393939,False
autendoc_mhoccur,ANTECEDENTS,int8 binary,READY,DR,V0,552,61,11.05072463768116,False
autendoc_mhoccur,ANTECEDENTS,int8 binary,READY,DR,V1,233,233,100.0,False
autendoc_mhoccur,ANTECEDENTS,int8 binary,READY,DR,V2,135,50,37.03703703703704,False
autendoc_mhoccur,ANTECEDENTS,int8 binary,READY,DR,V3,3,2,66.66666666666666,False
autendoc_mhoccur,ANTECEDENTS,int8 binary,READY,DR,V4,69,34,49.275362318840585,False
dysthyro_mhmodify,ANTECEDENTS,int8 binary,READY,BP,V0,6252,5707,91.28278950735765,False
dysthyro_mhmodify,ANTECEDENTS,int8 binary,READY,BP,V1,3074,2968,96.55172413793103,False
dysthyro_mhmodify,ANTECEDENTS,int8 binary,READY,BP,V2,2228,2146,96.31956912028726,False
dysthyro_mhmodify,ANTECEDENTS,int8 binary,READY,BP,V3,1497,1433,95.7247828991316,False
dysthyro_mhmodify,ANTECEDENTS,int8 binary,READY,BP,V4,512,490,95.703125,False
dysthyro_mhmodify,ANTECEDENTS,int8 binary,READY,SZ,V0,2209,2154,97.51018560434585,False
dysthyro_mhmodify,ANTECEDENTS,int8 binary,READY,SZ,V1,963,956,99.27310488058151,False
dysthyro_mhmodify,ANTECEDENTS,int8 binary,READY,SZ,V2,595,591,99.32773109243698,False
dysthyro_mhmodify,ANTECEDENTS,int8 binary,READY,SZ,V3,456,450,98.68421052631578,False
dysthyro_mhmodify,ANTECEDENTS,int8 binary,READY,SZ,V4,198,195,98.48484848484848,False
dysthyro_mhmodify,ANTECEDENTS,int8 binary,READY,DR,V0,552,488,88.40579710144928,False
dysthyro_mhmodify,ANTECEDENTS,int8 binary,READY,DR,V1,233,233,100.0,False
dysthyro_mhmodify,ANTECEDENTS,int8 binary,READY,DR,V2,135,119,88.14814814814815,False
dysthyro_mhmodify,ANTECEDENTS,int8 binary,READY,DR,V3,3,3,100.0,False
dysthyro_mhmodify,ANTECEDENTS,int8 binary,READY,DR,V4,69,62,89.85507246376811,False
acne_mhoccur,ANTECEDENTS,int8 binary,READY,BP,V0,6252,1565,25.031989763275753,False
acne_mhoccur,ANTECEDENTS,int8 binary,READY,BP,V1,3074,2375,77.26089785296031,False
acne_mhoccur,ANTECEDENTS,int8 binary,READY,BP,V2,2228,1701,76.34649910233394,False
acne_mhoccur,ANTECEDENTS,int8 binary,READY,BP,V3,1497,1130,75.48430193720776,False
acne_mhoccur,ANTECEDENTS,int8 binary,READY,BP,V4,512,398,77.734375,False
acne_mhoccur,ANTECEDENTS,int8 binary,READY,SZ,V0,2209,293,13.263920325939338,False
acne_mhoccur,ANTECEDENTS,int8 binary,READY,SZ,V1,963,802,83.28141225337488,False
acne_mhoccur,ANTECEDENTS,int8 binary,READY,SZ,V2,595,480,80.67226890756302,False
acne_mhoccur,ANTECEDENTS,int8 binary,READY,SZ,V3,456,392,85.96491228070175,False
acne_mhoccur,ANTECEDENTS,int8 binary,READY,SZ,V4,198,176,88.88888888888889,False
acne_mhoccur,ANTECEDENTS,int8 binary,READY,DR,V0,552,59,10.68840579710145,False
acne_mhoccur,ANTECEDENTS,int8 binary,READY,DR,V1,233,233,100.0,False
acne_mhoccur,ANTECEDENTS,int8 binary,READY,DR,V2,135,49,36.2962962962963,False
acne_mhoccur,ANTECEDENTS,int8 binary,READY,DR,V3,3,2,66.66666666666666,False
acne_mhoccur,ANTECEDENTS,int8 binary,READY,DR,V4,69,34,49.275362318840585,False
eczema_mhoccur,ANTECEDENTS,int8 binary,READY,BP,V0,6252,1562,24.984005118362123,False
eczema_mhoccur,ANTECEDENTS,int8 binary,READY,BP,V1,3074,2373,77.19583604424203,False
eczema_mhoccur,ANTECEDENTS,int8 binary,READY,BP,V2,2228,1701,76.34649910233394,False
eczema_mhoccur,ANTECEDENTS,int8 binary,READY,BP,V3,1497,1126,75.21710086840348,False
eczema_mhoccur,ANTECEDENTS,int8 binary,READY,BP,V4,512,399,77.9296875,False
eczema_mhoccur,ANTECEDENTS,int8 binary,READY,SZ,V0,2209,284,12.856496152105024,False
eczema_mhoccur,ANTECEDENTS,int8 binary,READY,SZ,V1,963,799,82.9698857736241,False
eczema_mhoccur,ANTECEDENTS,int8 binary,READY,SZ,V2,595,480,80.67226890756302,False
eczema_mhoccur,ANTECEDENTS,int8 binary,READY,SZ,V3,456,395,86.62280701754386,False
eczema_mhoccur,ANTECEDENTS,int8 binary,READY,SZ,V4,198,177,89.39393939393939,False
eczema_mhoccur,ANTECEDENTS,int8 binary,READY,DR,V0,552,59,10.68840579710145,False
eczema_mhoccur,ANTECEDENTS,int8 binary,READY,DR,V1,233,233,100.0,False
eczema_mhoccur,ANTECEDENTS,int8 binary,READY,DR,V2,135,49,36.2962962962963,False
eczema_mhoccur,ANTECEDENTS,int8 binary,READY,DR,V3,3,2,66.66666666666666,False
eczema_mhoccur,ANTECEDENTS,int8 binary,READY,DR,V4,69,34,49.275362318840585,False
toxidermi_mhoccur,ANTECEDENTS,int8 binary,READY,BP,V0,6252,1559,24.936020473448497,False
toxidermi_mhoccur,ANTECEDENTS,int8 binary,READY,BP,V1,3074,2371,77.13077423552375,False
toxidermi_mhoccur,ANTECEDENTS,int8 binary,READY,BP,V2,2228,1704,76.48114901256733,False
toxidermi_mhoccur,ANTECEDENTS,int8 binary,READY,BP,V3,1497,1134,75.75150300601202,False
toxidermi_mhoccur,ANTECEDENTS,int8 binary,READY,BP,V4,512,398,77.734375,False
toxidermi_mhoccur,ANTECEDENTS,int8 binary,READY,SZ,V0,2209,292,13.218650973291082,False
toxidermi_mhoccur,ANTECEDENTS,int8 binary,READY,SZ,V1,963,803,83.3852544132918,False
toxidermi_mhoccur,ANTECEDENTS,int8 binary,READY,SZ,V2,595,480,80.67226890756302,False
toxidermi_mhoccur,ANTECEDENTS,int8 binary,READY,SZ,V3,456,393,86.18421052631578,False
toxidermi_mhoccur,ANTECEDENTS,int8 binary,READY,SZ,V4,198,176,88.88888888888889,False
toxidermi_mhoccur,ANTECEDENTS,int8 binary,READY,DR,V0,552,60,10.869565217391305,False
toxidermi_mhoccur,ANTECEDENTS,int8 binary,READY,DR,V1,233,233,100.0,False
toxidermi_mhoccur,ANTECEDENTS,int8 binary,READY,DR,V2,135,49,36.2962962962963,False
toxidermi_mhoccur,ANTECEDENTS,int8 binary,READY,DR,V3,3,2,66.66666666666666,False
toxidermi_mhoccur,ANTECEDENTS,int8 binary,READY,DR,V4,69,34,49.275362318840585,False
toxidermi_mhmodify,ANTECEDENTS,category,PARTIAL,BP,V0,6252,6203,99.21625079974407,False
toxidermi_mhmodify,ANTECEDENTS,category,PARTIAL,BP,V1,3074,3073,99.96746909564087,False
toxidermi_mhmodify,ANTECEDENTS,category,PARTIAL,BP,V2,2228,2226,99.91023339317773,False
toxidermi_mhmodify,ANTECEDENTS,category,PARTIAL,BP,V3,1497,1496,99.93319973279893,False
toxidermi_mhmodify,ANTECEDENTS,category,PARTIAL,BP,V4,512,512,100.0,False
toxidermi_mhmodify,ANTECEDENTS,category,PARTIAL,SZ,V0,2209,2181,98.7324581258488,False
toxidermi_mhmodify,ANTECEDENTS,category,PARTIAL,SZ,V1,963,962,99.89615784008308,False
toxidermi_mhmodify,ANTECEDENTS,category,PARTIAL,SZ,V2,595,595,100.0,False
toxidermi_mhmodify,ANTECEDENTS,category,PARTIAL,SZ,V3,456,456,100.0,False
toxidermi_mhmodify,ANTECEDENTS,category,PARTIAL,SZ,V4,198,198,100.0,False
toxidermi_mhmodify,ANTECEDENTS,category,PARTIAL,DR,V0,552,552,,True
toxidermi_mhmodify,ANTECEDENTS,category,PARTIAL,DR,V1,233,233,,True
toxidermi_mhmodify,ANTECEDENTS,category,PARTIAL,DR,V2,135,135,,True
toxidermi_mhmodify,ANTECEDENTS,category,PARTIAL,DR,V3,3,3,,True
toxidermi_mhmodify,ANTECEDENTS,category,PARTIAL,DR,V4,69,69,,True
cheveux_mhoccur,ANTECEDENTS,int8 binary,READY,BP,V0,6252,1546,24.72808701215611,False
cheveux_mhoccur,ANTECEDENTS,int8 binary,READY,BP,V1,3074,2372,77.1633051398829,False
cheveux_mhoccur,ANTECEDENTS,int8 binary,READY,BP,V2,2228,1705,76.52603231597845,False
cheveux_mhoccur,ANTECEDENTS,int8 binary,READY,BP,V3,1497,1126,75.21710086840348,False
cheveux_mhoccur,ANTECEDENTS,int8 binary,READY,BP,V4,512,397,77.5390625,False
cheveux_mhoccur,ANTECEDENTS,int8 binary,READY,SZ,V0,2209,274,12.403802625622454,False
cheveux_mhoccur,ANTECEDENTS,int8 binary,READY,SZ,V1,963,803,83.3852544132918,False
cheveux_mhoccur,ANTECEDENTS,int8 binary,READY,SZ,V2,595,480,80.67226890756302,False
cheveux_mhoccur,ANTECEDENTS,int8 binary,READY,SZ,V3,456,393,86.18421052631578,False
cheveux_mhoccur,ANTECEDENTS,int8 binary,READY,SZ,V4,198,176,88.88888888888889,False
cheveux_mhoccur,ANTECEDENTS,int8 binary,READY,DR,V0,552,59,10.68840579710145,False
cheveux_mhoccur,ANTECEDENTS,int8 binary,READY,DR,V1,233,233,100.0,False
cheveux_mhoccur,ANTECEDENTS,int8 binary,READY,DR,V2,135,49,36.2962962962963,False
cheveux_mhoccur,ANTECEDENTS,int8 binary,READY,DR,V3,3,2,66.66666666666666,False
cheveux_mhoccur,ANTECEDENTS,int8 binary,READY,DR,V4,69,34,49.275362318840585,False
psoriasis_mhoccur,ANTECEDENTS,int8 binary,READY,BP,V0,6252,1601,25.607805502239284,False
psoriasis_mhoccur,ANTECEDENTS,int8 binary,READY,BP,V1,3074,2377,77.3259596616786,False
psoriasis_mhoccur,ANTECEDENTS,int8 binary,READY,BP,V2,2228,1698,76.21184919210053,False
psoriasis_mhoccur,ANTECEDENTS,int8 binary,READY,BP,V3,1497,1134,75.75150300601202,False
psoriasis_mhoccur,ANTECEDENTS,int8 binary,READY,BP,V4,512,398,77.734375,False
psoriasis_mhoccur,ANTECEDENTS,int8 binary,READY,SZ,V0,2209,1129,51.1090991398823,False
psoriasis_mhoccur,ANTECEDENTS,int8 binary,READY,SZ,V1,963,873,90.65420560747664,False
psoriasis_mhoccur,ANTECEDENTS,int8 binary,READY,SZ,V2,595,517,86.89075630252101,False
psoriasis_mhoccur,ANTECEDENTS,int8 binary,READY,SZ,V3,456,412,90.35087719298247,False
psoriasis_mhoccur,ANTECEDENTS,int8 binary,READY,SZ,V4,198,181,91.41414141414141,False
psoriasis_mhoccur,ANTECEDENTS,int8 binary,READY,DR,V0,552,59,10.68840579710145,False
psoriasis_mhoccur,ANTECEDENTS,int8 binary,READY,DR,V1,233,233,100.0,False
psoriasis_mhoccur,ANTECEDENTS,int8 binary,READY,DR,V2,135,49,36.2962962962963,False
psoriasis_mhoccur,ANTECEDENTS,int8 binary,READY,DR,V3,3,2,66.66666666666666,False
psoriasis_mhoccur,ANTECEDENTS,int8 binary,READY,DR,V4,69,34,49.275362318840585,False
somat_all,ANTECEDENTS,int8 binary,READY,BP,V0,6252,930,14.875239923224568,False
somat_all,ANTECEDENTS,int8 binary,READY,BP,V1,3074,2249,73.16200390370852,False
somat_all,ANTECEDENTS,int8 binary,READY,BP,V2,2228,1617,72.57630161579893,False
somat_all,ANTECEDENTS,int8 binary,READY,BP,V3,1497,1068,71.34268537074149,False
somat_all,ANTECEDENTS,int8 binary,READY,BP,V4,512,381,74.4140625,False
somat_all,ANTECEDENTS,int8 binary,READY,SZ,V0,2209,284,12.856496152105024,False
somat_all,ANTECEDENTS,int8 binary,READY,SZ,V1,963,809,84.00830737279335,False
somat_all,ANTECEDENTS,int8 binary,READY,SZ,V2,595,476,80.0,False
somat_all,ANTECEDENTS,int8 binary,READY,SZ,V3,456,389,85.30701754385966,False
somat_all,ANTECEDENTS,int8 binary,READY,SZ,V4,198,176,88.88888888888889,False
somat_all,ANTECEDENTS,int8 binary,READY,DR,V0,552,57,10.326086956521738,False
somat_all,ANTECEDENTS,int8 binary,READY,DR,V1,233,233,100.0,False
somat_all,ANTECEDENTS,int8 binary,READY,DR,V2,135,49,36.2962962962963,False
somat_all,ANTECEDENTS,int8 binary,READY,DR,V3,3,2,66.66666666666666,False
somat_all,ANTECEDENTS,int8 binary,READY,DR,V4,69,34,49.275362318840585,False
asthme_mhoccur,ANTECEDENTS,int8 binary,READY,BP,V0,6252,0,0.0,False
asthme_mhoccur,ANTECEDENTS,int8 binary,READY,BP,V1,3074,0,0.0,False
asthme_mhoccur,ANTECEDENTS,int8 binary,READY,BP,V2,2228,0,0.0,False
asthme_mhoccur,ANTECEDENTS,int8 binary,READY,BP,V3,1497,0,0.0,False
asthme_mhoccur,ANTECEDENTS,int8 binary,READY,BP,V4,512,0,0.0,False
asthme_mhoccur,ANTECEDENTS,int8 binary,READY,SZ,V0,2209,2029,91.85151652331372,False
asthme_mhoccur,ANTECEDENTS,int8 binary,READY,SZ,V1,963,952,98.85773624091381,False
asthme_mhoccur,ANTECEDENTS,int8 binary,READY,SZ,V2,595,590,99.15966386554622,False
asthme_mhoccur,ANTECEDENTS,int8 binary,READY,SZ,V3,456,450,98.68421052631578,False
asthme_mhoccur,ANTECEDENTS,int8 binary,READY,SZ,V4,198,197,99.4949494949495,False
asthme_mhoccur,ANTECEDENTS,int8 binary,READY,DR,V0,552,63,11.41304347826087,False
asthme_mhoccur,ANTECEDENTS,int8 binary,READY,DR,V1,233,233,100.0,False
asthme_mhoccur,ANTECEDENTS,int8 binary,READY,DR,V2,135,48,35.55555555555556,False
asthme_mhoccur,ANTECEDENTS,int8 binary,READY,DR,V3,3,3,100.0,False
asthme_mhoccur,ANTECEDENTS,int8 binary,READY,DR,V4,69,33,47.82608695652174,False
allergie_mhoccur,ANTECEDENTS,int8 binary,READY,BP,V0,6252,0,0.0,False
allergie_mhoccur,ANTECEDENTS,int8 binary,READY,BP,V1,3074,0,0.0,False
allergie_mhoccur,ANTECEDENTS,int8 binary,READY,BP,V2,2228,0,0.0,False
allergie_mhoccur,ANTECEDENTS,int8 binary,READY,BP,V3,1497,0,0.0,False
allergie_mhoccur,ANTECEDENTS,int8 binary,READY,BP,V4,512,0,0.0,False
allergie_mhoccur,ANTECEDENTS,int8 binary,READY,SZ,V0,2209,1803,81.6206428248076,False
allergie_mhoccur,ANTECEDENTS,int8 binary,READY,SZ,V1,963,947,98.33852544132918,False
allergie_mhoccur,ANTECEDENTS,int8 binary,READY,SZ,V2,595,580,97.47899159663865,False
allergie_mhoccur,ANTECEDENTS,int8 binary,READY,SZ,V3,456,449,98.46491228070175,False
allergie_mhoccur,ANTECEDENTS,int8 binary,READY,SZ,V4,198,195,98.48484848484848,False
allergie_mhoccur,ANTECEDENTS,int8 binary,READY,DR,V0,552,61,11.05072463768116,False
allergie_mhoccur,ANTECEDENTS,int8 binary,READY,DR,V1,233,233,100.0,False
allergie_mhoccur,ANTECEDENTS,int8 binary,READY,DR,V2,135,48,35.55555555555556,False
allergie_mhoccur,ANTECEDENTS,int8 binary,READY,DR,V3,3,3,100.0,False
allergie_mhoccur,ANTECEDENTS,int8 binary,READY,DR,V4,69,33,47.82608695652174,False
lupus_mhoccur,ANTECEDENTS,int8 ordinal,READY,BP,V0,6252,0,0.0,False
lupus_mhoccur,ANTECEDENTS,int8 ordinal,READY,BP,V1,3074,0,0.0,False
lupus_mhoccur,ANTECEDENTS,int8 ordinal,READY,BP,V2,2228,0,0.0,False
lupus_mhoccur,ANTECEDENTS,int8 ordinal,READY,BP,V3,1497,0,0.0,False
lupus_mhoccur,ANTECEDENTS,int8 ordinal,READY,BP,V4,512,0,0.0,False
lupus_mhoccur,ANTECEDENTS,int8 ordinal,READY,SZ,V0,2209,1132,51.244907197827075,False
lupus_mhoccur,ANTECEDENTS,int8 ordinal,READY,SZ,V1,963,873,90.65420560747664,False
lupus_mhoccur,ANTECEDENTS,int8 ordinal,READY,SZ,V2,595,517,86.89075630252101,False
lupus_mhoccur,ANTECEDENTS,int8 ordinal,READY,SZ,V3,456,412,90.35087719298247,False
lupus_mhoccur,ANTECEDENTS,int8 ordinal,READY,SZ,V4,198,181,91.41414141414141,False
lupus_mhoccur,ANTECEDENTS,int8 ordinal,READY,DR,V0,552,64,11.594202898550725,False
lupus_mhoccur,ANTECEDENTS,int8 ordinal,READY,DR,V1,233,233,100.0,False
lupus_mhoccur,ANTECEDENTS,int8 ordinal,READY,DR,V2,135,48,35.55555555555556,False
lupus_mhoccur,ANTECEDENTS,int8 ordinal,READY,DR,V3,3,3,100.0,False
lupus_mhoccur,ANTECEDENTS,int8 ordinal,READY,DR,V4,69,33,47.82608695652174,False
polyarthr_mhoccur,ANTECEDENTS,int8 binary,READY,BP,V0,6252,0,0.0,False
polyarthr_mhoccur,ANTECEDENTS,int8 binary,READY,BP,V1,3074,0,0.0,False
polyarthr_mhoccur,ANTECEDENTS,int8 binary,READY,BP,V2,2228,0,0.0,False
polyarthr_mhoccur,ANTECEDENTS,int8 binary,READY,BP,V3,1497,0,0.0,False
polyarthr_mhoccur,ANTECEDENTS,int8 binary,READY,BP,V4,512,0,0.0,False
polyarthr_mhoccur,ANTECEDENTS,int8 binary,READY,SZ,V0,2209,1131,51.19963784517881,False
polyarthr_mhoccur,ANTECEDENTS,int8 binary,READY,SZ,V1,963,873,90.65420560747664,False
polyarthr_mhoccur,ANTECEDENTS,int8 binary,READY,SZ,V2,595,517,86.89075630252101,False
polyarthr_mhoccur,ANTECEDENTS,int8 binary,READY,SZ,V3,456,412,90.35087719298247,False
polyarthr_mhoccur,ANTECEDENTS,int8 binary,READY,SZ,V4,198,181,91.41414141414141,False
polyarthr_mhoccur,ANTECEDENTS,int8 binary,READY,DR,V0,552,64,11.594202898550725,False
polyarthr_mhoccur,ANTECEDENTS,int8 binary,READY,DR,V1,233,233,100.0,False
polyarthr_mhoccur,ANTECEDENTS,int8 binary,READY,DR,V2,135,48,35.55555555555556,False
polyarthr_mhoccur,ANTECEDENTS,int8 binary,READY,DR,V3,3,3,100.0,False
polyarthr_mhoccur,ANTECEDENTS,int8 binary,READY,DR,V4,69,33,47.82608695652174,False
inflachro_mhoccur,ANTECEDENTS,int8 binary,READY,BP,V0,6252,1718,27.479206653870765,False
inflachro_mhoccur,ANTECEDENTS,int8 binary,READY,BP,V1,3074,2380,77.42355237475603,False
inflachro_mhoccur,ANTECEDENTS,int8 binary,READY,BP,V2,2228,1710,76.75044883303411,False
inflachro_mhoccur,ANTECEDENTS,int8 binary,READY,BP,V3,1497,1143,76.35270541082164,False
inflachro_mhoccur,ANTECEDENTS,int8 binary,READY,BP,V4,512,401,78.3203125,False
inflachro_mhoccur,ANTECEDENTS,int8 binary,READY,SZ,V0,2209,539,24.400181077410593,False
inflachro_mhoccur,ANTECEDENTS,int8 binary,READY,SZ,V1,963,809,84.00830737279335,False
inflachro_mhoccur,ANTECEDENTS,int8 binary,READY,SZ,V2,595,484,81.34453781512605,False
inflachro_mhoccur,ANTECEDENTS,int8 binary,READY,SZ,V3,456,397,87.06140350877193,False
inflachro_mhoccur,ANTECEDENTS,int8 binary,READY,SZ,V4,198,179,90.40404040404042,False
inflachro_mhoccur,ANTECEDENTS,int8 binary,READY,DR,V0,552,57,10.326086956521738,False
inflachro_mhoccur,ANTECEDENTS,int8 binary,READY,DR,V1,233,233,100.0,False
inflachro_mhoccur,ANTECEDENTS,int8 binary,READY,DR,V2,135,49,36.2962962962963,False
inflachro_mhoccur,ANTECEDENTS,int8 binary,READY,DR,V3,3,2,66.66666666666666,False
inflachro_mhoccur,ANTECEDENTS,int8 binary,READY,DR,V4,69,34,49.275362318840585,False
inflachro_mhmodify,ANTECEDENTS,int8 binary,READY,BP,V0,6252,6221,99.50415866922584,False
inflachro_mhmodify,ANTECEDENTS,int8 binary,READY,BP,V1,3074,3070,99.86987638256343,False
inflachro_mhmodify,ANTECEDENTS,int8 binary,READY,BP,V2,2228,2226,99.91023339317773,False
inflachro_mhmodify,ANTECEDENTS,int8 binary,READY,BP,V3,1497,1496,99.93319973279893,False
inflachro_mhmodify,ANTECEDENTS,int8 binary,READY,BP,V4,512,512,100.0,False
inflachro_mhmodify,ANTECEDENTS,int8 binary,READY,SZ,V0,2209,2202,99.68311453146221,False
inflachro_mhmodify,ANTECEDENTS,int8 binary,READY,SZ,V1,963,962,99.89615784008308,False
inflachro_mhmodify,ANTECEDENTS,int8 binary,READY,SZ,V2,595,595,100.0,False
inflachro_mhmodify,ANTECEDENTS,int8 binary,READY,SZ,V3,456,455,99.78070175438597,False
inflachro_mhmodify,ANTECEDENTS,int8 binary,READY,SZ,V4,198,198,100.0,False
inflachro_mhmodify,ANTECEDENTS,int8 binary,READY,DR,V0,552,543,98.36956521739131,False
inflachro_mhmodify,ANTECEDENTS,int8 binary,READY,DR,V1,233,233,100.0,False
inflachro_mhmodify,ANTECEDENTS,int8 binary,READY,DR,V2,135,134,99.25925925925925,False
inflachro_mhmodify,ANTECEDENTS,int8 binary,READY,DR,V3,3,3,100.0,False
inflachro_mhmodify,ANTECEDENTS,int8 binary,READY,DR,V4,69,69,100.0,False
cirrhose_mhoccur,ANTECEDENTS,int8 binary,READY,BP,V0,6252,1726,27.607165706973767,False
cirrhose_mhoccur,ANTECEDENTS,int8 binary,READY,BP,V1,3074,2384,77.55367599219258,False
cirrhose_mhoccur,ANTECEDENTS,int8 binary,READY,BP,V2,2228,1710,76.75044883303411,False
cirrhose_mhoccur,ANTECEDENTS,int8 binary,READY,BP,V3,1497,1145,76.48630594522378,False
cirrhose_mhoccur,ANTECEDENTS,int8 binary,READY,BP,V4,512,401,78.3203125,False
cirrhose_mhoccur,ANTECEDENTS,int8 binary,READY,SZ,V0,2209,528,23.902218198279765,False
cirrhose_mhoccur,ANTECEDENTS,int8 binary,READY,SZ,V1,963,809,84.00830737279335,False
cirrhose_mhoccur,ANTECEDENTS,int8 binary,READY,SZ,V2,595,484,81.34453781512605,False
cirrhose_mhoccur,ANTECEDENTS,int8 binary,READY,SZ,V3,456,398,87.28070175438597,False
cirrhose_mhoccur,ANTECEDENTS,int8 binary,READY,SZ,V4,198,179,90.40404040404042,False
cirrhose_mhoccur,ANTECEDENTS,int8 binary,READY,DR,V0,552,59,10.68840579710145,False
cirrhose_mhoccur,ANTECEDENTS,int8 binary,READY,DR,V1,233,233,100.0,False
cirrhose_mhoccur,ANTECEDENTS,int8 binary,READY,DR,V2,135,49,36.2962962962963,False
cirrhose_mhoccur,ANTECEDENTS,int8 binary,READY,DR,V3,3,2,66.66666666666666,False
cirrhose_mhoccur,ANTECEDENTS,int8 binary,READY,DR,V4,69,34,49.275362318840585,False
ulcgasduo_mhoccur,ANTECEDENTS,int8 binary,READY,BP,V0,6252,1740,27.83109404990403,False
ulcgasduo_mhoccur,ANTECEDENTS,int8 binary,READY,BP,V1,3074,2385,77.58620689655173,False
ulcgasduo_mhoccur,ANTECEDENTS,int8 binary,READY,BP,V2,2228,1713,76.8850987432675,False
ulcgasduo_mhoccur,ANTECEDENTS,int8 binary,READY,BP,V3,1497,1146,76.55310621242485,False
ulcgasduo_mhoccur,ANTECEDENTS,int8 binary,READY,BP,V4,512,403,78.7109375,False
ulcgasduo_mhoccur,ANTECEDENTS,int8 binary,READY,SZ,V0,2209,539,24.400181077410593,False
ulcgasduo_mhoccur,ANTECEDENTS,int8 binary,READY,SZ,V1,963,811,84.2159916926272,False
ulcgasduo_mhoccur,ANTECEDENTS,int8 binary,READY,SZ,V2,595,484,81.34453781512605,False
ulcgasduo_mhoccur,ANTECEDENTS,int8 binary,READY,SZ,V3,456,398,87.28070175438597,False
ulcgasduo_mhoccur,ANTECEDENTS,int8 binary,READY,SZ,V4,198,180,90.9090909090909,False
ulcgasduo_mhoccur,ANTECEDENTS,int8 binary,READY,DR,V0,552,57,10.326086956521738,False
ulcgasduo_mhoccur,ANTECEDENTS,int8 binary,READY,DR,V1,233,233,100.0,False
ulcgasduo_mhoccur,ANTECEDENTS,int8 binary,READY,DR,V2,135,49,36.2962962962963,False
ulcgasduo_mhoccur,ANTECEDENTS,int8 binary,READY,DR,V3,3,2,66.66666666666666,False
ulcgasduo_mhoccur,ANTECEDENTS,int8 binary,READY,DR,V4,69,34,49.275362318840585,False
hepmedic_mhoccur,ANTECEDENTS,int8 binary,READY,BP,V0,6252,1752,28.023032629558543,False
hepmedic_mhoccur,ANTECEDENTS,int8 binary,READY,BP,V1,3074,2389,77.71633051398828,False
hepmedic_mhoccur,ANTECEDENTS,int8 binary,READY,BP,V2,2228,1713,76.8850987432675,False
hepmedic_mhoccur,ANTECEDENTS,int8 binary,READY,BP,V3,1497,1149,76.75350701402806,False
hepmedic_mhoccur,ANTECEDENTS,int8 binary,READY,BP,V4,512,402,78.515625,False
hepmedic_mhoccur,ANTECEDENTS,int8 binary,READY,SZ,V0,2209,532,24.083295608872792,False
hepmedic_mhoccur,ANTECEDENTS,int8 binary,READY,SZ,V1,963,810,84.11214953271028,False
hepmedic_mhoccur,ANTECEDENTS,int8 binary,READY,SZ,V2,595,484,81.34453781512605,False
hepmedic_mhoccur,ANTECEDENTS,int8 binary,READY,SZ,V3,456,398,87.28070175438597,False
hepmedic_mhoccur,ANTECEDENTS,int8 binary,READY,SZ,V4,198,178,89.8989898989899,False
hepmedic_mhoccur,ANTECEDENTS,int8 binary,READY,DR,V0,552,57,10.326086956521738,False
hepmedic_mhoccur,ANTECEDENTS,int8 binary,READY,DR,V1,233,233,100.0,False
hepmedic_mhoccur,ANTECEDENTS,int8 binary,READY,DR,V2,135,49,36.2962962962963,False
hepmedic_mhoccur,ANTECEDENTS,int8 binary,READY,DR,V3,3,2,66.66666666666666,False
hepmedic_mhoccur,ANTECEDENTS,int8 binary,READY,DR,V4,69,34,49.275362318840585,False
vih_mhoccur,ANTECEDENTS,int8 binary,READY,BP,V0,6252,1772,28.342930262316056,False
vih_mhoccur,ANTECEDENTS,int8 binary,READY,BP,V1,3074,2385,77.58620689655173,False
vih_mhoccur,ANTECEDENTS,int8 binary,READY,BP,V2,2228,1699,76.25673249551167,False
vih_mhoccur,ANTECEDENTS,int8 binary,READY,BP,V3,1497,1131,75.55110220440882,False
vih_mhoccur,ANTECEDENTS,int8 binary,READY,BP,V4,512,406,79.296875,False
vih_mhoccur,ANTECEDENTS,int8 binary,READY,SZ,V0,2209,599,27.116342236306025,False
vih_mhoccur,ANTECEDENTS,int8 binary,READY,SZ,V1,963,814,84.52751817237798,False
vih_mhoccur,ANTECEDENTS,int8 binary,READY,SZ,V2,595,481,80.84033613445378,False
vih_mhoccur,ANTECEDENTS,int8 binary,READY,SZ,V3,456,398,87.28070175438597,False
vih_mhoccur,ANTECEDENTS,int8 binary,READY,SZ,V4,198,181,91.41414141414141,False
vih_mhoccur,ANTECEDENTS,int8 binary,READY,DR,V0,552,89,16.1231884057971,False
vih_mhoccur,ANTECEDENTS,int8 binary,READY,DR,V1,233,233,100.0,False
vih_mhoccur,ANTECEDENTS,int8 binary,READY,DR,V2,135,49,36.2962962962963,False
vih_mhoccur,ANTECEDENTS,int8 binary,READY,DR,V3,3,2,66.66666666666666,False
vih_mhoccur,ANTECEDENTS,int8 binary,READY,DR,V4,69,34,49.275362318840585,False
hvc_mhoccur,ANTECEDENTS,int8 binary,READY,BP,V0,6252,1821,29.126679462571975,False
hvc_mhoccur,ANTECEDENTS,int8 binary,READY,BP,V1,3074,2396,77.94404684450228,False
hvc_mhoccur,ANTECEDENTS,int8 binary,READY,BP,V2,2228,1707,76.61579892280072,False
hvc_mhoccur,ANTECEDENTS,int8 binary,READY,BP,V3,1497,1141,76.21910487641951,False
hvc_mhoccur,ANTECEDENTS,int8 binary,READY,BP,V4,512,408,79.6875,False
hvc_mhoccur,ANTECEDENTS,int8 binary,READY,SZ,V0,2209,596,26.98053417836125,False
hvc_mhoccur,ANTECEDENTS,int8 binary,READY,SZ,V1,963,811,84.2159916926272,False
hvc_mhoccur,ANTECEDENTS,int8 binary,READY,SZ,V2,595,481,80.84033613445378,False
hvc_mhoccur,ANTECEDENTS,int8 binary,READY,SZ,V3,456,399,87.5,False
hvc_mhoccur,ANTECEDENTS,int8 binary,READY,SZ,V4,198,181,91.41414141414141,False
hvc_mhoccur,ANTECEDENTS,int8 binary,READY,DR,V0,552,84,15.217391304347828,False
hvc_mhoccur,ANTECEDENTS,int8 binary,READY,DR,V1,233,233,100.0,False
hvc_mhoccur,ANTECEDENTS,int8 binary,READY,DR,V2,135,49,36.2962962962963,False
hvc_mhoccur,ANTECEDENTS,int8 binary,READY,DR,V3,3,2,66.66666666666666,False
hvc_mhoccur,ANTECEDENTS,int8 binary,READY,DR,V4,69,34,49.275362318840585,False
hvc_mhmodify,ANTECEDENTS,category,PARTIAL,BP,V0,6252,6199,99.15227127319258,False
hvc_mhmodify,ANTECEDENTS,category,PARTIAL,BP,V1,3074,3071,99.90240728692258,False
hvc_mhmodify,ANTECEDENTS,category,PARTIAL,BP,V2,2228,2224,99.82046678635548,False
hvc_mhmodify,ANTECEDENTS,category,PARTIAL,BP,V3,1497,1495,99.86639946559787,False
hvc_mhmodify,ANTECEDENTS,category,PARTIAL,BP,V4,512,512,100.0,False
hvc_mhmodify,ANTECEDENTS,category,PARTIAL,SZ,V0,2209,2196,99.41149841557265,False
hvc_mhmodify,ANTECEDENTS,category,PARTIAL,SZ,V1,963,963,100.0,False
hvc_mhmodify,ANTECEDENTS,category,PARTIAL,SZ,V2,595,595,100.0,False
hvc_mhmodify,ANTECEDENTS,category,PARTIAL,SZ,V3,456,456,100.0,False
hvc_mhmodify,ANTECEDENTS,category,PARTIAL,SZ,V4,198,198,100.0,False
hvc_mhmodify,ANTECEDENTS,category,PARTIAL,DR,V0,552,552,,True
hvc_mhmodify,ANTECEDENTS,category,PARTIAL,DR,V1,233,233,,True
hvc_mhmodify,ANTECEDENTS,category,PARTIAL,DR,V2,135,135,,True
hvc_mhmodify,ANTECEDENTS,category,PARTIAL,DR,V3,3,3,,True
hvc_mhmodify,ANTECEDENTS,category,PARTIAL,DR,V4,69,69,,True
genetique_mhoccur,ANTECEDENTS,int8 binary,READY,BP,V0,6252,1650,26.391554702495203,False
genetique_mhoccur,ANTECEDENTS,int8 binary,READY,BP,V1,3074,2381,77.45608327911516,False
genetique_mhoccur,ANTECEDENTS,int8 binary,READY,BP,V2,2228,1702,76.39138240574506,False
genetique_mhoccur,ANTECEDENTS,int8 binary,READY,BP,V3,1497,1131,75.55110220440882,False
genetique_mhoccur,ANTECEDENTS,int8 binary,READY,BP,V4,512,404,78.90625,False
genetique_mhoccur,ANTECEDENTS,int8 binary,READY,SZ,V0,2209,545,24.671797193300137,False
genetique_mhoccur,ANTECEDENTS,int8 binary,READY,SZ,V1,963,814,84.52751817237798,False
genetique_mhoccur,ANTECEDENTS,int8 binary,READY,SZ,V2,595,481,80.84033613445378,False
genetique_mhoccur,ANTECEDENTS,int8 binary,READY,SZ,V3,456,396,86.8421052631579,False
genetique_mhoccur,ANTECEDENTS,int8 binary,READY,SZ,V4,198,181,91.41414141414141,False
genetique_mhoccur,ANTECEDENTS,int8 binary,READY,DR,V0,552,72,13.043478260869565,False
genetique_mhoccur,ANTECEDENTS,int8 binary,READY,DR,V1,233,233,100.0,False
genetique_mhoccur,ANTECEDENTS,int8 binary,READY,DR,V2,135,51,37.77777777777778,False
genetique_mhoccur,ANTECEDENTS,int8 binary,READY,DR,V3,3,2,66.66666666666666,False
genetique_mhoccur,ANTECEDENTS,int8 binary,READY,DR,V4,69,34,49.275362318840585,False
genetique_mhmodify,ANTECEDENTS,string,READY,BP,V0,6252,6179,98.83237364043505,False
genetique_mhmodify,ANTECEDENTS,string,READY,BP,V1,3074,3065,99.70722186076773,False
genetique_mhmodify,ANTECEDENTS,string,READY,BP,V2,2228,2225,99.86535008976661,False
genetique_mhmodify,ANTECEDENTS,string,READY,BP,V3,1497,1493,99.73279893119572,False
genetique_mhmodify,ANTECEDENTS,string,READY,BP,V4,512,511,99.8046875,False
genetique_mhmodify,ANTECEDENTS,string,READY,SZ,V0,2209,2182,98.77772747849706,False
genetique_mhmodify,ANTECEDENTS,string,READY,SZ,V1,963,963,100.0,False
genetique_mhmodify,ANTECEDENTS,string,READY,SZ,V2,595,595,100.0,False
genetique_mhmodify,ANTECEDENTS,string,READY,SZ,V3,456,455,99.78070175438597,False
genetique_mhmodify,ANTECEDENTS,string,READY,SZ,V4,198,198,100.0,False
genetique_mhmodify,ANTECEDENTS,string,READY,DR,V0,552,548,99.27536231884058,False
genetique_mhmodify,ANTECEDENTS,string,READY,DR,V1,233,233,100.0,False
genetique_mhmodify,ANTECEDENTS,string,READY,DR,V2,135,135,100.0,False
genetique_mhmodify,ANTECEDENTS,string,READY,DR,V3,3,3,100.0,False
genetique_mhmodify,ANTECEDENTS,string,READY,DR,V4,69,68,98.55072463768117,False
pregnn_rporres,ANTECEDENTS,float,READY,BP,V0,6252,4251,67.99424184261036,False
pregnn_rporres,ANTECEDENTS,float,READY,BP,V1,3074,2820,91.73715029277814,False
pregnn_rporres,ANTECEDENTS,float,READY,BP,V2,2228,2029,91.06822262118493,False
pregnn_rporres,ANTECEDENTS,float,READY,BP,V3,1497,1360,90.84836339345357,False
pregnn_rporres,ANTECEDENTS,float,READY,BP,V4,512,467,91.2109375,False
pregnn_rporres,ANTECEDENTS,float,READY,SZ,V0,2209,1613,73.01946582163875,False
pregnn_rporres,ANTECEDENTS,float,READY,SZ,V1,963,932,96.78089304257529,False
pregnn_rporres,ANTECEDENTS,float,READY,SZ,V2,595,566,95.12605042016806,False
pregnn_rporres,ANTECEDENTS,float,READY,SZ,V3,456,439,96.27192982456141,False
pregnn_rporres,ANTECEDENTS,float,READY,SZ,V4,198,194,97.97979797979798,False
pregnn_rporres,ANTECEDENTS,float,READY,DR,V0,552,281,50.90579710144928,False
pregnn_rporres,ANTECEDENTS,float,READY,DR,V1,233,233,100.0,False
pregnn_rporres,ANTECEDENTS,float,READY,DR,V2,135,78,57.77777777777777,False
pregnn_rporres,ANTECEDENTS,float,READY,DR,V3,3,3,100.0,False
pregnn_rporres,ANTECEDENTS,float,READY,DR,V4,69,40,57.971014492753625,False
menostat_rporres,ANTECEDENTS,int8 binary,READY,BP,V0,6252,2947,47.136916186820216,False
menostat_rporres,ANTECEDENTS,int8 binary,READY,BP,V1,3074,2645,86.04424202992843,False
menostat_rporres,ANTECEDENTS,int8 binary,READY,BP,V2,2228,1912,85.81687612208259,False
menostat_rporres,ANTECEDENTS,int8 binary,READY,BP,V3,1497,1281,85.57114228456913,False
menostat_rporres,ANTECEDENTS,int8 binary,READY,BP,V4,512,439,85.7421875,False
menostat_rporres,ANTECEDENTS,int8 binary,READY,SZ,V0,2209,1618,73.24581258488003,False
menostat_rporres,ANTECEDENTS,int8 binary,READY,SZ,V1,963,926,96.15784008307374,False
menostat_rporres,ANTECEDENTS,int8 binary,READY,SZ,V2,595,569,95.63025210084034,False
menostat_rporres,ANTECEDENTS,int8 binary,READY,SZ,V3,456,440,96.49122807017544,False
menostat_rporres,ANTECEDENTS,int8 binary,READY,SZ,V4,198,194,97.97979797979798,False
menostat_rporres,ANTECEDENTS,int8 binary,READY,DR,V0,552,273,49.45652173913043,False
menostat_rporres,ANTECEDENTS,int8 binary,READY,DR,V1,233,233,100.0,False
menostat_rporres,ANTECEDENTS,int8 binary,READY,DR,V2,135,78,57.77777777777777,False
menostat_rporres,ANTECEDENTS,int8 binary,READY,DR,V3,3,3,100.0,False
menostat_rporres,ANTECEDENTS,int8 binary,READY,DR,V4,69,40,57.971014492753625,False
hormonal_rporres,ANTECEDENTS,int8 binary,READY,BP,V0,6252,5714,91.39475367882278,False
hormonal_rporres,ANTECEDENTS,int8 binary,READY,BP,V1,3074,3008,97.85296031229667,False
hormonal_rporres,ANTECEDENTS,int8 binary,READY,BP,V2,2228,2166,97.21723518850987,False
hormonal_rporres,ANTECEDENTS,int8 binary,READY,BP,V3,1497,1455,97.1943887775551,False
hormonal_rporres,ANTECEDENTS,int8 binary,READY,BP,V4,512,503,98.2421875,False
hormonal_rporres,ANTECEDENTS,int8 binary,READY,SZ,V0,2209,2181,98.7324581258488,False
hormonal_rporres,ANTECEDENTS,int8 binary,READY,SZ,V1,963,962,99.89615784008308,False
hormonal_rporres,ANTECEDENTS,int8 binary,READY,SZ,V2,595,592,99.49579831932773,False
hormonal_rporres,ANTECEDENTS,int8 binary,READY,SZ,V3,456,456,100.0,False
hormonal_rporres,ANTECEDENTS,int8 binary,READY,SZ,V4,198,198,100.0,False
hormonal_rporres,ANTECEDENTS,int8 binary,READY,DR,V0,552,271,49.094202898550726,False
hormonal_rporres,ANTECEDENTS,int8 binary,READY,DR,V1,233,233,100.0,False
hormonal_rporres,ANTECEDENTS,int8 binary,READY,DR,V2,135,78,57.77777777777777,False
hormonal_rporres,ANTECEDENTS,int8 binary,READY,DR,V3,3,3,100.0,False
hormonal_rporres,ANTECEDENTS,int8 binary,READY,DR,V4,69,40,57.971014492753625,False
mere_structure,ANTECEDENTS,int8 binary,READY,BP,V0,6252,1065,17.034548944337814,False
mere_structure,ANTECEDENTS,int8 binary,READY,BP,V1,3074,3038,98.82888744307091,False
mere_structure,ANTECEDENTS,int8 binary,READY,BP,V2,2228,2041,91.6068222621185,False
mere_structure,ANTECEDENTS,int8 binary,READY,BP,V3,1497,1474,98.46359385437542,False
mere_structure,ANTECEDENTS,int8 binary,READY,BP,V4,512,488,95.3125,False
mere_structure,ANTECEDENTS,int8 binary,READY,SZ,V0,2209,312,14.124038026256224,False
mere_structure,ANTECEDENTS,int8 binary,READY,SZ,V1,963,928,96.36552440290758,False
mere_structure,ANTECEDENTS,int8 binary,READY,SZ,V2,595,584,98.15126050420167,False
mere_structure,ANTECEDENTS,int8 binary,READY,SZ,V3,456,453,99.3421052631579,False
mere_structure,ANTECEDENTS,int8 binary,READY,SZ,V4,198,198,100.0,False
mere_structure,ANTECEDENTS,int8 binary,READY,DR,V0,552,87,15.760869565217392,False
mere_structure,ANTECEDENTS,int8 binary,READY,DR,V1,233,233,100.0,False
mere_structure,ANTECEDENTS,int8 binary,READY,DR,V2,135,135,100.0,False
mere_structure,ANTECEDENTS,int8 binary,READY,DR,V3,3,3,100.0,False
mere_structure,ANTECEDENTS,int8 binary,READY,DR,V4,69,69,100.0,False
mere_trouble,ANTECEDENTS,int8 categorical,PARTIAL,BP,V0,6252,3538,56.58989123480487,False
mere_trouble,ANTECEDENTS,int8 categorical,PARTIAL,BP,V1,3074,3057,99.4469746258946,False
mere_trouble,ANTECEDENTS,int8 categorical,PARTIAL,BP,V2,2228,2150,96.49910233393177,False
mere_trouble,ANTECEDENTS,int8 categorical,PARTIAL,BP,V3,1497,1483,99.06479625918504,False
mere_trouble,ANTECEDENTS,int8 categorical,PARTIAL,BP,V4,512,501,97.8515625,False
mere_trouble,ANTECEDENTS,int8 categorical,PARTIAL,SZ,V0,2209,1641,74.28700769578995,False
mere_trouble,ANTECEDENTS,int8 categorical,PARTIAL,SZ,V1,963,952,98.85773624091381,False
mere_trouble,ANTECEDENTS,int8 categorical,PARTIAL,SZ,V2,595,590,99.15966386554622,False
mere_trouble,ANTECEDENTS,int8 categorical,PARTIAL,SZ,V3,456,454,99.56140350877193,False
mere_trouble,ANTECEDENTS,int8 categorical,PARTIAL,SZ,V4,198,198,100.0,False
mere_trouble,ANTECEDENTS,int8 categorical,PARTIAL,DR,V0,552,394,71.37681159420289,False
mere_trouble,ANTECEDENTS,int8 categorical,PARTIAL,DR,V1,233,233,100.0,False
mere_trouble,ANTECEDENTS,int8 categorical,PARTIAL,DR,V2,135,135,100.0,False
mere_trouble,ANTECEDENTS,int8 categorical,PARTIAL,DR,V3,3,3,100.0,False
mere_trouble,ANTECEDENTS,int8 categorical,PARTIAL,DR,V4,69,69,100.0,False
mere_suicide,ANTECEDENTS,int8 categorical,READY,BP,V0,6252,3576,57.19769673704415,False
mere_suicide,ANTECEDENTS,int8 categorical,READY,BP,V1,3074,3058,99.47950553025375,False
mere_suicide,ANTECEDENTS,int8 categorical,READY,BP,V2,2228,2151,96.54398563734291,False
mere_suicide,ANTECEDENTS,int8 categorical,READY,BP,V3,1497,1482,98.99799599198397,False
mere_suicide,ANTECEDENTS,int8 categorical,READY,BP,V4,512,501,97.8515625,False
mere_suicide,ANTECEDENTS,int8 categorical,READY,SZ,V0,2209,1641,74.28700769578995,False
mere_suicide,ANTECEDENTS,int8 categorical,READY,SZ,V1,963,951,98.75389408099689,False
mere_suicide,ANTECEDENTS,int8 categorical,READY,SZ,V2,595,590,99.15966386554622,False
mere_suicide,ANTECEDENTS,int8 categorical,READY,SZ,V3,456,454,99.56140350877193,False
mere_suicide,ANTECEDENTS,int8 categorical,READY,SZ,V4,198,198,100.0,False
mere_suicide,ANTECEDENTS,int8 categorical,READY,DR,V0,552,369,66.84782608695652,False
mere_suicide,ANTECEDENTS,int8 categorical,READY,DR,V1,233,233,100.0,False
mere_suicide,ANTECEDENTS,int8 categorical,READY,DR,V2,135,135,100.0,False
mere_suicide,ANTECEDENTS,int8 categorical,READY,DR,V3,3,3,100.0,False
mere_suicide,ANTECEDENTS,int8 categorical,READY,DR,V4,69,69,100.0,False
pere_structure,ANTECEDENTS,int8 binary,READY,BP,V0,6252,1267,20.265515035188738,False
pere_structure,ANTECEDENTS,int8 binary,READY,BP,V1,3074,3039,98.86141834743006,False
pere_structure,ANTECEDENTS,int8 binary,READY,BP,V2,2228,2051,92.0556552962298,False
pere_structure,ANTECEDENTS,int8 binary,READY,BP,V3,1497,1472,98.32999331997327,False
pere_structure,ANTECEDENTS,int8 binary,READY,BP,V4,512,492,96.09375,False
pere_structure,ANTECEDENTS,int8 binary,READY,SZ,V0,2209,387,17.51923947487551,False
pere_structure,ANTECEDENTS,int8 binary,READY,SZ,V1,963,927,96.26168224299066,False
pere_structure,ANTECEDENTS,int8 binary,READY,SZ,V2,595,584,98.15126050420167,False
pere_structure,ANTECEDENTS,int8 binary,READY,SZ,V3,456,453,99.3421052631579,False
pere_structure,ANTECEDENTS,int8 binary,READY,SZ,V4,198,198,100.0,False
pere_structure,ANTECEDENTS,int8 binary,READY,DR,V0,552,97,17.57246376811594,False
pere_structure,ANTECEDENTS,int8 binary,READY,DR,V1,233,233,100.0,False
pere_structure,ANTECEDENTS,int8 binary,READY,DR,V2,135,135,100.0,False
pere_structure,ANTECEDENTS,int8 binary,READY,DR,V3,3,3,100.0,False
pere_structure,ANTECEDENTS,int8 binary,READY,DR,V4,69,69,100.0,False
pere_trouble,ANTECEDENTS,int8 categorical,PARTIAL,BP,V0,6252,3944,63.08381317978247,False
pere_trouble,ANTECEDENTS,int8 categorical,PARTIAL,BP,V1,3074,3064,99.67469095640858,False
pere_trouble,ANTECEDENTS,int8 categorical,PARTIAL,BP,V2,2228,2166,97.21723518850987,False
pere_trouble,ANTECEDENTS,int8 categorical,PARTIAL,BP,V3,1497,1488,99.39879759519037,False
pere_trouble,ANTECEDENTS,int8 categorical,PARTIAL,BP,V4,512,505,98.6328125,False
pere_trouble,ANTECEDENTS,int8 categorical,PARTIAL,SZ,V0,2209,1694,76.68628338614758,False
pere_trouble,ANTECEDENTS,int8 categorical,PARTIAL,SZ,V1,963,953,98.96157840083075,False
pere_trouble,ANTECEDENTS,int8 categorical,PARTIAL,SZ,V2,595,590,99.15966386554622,False
pere_trouble,ANTECEDENTS,int8 categorical,PARTIAL,SZ,V3,456,455,99.78070175438597,False
pere_trouble,ANTECEDENTS,int8 categorical,PARTIAL,SZ,V4,198,198,100.0,False
pere_trouble,ANTECEDENTS,int8 categorical,PARTIAL,DR,V0,552,477,86.41304347826086,False
pere_trouble,ANTECEDENTS,int8 categorical,PARTIAL,DR,V1,233,233,100.0,False
pere_trouble,ANTECEDENTS,int8 categorical,PARTIAL,DR,V2,135,135,100.0,False
pere_trouble,ANTECEDENTS,int8 categorical,PARTIAL,DR,V3,3,3,100.0,False
pere_trouble,ANTECEDENTS,int8 categorical,PARTIAL,DR,V4,69,69,100.0,False
pere_suicide,ANTECEDENTS,int8 categorical,READY,BP,V0,6252,3866,61.836212412028146,False
pere_suicide,ANTECEDENTS,int8 categorical,READY,BP,V1,3074,3061,99.57709824333116,False
pere_suicide,ANTECEDENTS,int8 categorical,READY,BP,V2,2228,2162,97.03770197486536,False
pere_suicide,ANTECEDENTS,int8 categorical,READY,BP,V3,1497,1487,99.33199732798931,False
pere_suicide,ANTECEDENTS,int8 categorical,READY,BP,V4,512,506,98.828125,False
pere_suicide,ANTECEDENTS,int8 categorical,READY,SZ,V0,2209,1642,74.33227704843821,False
pere_suicide,ANTECEDENTS,int8 categorical,READY,SZ,V1,963,953,98.96157840083075,False
pere_suicide,ANTECEDENTS,int8 categorical,READY,SZ,V2,595,590,99.15966386554622,False
pere_suicide,ANTECEDENTS,int8 categorical,READY,SZ,V3,456,455,99.78070175438597,False
pere_suicide,ANTECEDENTS,int8 categorical,READY,SZ,V4,198,198,100.0,False
pere_suicide,ANTECEDENTS,int8 categorical,READY,DR,V0,552,424,76.81159420289855,False
pere_suicide,ANTECEDENTS,int8 categorical,READY,DR,V1,233,233,100.0,False
pere_suicide,ANTECEDENTS,int8 categorical,READY,DR,V2,135,135,100.0,False
pere_suicide,ANTECEDENTS,int8 categorical,READY,DR,V3,3,3,100.0,False
pere_suicide,ANTECEDENTS,int8 categorical,READY,DR,V4,69,69,100.0,False
agedebut_hospitalisation,SOIN SUIVI HOSP ARRET TRAVAIL,float,READY,BP,V0,6252,2539,40.61100447856686,False
agedebut_hospitalisation,SOIN SUIVI HOSP ARRET TRAVAIL,float,READY,BP,V1,3074,3074,100.0,False
agedebut_hospitalisation,SOIN SUIVI HOSP ARRET TRAVAIL,float,READY,BP,V2,2228,2228,100.0,False
agedebut_hospitalisation,SOIN SUIVI HOSP ARRET TRAVAIL,float,READY,BP,V3,1497,1497,100.0,False
agedebut_hospitalisation,SOIN SUIVI HOSP ARRET TRAVAIL,float,READY,BP,V4,512,512,100.0,False
agedebut_hospitalisation,SOIN SUIVI HOSP ARRET TRAVAIL,float,READY,SZ,V0,2209,480,21.72928927116342,False
agedebut_hospitalisation,SOIN SUIVI HOSP ARRET TRAVAIL,float,READY,SZ,V1,963,963,100.0,False
agedebut_hospitalisation,SOIN SUIVI HOSP ARRET TRAVAIL,float,READY,SZ,V2,595,595,100.0,False
agedebut_hospitalisation,SOIN SUIVI HOSP ARRET TRAVAIL,float,READY,SZ,V3,456,456,100.0,False
agedebut_hospitalisation,SOIN SUIVI HOSP ARRET TRAVAIL,float,READY,SZ,V4,198,198,100.0,False
agedebut_hospitalisation,SOIN SUIVI HOSP ARRET TRAVAIL,float,READY,DR,V0,552,308,55.79710144927537,False
agedebut_hospitalisation,SOIN SUIVI HOSP ARRET TRAVAIL,float,READY,DR,V1,233,233,100.0,False
agedebut_hospitalisation,SOIN SUIVI HOSP ARRET TRAVAIL,float,READY,DR,V2,135,135,100.0,False
agedebut_hospitalisation,SOIN SUIVI HOSP ARRET TRAVAIL,float,READY,DR,V3,3,3,100.0,False
agedebut_hospitalisation,SOIN SUIVI HOSP ARRET TRAVAIL,float,READY,DR,V4,69,69,100.0,False
nboccur_hospitalisation_lt,SOIN SUIVI HOSP ARRET TRAVAIL,float,READY,BP,V0,6252,1449,23.17658349328215,False
nboccur_hospitalisation_lt,SOIN SUIVI HOSP ARRET TRAVAIL,float,READY,BP,V1,3074,832,27.065712426805465,False
nboccur_hospitalisation_lt,SOIN SUIVI HOSP ARRET TRAVAIL,float,READY,BP,V2,2228,604,27.109515260323157,False
nboccur_hospitalisation_lt,SOIN SUIVI HOSP ARRET TRAVAIL,float,READY,BP,V3,1497,369,24.649298597194388,False
nboccur_hospitalisation_lt,SOIN SUIVI HOSP ARRET TRAVAIL,float,READY,BP,V4,512,186,36.328125,False
nboccur_hospitalisation_lt,SOIN SUIVI HOSP ARRET TRAVAIL,float,READY,SZ,V0,2209,521,23.585332729741964,False
nboccur_hospitalisation_lt,SOIN SUIVI HOSP ARRET TRAVAIL,float,READY,SZ,V1,963,963,100.0,False
nboccur_hospitalisation_lt,SOIN SUIVI HOSP ARRET TRAVAIL,float,READY,SZ,V2,595,595,100.0,False
nboccur_hospitalisation_lt,SOIN SUIVI HOSP ARRET TRAVAIL,float,READY,SZ,V3,456,456,100.0,False
nboccur_hospitalisation_lt,SOIN SUIVI HOSP ARRET TRAVAIL,float,READY,SZ,V4,198,198,100.0,False
nboccur_hospitalisation_lt,SOIN SUIVI HOSP ARRET TRAVAIL,float,READY,DR,V0,552,289,52.35507246376812,False
nboccur_hospitalisation_lt,SOIN SUIVI HOSP ARRET TRAVAIL,float,READY,DR,V1,233,233,100.0,False
nboccur_hospitalisation_lt,SOIN SUIVI HOSP ARRET TRAVAIL,float,READY,DR,V2,135,135,100.0,False
nboccur_hospitalisation_lt,SOIN SUIVI HOSP ARRET TRAVAIL,float,READY,DR,V3,3,3,100.0,False
nboccur_hospitalisation_lt,SOIN SUIVI HOSP ARRET TRAVAIL,float,READY,DR,V4,69,69,100.0,False
hodur_hospitalisation_lt,SOIN SUIVI HOSP ARRET TRAVAIL,float,READY,BP,V0,6252,3024,48.368522072936656,False
hodur_hospitalisation_lt,SOIN SUIVI HOSP ARRET TRAVAIL,float,READY,BP,V1,3074,1217,39.59011060507482,False
hodur_hospitalisation_lt,SOIN SUIVI HOSP ARRET TRAVAIL,float,READY,BP,V2,2228,890,39.94614003590664,False
hodur_hospitalisation_lt,SOIN SUIVI HOSP ARRET TRAVAIL,float,READY,BP,V3,1497,572,38.20975283901136,False
hodur_hospitalisation_lt,SOIN SUIVI HOSP ARRET TRAVAIL,float,READY,BP,V4,512,254,49.609375,False
hodur_hospitalisation_lt,SOIN SUIVI HOSP ARRET TRAVAIL,float,READY,SZ,V0,2209,751,33.9972838388411,False
hodur_hospitalisation_lt,SOIN SUIVI HOSP ARRET TRAVAIL,float,READY,SZ,V1,963,963,100.0,False
hodur_hospitalisation_lt,SOIN SUIVI HOSP ARRET TRAVAIL,float,READY,SZ,V2,595,595,100.0,False
hodur_hospitalisation_lt,SOIN SUIVI HOSP ARRET TRAVAIL,float,READY,SZ,V3,456,456,100.0,False
hodur_hospitalisation_lt,SOIN SUIVI HOSP ARRET TRAVAIL,float,READY,SZ,V4,198,198,100.0,False
hodur_hospitalisation_lt,SOIN SUIVI HOSP ARRET TRAVAIL,float,READY,DR,V0,552,322,58.333333333333336,False
hodur_hospitalisation_lt,SOIN SUIVI HOSP ARRET TRAVAIL,float,READY,DR,V1,233,233,100.0,False
hodur_hospitalisation_lt,SOIN SUIVI HOSP ARRET TRAVAIL,float,READY,DR,V2,135,135,100.0,False
hodur_hospitalisation_lt,SOIN SUIVI HOSP ARRET TRAVAIL,float,READY,DR,V3,3,3,100.0,False
hodur_hospitalisation_lt,SOIN SUIVI HOSP ARRET TRAVAIL,float,READY,DR,V4,69,69,100.0,False
hooccur_arret_travail_actuel,SOIN SUIVI HOSP ARRET TRAVAIL,int8 binary,READY,BP,V0,6252,2895,46.30518234165067,False
hooccur_arret_travail_actuel,SOIN SUIVI HOSP ARRET TRAVAIL,int8 binary,READY,BP,V1,3074,3074,100.0,False
hooccur_arret_travail_actuel,SOIN SUIVI HOSP ARRET TRAVAIL,int8 binary,READY,BP,V2,2228,2228,100.0,False
hooccur_arret_travail_actuel,SOIN SUIVI HOSP ARRET TRAVAIL,int8 binary,READY,BP,V3,1497,1497,100.0,False
hooccur_arret_travail_actuel,SOIN SUIVI HOSP ARRET TRAVAIL,int8 binary,READY,BP,V4,512,512,100.0,False
hooccur_arret_travail_actuel,SOIN SUIVI HOSP ARRET TRAVAIL,int8 binary,READY,SZ,V0,2209,1397,63.24128564961521,False
hooccur_arret_travail_actuel,SOIN SUIVI HOSP ARRET TRAVAIL,int8 binary,READY,SZ,V1,963,963,100.0,False
hooccur_arret_travail_actuel,SOIN SUIVI HOSP ARRET TRAVAIL,int8 binary,READY,SZ,V2,595,595,100.0,False
hooccur_arret_travail_actuel,SOIN SUIVI HOSP ARRET TRAVAIL,int8 binary,READY,SZ,V3,456,456,100.0,False
hooccur_arret_travail_actuel,SOIN SUIVI HOSP ARRET TRAVAIL,int8 binary,READY,SZ,V4,198,198,100.0,False
hooccur_arret_travail_actuel,SOIN SUIVI HOSP ARRET TRAVAIL,int8 binary,READY,DR,V0,552,247,44.7463768115942,False
hooccur_arret_travail_actuel,SOIN SUIVI HOSP ARRET TRAVAIL,int8 binary,READY,DR,V1,233,233,100.0,False
hooccur_arret_travail_actuel,SOIN SUIVI HOSP ARRET TRAVAIL,int8 binary,READY,DR,V2,135,85,62.96296296296296,False
hooccur_arret_travail_actuel,SOIN SUIVI HOSP ARRET TRAVAIL,int8 binary,READY,DR,V3,3,1,33.33333333333333,False
hooccur_arret_travail_actuel,SOIN SUIVI HOSP ARRET TRAVAIL,int8 binary,READY,DR,V4,69,46,66.66666666666666,False
hooccur_arret_travail,SOIN SUIVI HOSP ARRET TRAVAIL,int8 binary,PARTIAL,BP,V0,6252,2363,37.795905310300704,False
hooccur_arret_travail,SOIN SUIVI HOSP ARRET TRAVAIL,int8 binary,PARTIAL,BP,V1,3074,3074,100.0,False
hooccur_arret_travail,SOIN SUIVI HOSP ARRET TRAVAIL,int8 binary,PARTIAL,BP,V2,2228,2228,100.0,False
hooccur_arret_travail,SOIN SUIVI HOSP ARRET TRAVAIL,int8 binary,PARTIAL,BP,V3,1497,1497,100.0,False
hooccur_arret_travail,SOIN SUIVI HOSP ARRET TRAVAIL,int8 binary,PARTIAL,BP,V4,512,512,100.0,False
hooccur_arret_travail,SOIN SUIVI HOSP ARRET TRAVAIL,int8 binary,PARTIAL,SZ,V0,2209,2209,,True
hooccur_arret_travail,SOIN SUIVI HOSP ARRET TRAVAIL,int8 binary,PARTIAL,SZ,V1,963,963,,True
hooccur_arret_travail,SOIN SUIVI HOSP ARRET TRAVAIL,int8 binary,PARTIAL,SZ,V2,595,595,,True
hooccur_arret_travail,SOIN SUIVI HOSP ARRET TRAVAIL,int8 binary,PARTIAL,SZ,V3,456,456,,True
hooccur_arret_travail,SOIN SUIVI HOSP ARRET TRAVAIL,int8 binary,PARTIAL,SZ,V4,198,198,,True
hooccur_arret_travail,SOIN SUIVI HOSP ARRET TRAVAIL,int8 binary,PARTIAL,DR,V0,552,251,45.471014492753625,False
hooccur_arret_travail,SOIN SUIVI HOSP ARRET TRAVAIL,int8 binary,PARTIAL,DR,V1,233,233,100.0,False
hooccur_arret_travail,SOIN SUIVI HOSP ARRET TRAVAIL,int8 binary,PARTIAL,DR,V2,135,87,64.44444444444444,False
hooccur_arret_travail,SOIN SUIVI HOSP ARRET TRAVAIL,int8 binary,PARTIAL,DR,V3,3,1,33.33333333333333,False
hooccur_arret_travail,SOIN SUIVI HOSP ARRET TRAVAIL,int8 binary,PARTIAL,DR,V4,69,47,68.11594202898551,False
hodur_arret_travail,SOIN SUIVI HOSP ARRET TRAVAIL,float,PARTIAL,BP,V0,6252,4008,64.10748560460652,False
hodur_arret_travail,SOIN SUIVI HOSP ARRET TRAVAIL,float,PARTIAL,BP,V1,3074,3074,100.0,False
hodur_arret_travail,SOIN SUIVI HOSP ARRET TRAVAIL,float,PARTIAL,BP,V2,2228,2228,100.0,False
hodur_arret_travail,SOIN SUIVI HOSP ARRET TRAVAIL,float,PARTIAL,BP,V3,1497,1497,100.0,False
hodur_arret_travail,SOIN SUIVI HOSP ARRET TRAVAIL,float,PARTIAL,BP,V4,512,512,100.0,False
hodur_arret_travail,SOIN SUIVI HOSP ARRET TRAVAIL,float,PARTIAL,SZ,V0,2209,2209,,True
hodur_arret_travail,SOIN SUIVI HOSP ARRET TRAVAIL,float,PARTIAL,SZ,V1,963,963,,True
hodur_arret_travail,SOIN SUIVI HOSP ARRET TRAVAIL,float,PARTIAL,SZ,V2,595,595,,True
hodur_arret_travail,SOIN SUIVI HOSP ARRET TRAVAIL,float,PARTIAL,SZ,V3,456,456,,True
hodur_arret_travail,SOIN SUIVI HOSP ARRET TRAVAIL,float,PARTIAL,SZ,V4,198,198,,True
hodur_arret_travail,SOIN SUIVI HOSP ARRET TRAVAIL,float,PARTIAL,DR,V0,552,378,68.47826086956522,False
hodur_arret_travail,SOIN SUIVI HOSP ARRET TRAVAIL,float,PARTIAL,DR,V1,233,233,100.0,False
hodur_arret_travail,SOIN SUIVI HOSP ARRET TRAVAIL,float,PARTIAL,DR,V2,135,121,89.62962962962962,False
hodur_arret_travail,SOIN SUIVI HOSP ARRET TRAVAIL,float,PARTIAL,DR,V3,3,3,100.0,False
hodur_arret_travail,SOIN SUIVI HOSP ARRET TRAVAIL,float,PARTIAL,DR,V4,69,63,91.30434782608695,False
hodur_arret_travail_actuel,SOIN SUIVI HOSP ARRET TRAVAIL,int8 binary,PARTIAL,BP,V0,6252,5555,88.85156749840051,False
hodur_arret_travail_actuel,SOIN SUIVI HOSP ARRET TRAVAIL,int8 binary,PARTIAL,BP,V1,3074,3074,100.0,False
hodur_arret_travail_actuel,SOIN SUIVI HOSP ARRET TRAVAIL,int8 binary,PARTIAL,BP,V2,2228,2228,100.0,False
hodur_arret_travail_actuel,SOIN SUIVI HOSP ARRET TRAVAIL,int8 binary,PARTIAL,BP,V3,1497,1497,100.0,False
hodur_arret_travail_actuel,SOIN SUIVI HOSP ARRET TRAVAIL,int8 binary,PARTIAL,BP,V4,512,512,100.0,False
hodur_arret_travail_actuel,SOIN SUIVI HOSP ARRET TRAVAIL,int8 binary,PARTIAL,SZ,V0,2209,2209,,True
hodur_arret_travail_actuel,SOIN SUIVI HOSP ARRET TRAVAIL,int8 binary,PARTIAL,SZ,V1,963,963,,True
hodur_arret_travail_actuel,SOIN SUIVI HOSP ARRET TRAVAIL,int8 binary,PARTIAL,SZ,V2,595,595,,True
hodur_arret_travail_actuel,SOIN SUIVI HOSP ARRET TRAVAIL,int8 binary,PARTIAL,SZ,V3,456,456,,True
hodur_arret_travail_actuel,SOIN SUIVI HOSP ARRET TRAVAIL,int8 binary,PARTIAL,SZ,V4,198,198,,True
hodur_arret_travail_actuel,SOIN SUIVI HOSP ARRET TRAVAIL,int8 binary,PARTIAL,DR,V0,552,382,69.20289855072464,False
hodur_arret_travail_actuel,SOIN SUIVI HOSP ARRET TRAVAIL,int8 binary,PARTIAL,DR,V1,233,233,100.0,False
hodur_arret_travail_actuel,SOIN SUIVI HOSP ARRET TRAVAIL,int8 binary,PARTIAL,DR,V2,135,123,91.11111111111111,False
hodur_arret_travail_actuel,SOIN SUIVI HOSP ARRET TRAVAIL,int8 binary,PARTIAL,DR,V3,3,3,100.0,False
hodur_arret_travail_actuel,SOIN SUIVI HOSP ARRET TRAVAIL,int8 binary,PARTIAL,DR,V4,69,64,92.7536231884058,False
maristat,SOCIAL,int8 categorical,READY,BP,V0,6252,1464,23.41650671785029,False
maristat,SOCIAL,int8 categorical,READY,BP,V1,3074,3074,100.0,False
maristat,SOCIAL,int8 categorical,READY,BP,V2,2228,2228,100.0,False
maristat,SOCIAL,int8 categorical,READY,BP,V3,1497,1497,100.0,False
maristat,SOCIAL,int8 categorical,READY,BP,V4,512,512,100.0,False
maristat,SOCIAL,int8 categorical,READY,SZ,V0,2209,557,25.215029425079223,False
maristat,SOCIAL,int8 categorical,READY,SZ,V1,963,963,100.0,False
maristat,SOCIAL,int8 categorical,READY,SZ,V2,595,595,100.0,False
maristat,SOCIAL,int8 categorical,READY,SZ,V3,456,456,100.0,False
maristat,SOCIAL,int8 categorical,READY,SZ,V4,198,198,100.0,False
maristat,SOCIAL,int8 categorical,READY,DR,V0,552,107,19.384057971014492,False
maristat,SOCIAL,int8 categorical,READY,DR,V1,233,233,100.0,False
maristat,SOCIAL,int8 categorical,READY,DR,V2,135,42,31.11111111111111,False
maristat,SOCIAL,int8 categorical,READY,DR,V3,3,1,33.33333333333333,False
maristat,SOCIAL,int8 categorical,READY,DR,V4,69,10,14.492753623188406,False
edulevel,SOCIAL,float,READY,BP,V0,6252,2215,35.428662827895074,False
edulevel,SOCIAL,float,READY,BP,V1,3074,3074,100.0,False
edulevel,SOCIAL,float,READY,BP,V2,2228,2228,100.0,False
edulevel,SOCIAL,float,READY,BP,V3,1497,1497,100.0,False
edulevel,SOCIAL,float,READY,BP,V4,512,512,100.0,False
edulevel,SOCIAL,float,READY,SZ,V0,2209,759,34.359438660027166,False
edulevel,SOCIAL,float,READY,SZ,V1,963,963,100.0,False
edulevel,SOCIAL,float,READY,SZ,V2,595,595,100.0,False
edulevel,SOCIAL,float,READY,SZ,V3,456,456,100.0,False
edulevel,SOCIAL,float,READY,SZ,V4,198,198,100.0,False
edulevel,SOCIAL,float,READY,DR,V0,552,111,20.108695652173914,False
edulevel,SOCIAL,float,READY,DR,V1,233,233,100.0,False
edulevel,SOCIAL,float,READY,DR,V2,135,44,32.592592592592595,False
edulevel,SOCIAL,float,READY,DR,V3,3,1,33.33333333333333,False
edulevel,SOCIAL,float,READY,DR,V4,69,14,20.28985507246377,False
stprof,SOCIAL,int8 categorical,READY,BP,V0,6252,1414,22.616762635956494,False
stprof,SOCIAL,int8 categorical,READY,BP,V1,3074,3074,100.0,False
stprof,SOCIAL,int8 categorical,READY,BP,V2,2228,2228,100.0,False
stprof,SOCIAL,int8 categorical,READY,BP,V3,1497,1497,100.0,False
stprof,SOCIAL,int8 categorical,READY,BP,V4,512,512,100.0,False
stprof,SOCIAL,int8 categorical,READY,SZ,V0,2209,956,43.277501131733814,False
stprof,SOCIAL,int8 categorical,READY,SZ,V1,963,963,100.0,False
stprof,SOCIAL,int8 categorical,READY,SZ,V2,595,595,100.0,False
stprof,SOCIAL,int8 categorical,READY,SZ,V3,456,456,100.0,False
stprof,SOCIAL,int8 categorical,READY,SZ,V4,198,198,100.0,False
stprof,SOCIAL,int8 categorical,READY,DR,V0,552,108,19.565217391304348,False
stprof,SOCIAL,int8 categorical,READY,DR,V1,233,233,100.0,False
stprof,SOCIAL,int8 categorical,READY,DR,V2,135,42,31.11111111111111,False
stprof,SOCIAL,int8 categorical,READY,DR,V3,3,1,33.33333333333333,False
stprof,SOCIAL,int8 categorical,READY,DR,V4,69,10,14.492753623188406,False
jobdur,SOCIAL,float,READY,BP,V0,6252,4277,68.41010876519513,False
jobdur,SOCIAL,float,READY,BP,V1,3074,3074,100.0,False
jobdur,SOCIAL,float,READY,BP,V2,2228,2228,100.0,False
jobdur,SOCIAL,float,READY,BP,V3,1497,1497,100.0,False
jobdur,SOCIAL,float,READY,BP,V4,512,512,100.0,False
jobdur,SOCIAL,float,READY,SZ,V0,2209,2030,91.89678587596197,False
jobdur,SOCIAL,float,READY,SZ,V1,963,963,100.0,False
jobdur,SOCIAL,float,READY,SZ,V2,595,595,100.0,False
jobdur,SOCIAL,float,READY,SZ,V3,456,456,100.0,False
jobdur,SOCIAL,float,READY,SZ,V4,198,198,100.0,False
jobdur,SOCIAL,float,READY,DR,V0,552,411,74.45652173913044,False
jobdur,SOCIAL,float,READY,DR,V1,233,233,100.0,False
jobdur,SOCIAL,float,READY,DR,V2,135,116,85.92592592592592,False
jobdur,SOCIAL,float,READY,DR,V3,3,3,100.0,False
jobdur,SOCIAL,float,READY,DR,V4,69,57,82.6086956521739,False
jobclas,SOCIAL,int8 binary,READY,BP,V0,6252,4178,66.82661548304543,False
jobclas,SOCIAL,int8 binary,READY,BP,V1,3074,3074,100.0,False
jobclas,SOCIAL,int8 binary,READY,BP,V2,2228,2228,100.0,False
jobclas,SOCIAL,int8 binary,READY,BP,V3,1497,1497,100.0,False
jobclas,SOCIAL,int8 binary,READY,BP,V4,512,512,100.0,False
jobclas,SOCIAL,int8 binary,READY,SZ,V0,2209,2012,91.08193752829334,False
jobclas,SOCIAL,int8 binary,READY,SZ,V1,963,963,100.0,False
jobclas,SOCIAL,int8 binary,READY,SZ,V2,595,595,100.0,False
jobclas,SOCIAL,int8 binary,READY,SZ,V3,456,456,100.0,False
jobclas,SOCIAL,int8 binary,READY,SZ,V4,198,198,100.0,False
jobclas,SOCIAL,int8 binary,READY,DR,V0,552,398,72.10144927536231,False
jobclas,SOCIAL,int8 binary,READY,DR,V1,233,233,100.0,False
jobclas,SOCIAL,int8 binary,READY,DR,V2,135,114,84.44444444444444,False
jobclas,SOCIAL,int8 binary,READY,DR,V3,3,3,100.0,False
jobclas,SOCIAL,int8 binary,READY,DR,V4,69,56,81.15942028985508,False
empjob,SOCIAL,int8 categorical,READY,BP,V0,6252,5893,94.25783749200257,False
empjob,SOCIAL,int8 categorical,READY,BP,V1,3074,3074,100.0,False
empjob,SOCIAL,int8 categorical,READY,BP,V2,2228,2228,100.0,False
empjob,SOCIAL,int8 categorical,READY,BP,V3,1497,1497,100.0,False
empjob,SOCIAL,int8 categorical,READY,BP,V4,512,512,100.0,False
empjob,SOCIAL,int8 categorical,READY,SZ,V0,2209,2163,97.91760977818016,False
empjob,SOCIAL,int8 categorical,READY,SZ,V1,963,963,100.0,False
empjob,SOCIAL,int8 categorical,READY,SZ,V2,595,595,100.0,False
empjob,SOCIAL,int8 categorical,READY,SZ,V3,456,456,100.0,False
empjob,SOCIAL,int8 categorical,READY,SZ,V4,198,198,100.0,False
empjob,SOCIAL,int8 categorical,READY,DR,V0,552,329,59.60144927536232,False
empjob,SOCIAL,int8 categorical,READY,DR,V1,233,233,100.0,False
empjob,SOCIAL,int8 categorical,READY,DR,V2,135,102,75.55555555555556,False
empjob,SOCIAL,int8 categorical,READY,DR,V3,3,3,100.0,False
empjob,SOCIAL,int8 categorical,READY,DR,V4,69,48,69.56521739130434,False
lvsbjind,SOCIAL,int8 categorical,READY,BP,V0,6252,1986,31.765834932821495,False
lvsbjind,SOCIAL,int8 categorical,READY,BP,V1,3074,3074,100.0,False
lvsbjind,SOCIAL,int8 categorical,READY,BP,V2,2228,2228,100.0,False
lvsbjind,SOCIAL,int8 categorical,READY,BP,V3,1497,1497,100.0,False
lvsbjind,SOCIAL,int8 categorical,READY,BP,V4,512,512,100.0,False
lvsbjind,SOCIAL,int8 categorical,READY,SZ,V0,2209,334,15.119963784517882,False
lvsbjind,SOCIAL,int8 categorical,READY,SZ,V1,963,963,100.0,False
lvsbjind,SOCIAL,int8 categorical,READY,SZ,V2,595,595,100.0,False
lvsbjind,SOCIAL,int8 categorical,READY,SZ,V3,456,456,100.0,False
lvsbjind,SOCIAL,int8 categorical,READY,SZ,V4,198,198,100.0,False
lvsbjind,SOCIAL,int8 categorical,READY,DR,V0,552,110,19.92753623188406,False
lvsbjind,SOCIAL,int8 categorical,READY,DR,V1,233,233,100.0,False
lvsbjind,SOCIAL,int8 categorical,READY,DR,V2,135,42,31.11111111111111,False
lvsbjind,SOCIAL,int8 categorical,READY,DR,V3,3,1,33.33333333333333,False
lvsbjind,SOCIAL,int8 categorical,READY,DR,V4,69,10,14.492753623188406,False
