item,factor,prior_type,prior_mean,prior_sd,dist,sign_constraint,item_sign,likelihood_family,modeling_block,rationale
acne_mhoccur,overall_severity,plausible_cross,0.0,0.25,normal,signed,1,bernoulli,explicit,specific item may load on G
acne_mhoccur,cognition,unlikely_cross,0.0,0.05,normal,signed,1,bernoulli,explicit,soft-zero complement
acne_mhoccur,metabolic,plausible_cross,0.0,0.25,normal,signed,1,bernoulli,explicit,theory-motivated cross-loading
acne_mhoccur,inflammatory,primary,0.6,0.3,half_normal,positive,1,bernoulli,explicit,home factor inflammatory
acne_mhoccur,sleep,unlikely_cross,0.0,0.05,normal,signed,1,bernoulli,explicit,soft-zero complement
acne_mhoccur,suicidality,unlikely_cross,0.0,0.05,normal,signed,1,bernoulli,explicit,soft-zero complement
acne_mhoccur,developmental_risk,unlikely_cross,0.0,0.05,normal,signed,1,bernoulli,explicit,soft-zero complement
acne_mhoccur,anhedonia,unlikely_cross,0.0,0.05,normal,signed,1,bernoulli,explicit,soft-zero complement
acne_mhoccur,mania_activation,unlikely_cross,0.0,0.05,normal,signed,1,bernoulli,explicit,soft-zero complement
acne_mhoccur,substance,unlikely_cross,0.0,0.05,normal,signed,1,bernoulli,explicit,soft-zero complement
agepere,overall_severity,plausible_cross,0.0,0.25,normal,signed,1,gaussian,continuous,specific item may load on G
agepere,cognition,unlikely_cross,0.0,0.05,normal,signed,1,gaussian,continuous,soft-zero complement
agepere,metabolic,unlikely_cross,0.0,0.05,normal,signed,1,gaussian,continuous,soft-zero complement
agepere,inflammatory,unlikely_cross,0.0,0.05,normal,signed,1,gaussian,continuous,soft-zero complement
agepere,sleep,unlikely_cross,0.0,0.05,normal,signed,1,gaussian,continuous,soft-zero complement
agepere,suicidality,unlikely_cross,0.0,0.05,normal,signed,1,gaussian,continuous,soft-zero complement
agepere,developmental_risk,primary,0.6,0.3,half_normal,positive,1,gaussian,continuous,home factor developmental_risk
agepere,anhedonia,unlikely_cross,0.0,0.05,normal,signed,1,gaussian,continuous,soft-zero complement
agepere,mania_activation,unlikely_cross,0.0,0.05,normal,signed,1,gaussian,continuous,soft-zero complement
agepere,substance,unlikely_cross,0.0,0.05,normal,signed,1,gaussian,continuous,soft-zero complement
alp_lbstresc,overall_severity,plausible_cross,0.0,0.25,normal,signed,1,lognormal,continuous,specific item may load on G
alp_lbstresc,cognition,unlikely_cross,0.0,0.05,normal,signed,1,lognormal,continuous,soft-zero complement
alp_lbstresc,metabolic,primary,0.6,0.3,half_normal,positive,1,lognormal,continuous,home factor metabolic
alp_lbstresc,inflammatory,plausible_cross,0.0,0.25,normal,signed,1,lognormal,continuous,theory-motivated cross-loading
alp_lbstresc,sleep,unlikely_cross,0.0,0.05,normal,signed,1,lognormal,continuous,soft-zero complement
alp_lbstresc,suicidality,unlikely_cross,0.0,0.05,normal,signed,1,lognormal,continuous,soft-zero complement
alp_lbstresc,developmental_risk,unlikely_cross,0.0,0.05,normal,signed,1,lognormal,continuous,soft-zero complement
alp_lbstresc,anhedonia,unlikely_cross,0.0,0.05,normal,signed,1,lognormal,continuous,soft-zero complement
alp_lbstresc,mania_activation,unlikely_cross,0.0,0.05,normal,signed,1,lognormal,continuous,soft-zero complement
alp_lbstresc,substance,unlikely_cross,0.0,0.05,normal,signed,1,lognormal,continuous,soft-zero complement
alt_lbstresc,overall_severity,plausible_cross,0.0,0.25,normal,signed,1,lognormal,continuous,specific item may load on G
alt_lbstresc,cognition,unlikely_cross,0.0,0.05,normal,signed,1,lognormal,continuous,soft-zero complement
alt_lbstresc,metabolic,primary,0.6,0.3,half_normal,positive,1,lognormal,continuous,home factor metabolic
alt_lbstresc,inflammatory,plausible_cross,0.0,0.25,normal,signed,1,lognormal,continuous,theory-motivated cross-loading
alt_lbstresc,sleep,unlikely_cross,0.0,0.05,normal,signed,1,lognormal,continuous,soft-zero complement
alt_lbstresc,suicidality,unlikely_cross,0.0,0.05,normal,signed,1,lognormal,continuous,soft-zero complement
alt_lbstresc,developmental_risk,unlikely_cross,0.0,0.05,normal,signed,1,lognormal,continuous,soft-zero complement
alt_lbstresc,anhedonia,unlikely_cross,0.0,0.05,normal,signed,1,lognormal,continuous,soft-zero complement
alt_lbstresc,mania_activation,unlikely_cross,0.0,0.05,normal,signed,1,lognormal,continuous,soft-zero complement
alt_lbstresc,substance,unlikely_cross,0.0,0.05,normal,signed,1,lognormal,continuous,soft-zero complement
altman,overall_severity,plausible_cross,0.0,0.25,normal,signed,1,gaussian,continuous,specific item may load on G
altman,cognition,unlikely_cross,0.0,0.05,normal,signed,1,gaussian,continuous,soft-zero complement
altman,metabolic,unlikely_cross,0.0,0.05,normal,signed,1,gaussian,continuous,soft-zero complement
altman,inflammatory,unlikely_cross,0.0,0.05,normal,signed,1,gaussian,continuous,soft-zero complement
altman,sleep,unlikely_cross,0.0,0.05,normal,signed,1,gaussian,continuous,soft-zero complement
altman,suicidality,unlikely_cross,0.0,0.05,normal,signed,1,gaussian,continuous,soft-zero complement
altman,developmental_risk,unlikely_cross,0.0,0.05,normal,signed,1,gaussian,continuous,soft-zero complement
altman,anhedonia,unlikely_cross,0.0,0.05,normal,signed,1,gaussian,continuous,soft-zero complement
altman,mania_activation,primary,0.6,0.3,half_normal,positive,1,gaussian,continuous,home factor mania_activation
altman,substance,unlikely_cross,0.0,0.05,normal,signed,1,gaussian,continuous,soft-zero complement
apgr0106_1min,overall_severity,plausible_cross,0.0,0.25,normal,signed,-1,gaussian,continuous,specific item may load on G
apgr0106_1min,cognition,unlikely_cross,0.0,0.05,normal,signed,-1,gaussian,continuous,soft-zero complement
apgr0106_1min,metabolic,unlikely_cross,0.0,0.05,normal,signed,-1,gaussian,continuous,soft-zero complement
apgr0106_1min,inflammatory,unlikely_cross,0.0,0.05,normal,signed,-1,gaussian,continuous,soft-zero complement
apgr0106_1min,sleep,unlikely_cross,0.0,0.05,normal,signed,-1,gaussian,continuous,soft-zero complement
apgr0106_1min,suicidality,unlikely_cross,0.0,0.05,normal,signed,-1,gaussian,continuous,soft-zero complement
apgr0106_1min,developmental_risk,primary,0.6,0.3,half_normal,positive,-1,gaussian,continuous,home factor developmental_risk
apgr0106_1min,anhedonia,unlikely_cross,0.0,0.05,normal,signed,-1,gaussian,continuous,soft-zero complement
apgr0106_1min,mania_activation,unlikely_cross,0.0,0.05,normal,signed,-1,gaussian,continuous,soft-zero complement
apgr0106_1min,substance,unlikely_cross,0.0,0.05,normal,signed,-1,gaussian,continuous,soft-zero complement
apgr0106_5min,overall_severity,plausible_cross,0.0,0.25,normal,signed,-1,ordered_logistic,explicit,specific item may load on G
apgr0106_5min,cognition,unlikely_cross,0.0,0.05,normal,signed,-1,ordered_logistic,explicit,soft-zero complement
apgr0106_5min,metabolic,unlikely_cross,0.0,0.05,normal,signed,-1,ordered_logistic,explicit,soft-zero complement
apgr0106_5min,inflammatory,unlikely_cross,0.0,0.05,normal,signed,-1,ordered_logistic,explicit,soft-zero complement
apgr0106_5min,sleep,unlikely_cross,0.0,0.05,normal,signed,-1,ordered_logistic,explicit,soft-zero complement
apgr0106_5min,suicidality,unlikely_cross,0.0,0.05,normal,signed,-1,ordered_logistic,explicit,soft-zero complement
apgr0106_5min,developmental_risk,primary,0.6,0.3,half_normal,positive,-1,ordered_logistic,explicit,home factor developmental_risk
apgr0106_5min,anhedonia,unlikely_cross,0.0,0.05,normal,signed,-1,ordered_logistic,explicit,soft-zero complement
apgr0106_5min,mania_activation,unlikely_cross,0.0,0.05,normal,signed,-1,ordered_logistic,explicit,soft-zero complement
apgr0106_5min,substance,unlikely_cross,0.0,0.05,normal,signed,-1,ordered_logistic,explicit,soft-zero complement
ast_lbstresc,overall_severity,plausible_cross,0.0,0.25,normal,signed,1,lognormal,continuous,specific item may load on G
ast_lbstresc,cognition,unlikely_cross,0.0,0.05,normal,signed,1,lognormal,continuous,soft-zero complement
ast_lbstresc,metabolic,primary,0.6,0.3,half_normal,positive,1,lognormal,continuous,home factor metabolic
ast_lbstresc,inflammatory,plausible_cross,0.0,0.25,normal,signed,1,lognormal,continuous,theory-motivated cross-loading
ast_lbstresc,sleep,unlikely_cross,0.0,0.05,normal,signed,1,lognormal,continuous,soft-zero complement
ast_lbstresc,suicidality,unlikely_cross,0.0,0.05,normal,signed,1,lognormal,continuous,soft-zero complement
ast_lbstresc,developmental_risk,unlikely_cross,0.0,0.05,normal,signed,1,lognormal,continuous,soft-zero complement
ast_lbstresc,anhedonia,unlikely_cross,0.0,0.05,normal,signed,1,lognormal,continuous,soft-zero complement
ast_lbstresc,mania_activation,unlikely_cross,0.0,0.05,normal,signed,1,lognormal,continuous,soft-zero complement
ast_lbstresc,substance,unlikely_cross,0.0,0.05,normal,signed,1,lognormal,continuous,soft-zero complement
autcardv_mhoccur,overall_severity,plausible_cross,0.0,0.25,normal,signed,1,bernoulli,explicit,specific item may load on G
autcardv_mhoccur,cognition,unlikely_cross,0.0,0.05,normal,signed,1,bernoulli,explicit,soft-zero complement
autcardv_mhoccur,metabolic,primary,0.6,0.3,half_normal,positive,1,bernoulli,explicit,home factor metabolic
autcardv_mhoccur,inflammatory,plausible_cross,0.0,0.25,normal,signed,1,bernoulli,explicit,theory-motivated cross-loading
autcardv_mhoccur,sleep,unlikely_cross,0.0,0.05,normal,signed,1,bernoulli,explicit,soft-zero complement
autcardv_mhoccur,suicidality,unlikely_cross,0.0,0.05,normal,signed,1,bernoulli,explicit,soft-zero complement
autcardv_mhoccur,developmental_risk,unlikely_cross,0.0,0.05,normal,signed,1,bernoulli,explicit,soft-zero complement
autcardv_mhoccur,anhedonia,unlikely_cross,0.0,0.05,normal,signed,1,bernoulli,explicit,soft-zero complement
autcardv_mhoccur,mania_activation,unlikely_cross,0.0,0.05,normal,signed,1,bernoulli,explicit,soft-zero complement
autcardv_mhoccur,substance,unlikely_cross,0.0,0.05,normal,signed,1,bernoulli,explicit,soft-zero complement
autendoc_mhoccur,overall_severity,plausible_cross,0.0,0.25,normal,signed,1,bernoulli,explicit,specific item may load on G
autendoc_mhoccur,cognition,unlikely_cross,0.0,0.05,normal,signed,1,bernoulli,explicit,soft-zero complement
autendoc_mhoccur,metabolic,primary,0.6,0.3,half_normal,positive,1,bernoulli,explicit,home factor metabolic
autendoc_mhoccur,inflammatory,plausible_cross,0.0,0.25,normal,signed,1,bernoulli,explicit,theory-motivated cross-loading
autendoc_mhoccur,sleep,unlikely_cross,0.0,0.05,normal,signed,1,bernoulli,explicit,soft-zero complement
autendoc_mhoccur,suicidality,unlikely_cross,0.0,0.05,normal,signed,1,bernoulli,explicit,soft-zero complement
autendoc_mhoccur,developmental_risk,unlikely_cross,0.0,0.05,normal,signed,1,bernoulli,explicit,soft-zero complement
autendoc_mhoccur,anhedonia,unlikely_cross,0.0,0.05,normal,signed,1,bernoulli,explicit,soft-zero complement
autendoc_mhoccur,mania_activation,unlikely_cross,0.0,0.05,normal,signed,1,bernoulli,explicit,soft-zero complement
autendoc_mhoccur,substance,unlikely_cross,0.0,0.05,normal,signed,1,bernoulli,explicit,soft-zero complement
autneuro_mhoccur,overall_severity,plausible_cross,0.0,0.25,normal,signed,1,bernoulli,explicit,specific item may load on G
autneuro_mhoccur,cognition,unlikely_cross,0.0,0.05,normal,signed,1,bernoulli,explicit,soft-zero complement
autneuro_mhoccur,metabolic,unlikely_cross,0.0,0.05,normal,signed,1,bernoulli,explicit,soft-zero complement
autneuro_mhoccur,inflammatory,unlikely_cross,0.0,0.05,normal,signed,1,bernoulli,explicit,soft-zero complement
autneuro_mhoccur,sleep,unlikely_cross,0.0,0.05,normal,signed,1,bernoulli,explicit,soft-zero complement
autneuro_mhoccur,suicidality,unlikely_cross,0.0,0.05,normal,signed,1,bernoulli,explicit,soft-zero complement
autneuro_mhoccur,developmental_risk,primary,0.6,0.3,half_normal,positive,1,bernoulli,explicit,home factor developmental_risk
autneuro_mhoccur,anhedonia,unlikely_cross,0.0,0.05,normal,signed,1,bernoulli,explicit,soft-zero complement
autneuro_mhoccur,mania_activation,unlikely_cross,0.0,0.05,normal,signed,1,bernoulli,explicit,soft-zero complement
autneuro_mhoccur,substance,unlikely_cross,0.0,0.05,normal,signed,1,bernoulli,explicit,soft-zero complement
baso_lbstresc,overall_severity,plausible_cross,0.0,0.25,normal,signed,1,lognormal,continuous,specific item may load on G
baso_lbstresc,cognition,unlikely_cross,0.0,0.05,normal,signed,1,lognormal,continuous,soft-zero complement
baso_lbstresc,metabolic,plausible_cross,0.0,0.25,normal,signed,1,lognormal,continuous,theory-motivated cross-loading
baso_lbstresc,inflammatory,primary,0.6,0.3,half_normal,positive,1,lognormal,continuous,home factor inflammatory
baso_lbstresc,sleep,unlikely_cross,0.0,0.05,normal,signed,1,lognormal,continuous,soft-zero complement
baso_lbstresc,suicidality,unlikely_cross,0.0,0.05,normal,signed,1,lognormal,continuous,soft-zero complement
baso_lbstresc,developmental_risk,unlikely_cross,0.0,0.05,normal,signed,1,lognormal,continuous,soft-zero complement
baso_lbstresc,anhedonia,unlikely_cross,0.0,0.05,normal,signed,1,lognormal,continuous,soft-zero complement
baso_lbstresc,mania_activation,unlikely_cross,0.0,0.05,normal,signed,1,lognormal,continuous,soft-zero complement
baso_lbstresc,substance,unlikely_cross,0.0,0.05,normal,signed,1,lognormal,continuous,soft-zero complement
bili_lbstresc,overall_severity,plausible_cross,0.0,0.25,normal,signed,1,lognormal,continuous,specific item may load on G
bili_lbstresc,cognition,unlikely_cross,0.0,0.05,normal,signed,1,lognormal,continuous,soft-zero complement
bili_lbstresc,metabolic,primary,0.6,0.3,half_normal,positive,1,lognormal,continuous,home factor metabolic
bili_lbstresc,inflammatory,plausible_cross,0.0,0.25,normal,signed,1,lognormal,continuous,theory-motivated cross-loading
bili_lbstresc,sleep,unlikely_cross,0.0,0.05,normal,signed,1,lognormal,continuous,soft-zero complement
bili_lbstresc,suicidality,unlikely_cross,0.0,0.05,normal,signed,1,lognormal,continuous,soft-zero complement
bili_lbstresc,developmental_risk,unlikely_cross,0.0,0.05,normal,signed,1,lognormal,continuous,soft-zero complement
bili_lbstresc,anhedonia,unlikely_cross,0.0,0.05,normal,signed,1,lognormal,continuous,soft-zero complement
bili_lbstresc,mania_activation,unlikely_cross,0.0,0.05,normal,signed,1,lognormal,continuous,soft-zero complement
bili_lbstresc,substance,unlikely_cross,0.0,0.05,normal,signed,1,lognormal,continuous,soft-zero complement
bmi,overall_severity,plausible_cross,0.0,0.25,normal,signed,1,gaussian,continuous,specific item may load on G
bmi,cognition,unlikely_cross,0.0,0.05,normal,signed,1,gaussian,continuous,soft-zero complement
bmi,metabolic,primary,0.6,0.3,half_normal,positive,1,gaussian,continuous,home factor metabolic
bmi,inflammatory,plausible_cross,0.0,0.25,normal,signed,1,gaussian,continuous,theory-motivated cross-loading
bmi,sleep,unlikely_cross,0.0,0.05,normal,signed,1,gaussian,continuous,soft-zero complement
bmi,suicidality,unlikely_cross,0.0,0.05,normal,signed,1,gaussian,continuous,soft-zero complement
bmi,developmental_risk,unlikely_cross,0.0,0.05,normal,signed,1,gaussian,continuous,soft-zero complement
bmi,anhedonia,unlikely_cross,0.0,0.05,normal,signed,1,gaussian,continuous,soft-zero complement
bmi,mania_activation,unlikely_cross,0.0,0.05,normal,signed,1,gaussian,continuous,soft-zero complement
bmi,substance,unlikely_cross,0.0,0.05,normal,signed,1,gaussian,continuous,soft-zero complement
brthcirc,overall_severity,plausible_cross,0.0,0.25,normal,signed,-1,gaussian,continuous,specific item may load on G
brthcirc,cognition,unlikely_cross,0.0,0.05,normal,signed,-1,gaussian,continuous,soft-zero complement
brthcirc,metabolic,unlikely_cross,0.0,0.05,normal,signed,-1,gaussian,continuous,soft-zero complement
brthcirc,inflammatory,unlikely_cross,0.0,0.05,normal,signed,-1,gaussian,continuous,soft-zero complement
brthcirc,sleep,unlikely_cross,0.0,0.05,normal,signed,-1,gaussian,continuous,soft-zero complement
brthcirc,suicidality,unlikely_cross,0.0,0.05,normal,signed,-1,gaussian,continuous,soft-zero complement
brthcirc,developmental_risk,primary,0.6,0.3,half_normal,positive,-1,gaussian,continuous,home factor developmental_risk
brthcirc,anhedonia,unlikely_cross,0.0,0.05,normal,signed,-1,gaussian,continuous,soft-zero complement
brthcirc,mania_activation,unlikely_cross,0.0,0.05,normal,signed,-1,gaussian,continuous,soft-zero complement
brthcirc,substance,unlikely_cross,0.0,0.05,normal,signed,-1,gaussian,continuous,soft-zero complement
brthht,overall_severity,plausible_cross,0.0,0.25,normal,signed,-1,gaussian,continuous,specific item may load on G
brthht,cognition,unlikely_cross,0.0,0.05,normal,signed,-1,gaussian,continuous,soft-zero complement
brthht,metabolic,unlikely_cross,0.0,0.05,normal,signed,-1,gaussian,continuous,soft-zero complement
brthht,inflammatory,unlikely_cross,0.0,0.05,normal,signed,-1,gaussian,continuous,soft-zero complement
brthht,sleep,unlikely_cross,0.0,0.05,normal,signed,-1,gaussian,continuous,soft-zero complement
brthht,suicidality,unlikely_cross,0.0,0.05,normal,signed,-1,gaussian,continuous,soft-zero complement
brthht,developmental_risk,primary,0.6,0.3,half_normal,positive,-1,gaussian,continuous,home factor developmental_risk
brthht,anhedonia,unlikely_cross,0.0,0.05,normal,signed,-1,gaussian,continuous,soft-zero complement
brthht,mania_activation,unlikely_cross,0.0,0.05,normal,signed,-1,gaussian,continuous,soft-zero complement
brthht,substance,unlikely_cross,0.0,0.05,normal,signed,-1,gaussian,continuous,soft-zero complement
cgi01,overall_severity,g_anchor,0.6,0.3,half_normal,positive,1,gaussian,continuous,G dedicated anchor
cgi01,cognition,g_anchor_on_specific,0.0,0.001,normal,signed,1,gaussian,continuous,severity anchor ~0 on specific (bifactor id)
cgi01,metabolic,g_anchor_on_specific,0.0,0.001,normal,signed,1,gaussian,continuous,severity anchor ~0 on specific (bifactor id)
cgi01,inflammatory,g_anchor_on_specific,0.0,0.001,normal,signed,1,gaussian,continuous,severity anchor ~0 on specific (bifactor id)
cgi01,sleep,g_anchor_on_specific,0.0,0.001,normal,signed,1,gaussian,continuous,severity anchor ~0 on specific (bifactor id)
cgi01,suicidality,g_anchor_on_specific,0.0,0.001,normal,signed,1,gaussian,continuous,severity anchor ~0 on specific (bifactor id)
cgi01,developmental_risk,g_anchor_on_specific,0.0,0.001,normal,signed,1,gaussian,continuous,severity anchor ~0 on specific (bifactor id)
cgi01,anhedonia,g_anchor_on_specific,0.0,0.001,normal,signed,1,gaussian,continuous,severity anchor ~0 on specific (bifactor id)
cgi01,mania_activation,g_anchor_on_specific,0.0,0.001,normal,signed,1,gaussian,continuous,severity anchor ~0 on specific (bifactor id)
cgi01,substance,g_anchor_on_specific,0.0,0.001,normal,signed,1,gaussian,continuous,severity anchor ~0 on specific (bifactor id)
chol,overall_severity,plausible_cross,0.0,0.25,normal,signed,1,gaussian,continuous,specific item may load on G
chol,cognition,unlikely_cross,0.0,0.05,normal,signed,1,gaussian,continuous,soft-zero complement
chol,metabolic,primary,0.6,0.3,half_normal,positive,1,gaussian,continuous,home factor metabolic
chol,inflammatory,plausible_cross,0.0,0.25,normal,signed,1,gaussian,continuous,theory-motivated cross-loading
chol,sleep,unlikely_cross,0.0,0.05,normal,signed,1,gaussian,continuous,soft-zero complement
chol,suicidality,unlikely_cross,0.0,0.05,normal,signed,1,gaussian,continuous,soft-zero complement
chol,developmental_risk,unlikely_cross,0.0,0.05,normal,signed,1,gaussian,continuous,soft-zero complement
chol,anhedonia,unlikely_cross,0.0,0.05,normal,signed,1,gaussian,continuous,soft-zero complement
chol,mania_activation,unlikely_cross,0.0,0.05,normal,signed,1,gaussian,continuous,soft-zero complement
chol,substance,unlikely_cross,0.0,0.05,normal,signed,1,gaussian,continuous,soft-zero complement
cholhdl_lbstresc,overall_severity,plausible_cross,0.0,0.25,normal,signed,1,gaussian,continuous,specific item may load on G
cholhdl_lbstresc,cognition,unlikely_cross,0.0,0.05,normal,signed,1,gaussian,continuous,soft-zero complement
cholhdl_lbstresc,metabolic,primary,0.6,0.3,half_normal,positive,1,gaussian,continuous,home factor metabolic
cholhdl_lbstresc,inflammatory,plausible_cross,0.0,0.25,normal,signed,1,gaussian,continuous,theory-motivated cross-loading
cholhdl_lbstresc,sleep,unlikely_cross,0.0,0.05,normal,signed,1,gaussian,continuous,soft-zero complement
cholhdl_lbstresc,suicidality,unlikely_cross,0.0,0.05,normal,signed,1,gaussian,continuous,soft-zero complement
cholhdl_lbstresc,developmental_risk,unlikely_cross,0.0,0.05,normal,signed,1,gaussian,continuous,soft-zero complement
cholhdl_lbstresc,anhedonia,unlikely_cross,0.0,0.05,normal,signed,1,gaussian,continuous,soft-zero complement
cholhdl_lbstresc,mania_activation,unlikely_cross,0.0,0.05,normal,signed,1,gaussian,continuous,soft-zero complement
cholhdl_lbstresc,substance,unlikely_cross,0.0,0.05,normal,signed,1,gaussian,continuous,soft-zero complement
creat_lbstresc,overall_severity,plausible_cross,0.0,0.25,normal,signed,1,lognormal,continuous,specific item may load on G
creat_lbstresc,cognition,unlikely_cross,0.0,0.05,normal,signed,1,lognormal,continuous,soft-zero complement
creat_lbstresc,metabolic,primary,0.6,0.3,half_normal,positive,1,lognormal,continuous,home factor metabolic
creat_lbstresc,inflammatory,plausible_cross,0.0,0.25,normal,signed,1,lognormal,continuous,theory-motivated cross-loading
creat_lbstresc,sleep,unlikely_cross,0.0,0.05,normal,signed,1,lognormal,continuous,soft-zero complement
creat_lbstresc,suicidality,unlikely_cross,0.0,0.05,normal,signed,1,lognormal,continuous,soft-zero complement
creat_lbstresc,developmental_risk,unlikely_cross,0.0,0.05,normal,signed,1,lognormal,continuous,soft-zero complement
creat_lbstresc,anhedonia,unlikely_cross,0.0,0.05,normal,signed,1,lognormal,continuous,soft-zero complement
creat_lbstresc,mania_activation,unlikely_cross,0.0,0.05,normal,signed,1,lognormal,continuous,soft-zero complement
creat_lbstresc,substance,unlikely_cross,0.0,0.05,normal,signed,1,lognormal,continuous,soft-zero complement
crp,overall_severity,plausible_cross,0.0,0.25,normal,signed,1,lognormal,continuous,specific item may load on G
crp,cognition,unlikely_cross,0.0,0.05,normal,signed,1,lognormal,continuous,soft-zero complement
crp,metabolic,plausible_cross,0.0,0.25,normal,signed,1,lognormal,continuous,theory-motivated cross-loading
crp,inflammatory,primary,0.6,0.3,half_normal,positive,1,lognormal,continuous,home factor inflammatory
crp,sleep,unlikely_cross,0.0,0.05,normal,signed,1,lognormal,continuous,soft-zero complement
crp,suicidality,unlikely_cross,0.0,0.05,normal,signed,1,lognormal,continuous,soft-zero complement
crp,developmental_risk,unlikely_cross,0.0,0.05,normal,signed,1,lognormal,continuous,soft-zero complement
crp,anhedonia,unlikely_cross,0.0,0.05,normal,signed,1,lognormal,continuous,soft-zero complement
crp,mania_activation,unlikely_cross,0.0,0.05,normal,signed,1,lognormal,continuous,soft-zero complement
crp,substance,unlikely_cross,0.0,0.05,normal,signed,1,lognormal,continuous,soft-zero complement
csm,overall_severity,plausible_cross,0.0,0.25,normal,signed,-1,gaussian,continuous,specific item may load on G
csm,cognition,unlikely_cross,0.0,0.05,normal,signed,-1,gaussian,continuous,soft-zero complement
csm,metabolic,unlikely_cross,0.0,0.05,normal,signed,-1,gaussian,continuous,soft-zero complement
csm,inflammatory,unlikely_cross,0.0,0.05,normal,signed,-1,gaussian,continuous,soft-zero complement
csm,sleep,primary,0.6,0.3,half_normal,positive,-1,gaussian,continuous,home factor sleep
csm,suicidality,unlikely_cross,0.0,0.05,normal,signed,-1,gaussian,continuous,soft-zero complement
csm,developmental_risk,unlikely_cross,0.0,0.05,normal,signed,-1,gaussian,continuous,soft-zero complement
csm,anhedonia,unlikely_cross,0.0,0.05,normal,signed,-1,gaussian,continuous,soft-zero complement
csm,mania_activation,unlikely_cross,0.0,0.05,normal,signed,-1,gaussian,continuous,soft-zero complement
csm,substance,unlikely_cross,0.0,0.05,normal,signed,-1,gaussian,continuous,soft-zero complement
cssrs01,overall_severity,plausible_cross,0.0,0.25,normal,signed,1,bernoulli,explicit,specific item may load on G
cssrs01,cognition,unlikely_cross,0.0,0.05,normal,signed,1,bernoulli,explicit,soft-zero complement
cssrs01,metabolic,unlikely_cross,0.0,0.05,normal,signed,1,bernoulli,explicit,soft-zero complement
cssrs01,inflammatory,unlikely_cross,0.0,0.05,normal,signed,1,bernoulli,explicit,soft-zero complement
cssrs01,sleep,unlikely_cross,0.0,0.05,normal,signed,1,bernoulli,explicit,soft-zero complement
cssrs01,suicidality,primary,0.6,0.3,half_normal,positive,1,bernoulli,explicit,home factor suicidality
cssrs01,developmental_risk,unlikely_cross,0.0,0.05,normal,signed,1,bernoulli,explicit,soft-zero complement
cssrs01,anhedonia,unlikely_cross,0.0,0.05,normal,signed,1,bernoulli,explicit,soft-zero complement
cssrs01,mania_activation,unlikely_cross,0.0,0.05,normal,signed,1,bernoulli,explicit,soft-zero complement
cssrs01,substance,unlikely_cross,0.0,0.05,normal,signed,1,bernoulli,explicit,soft-zero complement
cssrs02,overall_severity,plausible_cross,0.0,0.25,normal,signed,1,bernoulli,explicit,specific item may load on G
cssrs02,cognition,unlikely_cross,0.0,0.05,normal,signed,1,bernoulli,explicit,soft-zero complement
cssrs02,metabolic,unlikely_cross,0.0,0.05,normal,signed,1,bernoulli,explicit,soft-zero complement
cssrs02,inflammatory,unlikely_cross,0.0,0.05,normal,signed,1,bernoulli,explicit,soft-zero complement
cssrs02,sleep,unlikely_cross,0.0,0.05,normal,signed,1,bernoulli,explicit,soft-zero complement
cssrs02,suicidality,primary,0.6,0.3,half_normal,positive,1,bernoulli,explicit,home factor suicidality
cssrs02,developmental_risk,unlikely_cross,0.0,0.05,normal,signed,1,bernoulli,explicit,soft-zero complement
cssrs02,anhedonia,unlikely_cross,0.0,0.05,normal,signed,1,bernoulli,explicit,soft-zero complement
cssrs02,mania_activation,unlikely_cross,0.0,0.05,normal,signed,1,bernoulli,explicit,soft-zero complement
cssrs02,substance,unlikely_cross,0.0,0.05,normal,signed,1,bernoulli,explicit,soft-zero complement
cssrs03,overall_severity,plausible_cross,0.0,0.25,normal,signed,1,bernoulli,explicit,specific item may load on G
cssrs03,cognition,unlikely_cross,0.0,0.05,normal,signed,1,bernoulli,explicit,soft-zero complement
cssrs03,metabolic,unlikely_cross,0.0,0.05,normal,signed,1,bernoulli,explicit,soft-zero complement
cssrs03,inflammatory,unlikely_cross,0.0,0.05,normal,signed,1,bernoulli,explicit,soft-zero complement
cssrs03,sleep,unlikely_cross,0.0,0.05,normal,signed,1,bernoulli,explicit,soft-zero complement
cssrs03,suicidality,primary,0.6,0.3,half_normal,positive,1,bernoulli,explicit,home factor suicidality
cssrs03,developmental_risk,unlikely_cross,0.0,0.05,normal,signed,1,bernoulli,explicit,soft-zero complement
cssrs03,anhedonia,unlikely_cross,0.0,0.05,normal,signed,1,bernoulli,explicit,soft-zero complement
cssrs03,mania_activation,unlikely_cross,0.0,0.05,normal,signed,1,bernoulli,explicit,soft-zero complement
cssrs03,substance,unlikely_cross,0.0,0.05,normal,signed,1,bernoulli,explicit,soft-zero complement
cssrs04,overall_severity,plausible_cross,0.0,0.25,normal,signed,1,bernoulli,explicit,specific item may load on G
cssrs04,cognition,unlikely_cross,0.0,0.05,normal,signed,1,bernoulli,explicit,soft-zero complement
cssrs04,metabolic,unlikely_cross,0.0,0.05,normal,signed,1,bernoulli,explicit,soft-zero complement
cssrs04,inflammatory,unlikely_cross,0.0,0.05,normal,signed,1,bernoulli,explicit,soft-zero complement
cssrs04,sleep,unlikely_cross,0.0,0.05,normal,signed,1,bernoulli,explicit,soft-zero complement
cssrs04,suicidality,primary,0.6,0.3,half_normal,positive,1,bernoulli,explicit,home factor suicidality
cssrs04,developmental_risk,unlikely_cross,0.0,0.05,normal,signed,1,bernoulli,explicit,soft-zero complement
cssrs04,anhedonia,unlikely_cross,0.0,0.05,normal,signed,1,bernoulli,explicit,soft-zero complement
cssrs04,mania_activation,unlikely_cross,0.0,0.05,normal,signed,1,bernoulli,explicit,soft-zero complement
cssrs04,substance,unlikely_cross,0.0,0.05,normal,signed,1,bernoulli,explicit,soft-zero complement
cssrs05,overall_severity,plausible_cross,0.0,0.25,normal,signed,1,bernoulli,explicit,specific item may load on G
cssrs05,cognition,unlikely_cross,0.0,0.05,normal,signed,1,bernoulli,explicit,soft-zero complement
cssrs05,metabolic,unlikely_cross,0.0,0.05,normal,signed,1,bernoulli,explicit,soft-zero complement
cssrs05,inflammatory,unlikely_cross,0.0,0.05,normal,signed,1,bernoulli,explicit,soft-zero complement
cssrs05,sleep,unlikely_cross,0.0,0.05,normal,signed,1,bernoulli,explicit,soft-zero complement
cssrs05,suicidality,primary,0.6,0.3,half_normal,positive,1,bernoulli,explicit,home factor suicidality
cssrs05,developmental_risk,unlikely_cross,0.0,0.05,normal,signed,1,bernoulli,explicit,soft-zero complement
cssrs05,anhedonia,unlikely_cross,0.0,0.05,normal,signed,1,bernoulli,explicit,soft-zero complement
cssrs05,mania_activation,unlikely_cross,0.0,0.05,normal,signed,1,bernoulli,explicit,soft-zero complement
cssrs05,substance,unlikely_cross,0.0,0.05,normal,signed,1,bernoulli,explicit,soft-zero complement
cssrs06,overall_severity,plausible_cross,0.0,0.25,normal,signed,1,ordered_logistic,explicit,specific item may load on G
cssrs06,cognition,unlikely_cross,0.0,0.05,normal,signed,1,ordered_logistic,explicit,soft-zero complement
cssrs06,metabolic,unlikely_cross,0.0,0.05,normal,signed,1,ordered_logistic,explicit,soft-zero complement
cssrs06,inflammatory,unlikely_cross,0.0,0.05,normal,signed,1,ordered_logistic,explicit,soft-zero complement
cssrs06,sleep,unlikely_cross,0.0,0.05,normal,signed,1,ordered_logistic,explicit,soft-zero complement
cssrs06,suicidality,primary,0.6,0.3,half_normal,positive,1,ordered_logistic,explicit,home factor suicidality
cssrs06,developmental_risk,unlikely_cross,0.0,0.05,normal,signed,1,ordered_logistic,explicit,soft-zero complement
cssrs06,anhedonia,unlikely_cross,0.0,0.05,normal,signed,1,ordered_logistic,explicit,soft-zero complement
cssrs06,mania_activation,unlikely_cross,0.0,0.05,normal,signed,1,ordered_logistic,explicit,soft-zero complement
cssrs06,substance,unlikely_cross,0.0,0.05,normal,signed,1,ordered_logistic,explicit,soft-zero complement
cssrs08,overall_severity,plausible_cross,0.0,0.25,normal,signed,1,ordered_logistic,explicit,specific item may load on G
cssrs08,cognition,unlikely_cross,0.0,0.05,normal,signed,1,ordered_logistic,explicit,soft-zero complement
cssrs08,metabolic,unlikely_cross,0.0,0.05,normal,signed,1,ordered_logistic,explicit,soft-zero complement
cssrs08,inflammatory,unlikely_cross,0.0,0.05,normal,signed,1,ordered_logistic,explicit,soft-zero complement
cssrs08,sleep,unlikely_cross,0.0,0.05,normal,signed,1,ordered_logistic,explicit,soft-zero complement
cssrs08,suicidality,primary,0.6,0.3,half_normal,positive,1,ordered_logistic,explicit,home factor suicidality
cssrs08,developmental_risk,unlikely_cross,0.0,0.05,normal,signed,1,ordered_logistic,explicit,soft-zero complement
cssrs08,anhedonia,unlikely_cross,0.0,0.05,normal,signed,1,ordered_logistic,explicit,soft-zero complement
cssrs08,mania_activation,unlikely_cross,0.0,0.05,normal,signed,1,ordered_logistic,explicit,soft-zero complement
cssrs08,substance,unlikely_cross,0.0,0.05,normal,signed,1,ordered_logistic,explicit,soft-zero complement
cssrs09,overall_severity,plausible_cross,0.0,0.25,normal,signed,1,ordered_logistic,explicit,specific item may load on G
cssrs09,cognition,unlikely_cross,0.0,0.05,normal,signed,1,ordered_logistic,explicit,soft-zero complement
cssrs09,metabolic,unlikely_cross,0.0,0.05,normal,signed,1,ordered_logistic,explicit,soft-zero complement
cssrs09,inflammatory,unlikely_cross,0.0,0.05,normal,signed,1,ordered_logistic,explicit,soft-zero complement
cssrs09,sleep,unlikely_cross,0.0,0.05,normal,signed,1,ordered_logistic,explicit,soft-zero complement
cssrs09,suicidality,primary,0.6,0.3,half_normal,positive,1,ordered_logistic,explicit,home factor suicidality
cssrs09,developmental_risk,unlikely_cross,0.0,0.05,normal,signed,1,ordered_logistic,explicit,soft-zero complement
cssrs09,anhedonia,unlikely_cross,0.0,0.05,normal,signed,1,ordered_logistic,explicit,soft-zero complement
cssrs09,mania_activation,unlikely_cross,0.0,0.05,normal,signed,1,ordered_logistic,explicit,soft-zero complement
cssrs09,substance,unlikely_cross,0.0,0.05,normal,signed,1,ordered_logistic,explicit,soft-zero complement
cssrs10,overall_severity,plausible_cross,0.0,0.25,normal,signed,1,ordered_logistic,explicit,specific item may load on G
cssrs10,cognition,unlikely_cross,0.0,0.05,normal,signed,1,ordered_logistic,explicit,soft-zero complement
cssrs10,metabolic,unlikely_cross,0.0,0.05,normal,signed,1,ordered_logistic,explicit,soft-zero complement
cssrs10,inflammatory,unlikely_cross,0.0,0.05,normal,signed,1,ordered_logistic,explicit,soft-zero complement
cssrs10,sleep,unlikely_cross,0.0,0.05,normal,signed,1,ordered_logistic,explicit,soft-zero complement
cssrs10,suicidality,primary,0.6,0.3,half_normal,positive,1,ordered_logistic,explicit,home factor suicidality
cssrs10,developmental_risk,unlikely_cross,0.0,0.05,normal,signed,1,ordered_logistic,explicit,soft-zero complement
cssrs10,anhedonia,unlikely_cross,0.0,0.05,normal,signed,1,ordered_logistic,explicit,soft-zero complement
cssrs10,mania_activation,unlikely_cross,0.0,0.05,normal,signed,1,ordered_logistic,explicit,soft-zero complement
cssrs10,substance,unlikely_cross,0.0,0.05,normal,signed,1,ordered_logistic,explicit,soft-zero complement
cssrs11,overall_severity,plausible_cross,0.0,0.25,normal,signed,1,ordered_logistic,explicit,specific item may load on G
cssrs11,cognition,unlikely_cross,0.0,0.05,normal,signed,1,ordered_logistic,explicit,soft-zero complement
cssrs11,metabolic,unlikely_cross,0.0,0.05,normal,signed,1,ordered_logistic,explicit,soft-zero complement
cssrs11,inflammatory,unlikely_cross,0.0,0.05,normal,signed,1,ordered_logistic,explicit,soft-zero complement
cssrs11,sleep,unlikely_cross,0.0,0.05,normal,signed,1,ordered_logistic,explicit,soft-zero complement
cssrs11,suicidality,primary,0.6,0.3,half_normal,positive,1,ordered_logistic,explicit,home factor suicidality
cssrs11,developmental_risk,unlikely_cross,0.0,0.05,normal,signed,1,ordered_logistic,explicit,soft-zero complement
cssrs11,anhedonia,unlikely_cross,0.0,0.05,normal,signed,1,ordered_logistic,explicit,soft-zero complement
cssrs11,mania_activation,unlikely_cross,0.0,0.05,normal,signed,1,ordered_logistic,explicit,soft-zero complement
cssrs11,substance,unlikely_cross,0.0,0.05,normal,signed,1,ordered_logistic,explicit,soft-zero complement
cssrs12,overall_severity,plausible_cross,0.0,0.25,normal,signed,1,ordered_logistic,explicit,specific item may load on G
cssrs12,cognition,unlikely_cross,0.0,0.05,normal,signed,1,ordered_logistic,explicit,soft-zero complement
cssrs12,metabolic,unlikely_cross,0.0,0.05,normal,signed,1,ordered_logistic,explicit,soft-zero complement
cssrs12,inflammatory,unlikely_cross,0.0,0.05,normal,signed,1,ordered_logistic,explicit,soft-zero complement
cssrs12,sleep,unlikely_cross,0.0,0.05,normal,signed,1,ordered_logistic,explicit,soft-zero complement
cssrs12,suicidality,primary,0.6,0.3,half_normal,positive,1,ordered_logistic,explicit,home factor suicidality
cssrs12,developmental_risk,unlikely_cross,0.0,0.05,normal,signed,1,ordered_logistic,explicit,soft-zero complement
cssrs12,anhedonia,unlikely_cross,0.0,0.05,normal,signed,1,ordered_logistic,explicit,soft-zero complement
cssrs12,mania_activation,unlikely_cross,0.0,0.05,normal,signed,1,ordered_logistic,explicit,soft-zero complement
cssrs12,substance,unlikely_cross,0.0,0.05,normal,signed,1,ordered_logistic,explicit,soft-zero complement
ctq29,overall_severity,plausible_cross,0.0,0.25,normal,signed,1,gaussian,continuous,specific item may load on G
ctq29,cognition,unlikely_cross,0.0,0.05,normal,signed,1,gaussian,continuous,soft-zero complement
ctq29,metabolic,unlikely_cross,0.0,0.05,normal,signed,1,gaussian,continuous,soft-zero complement
ctq29,inflammatory,unlikely_cross,0.0,0.05,normal,signed,1,gaussian,continuous,soft-zero complement
ctq29,sleep,unlikely_cross,0.0,0.05,normal,signed,1,gaussian,continuous,soft-zero complement
ctq29,suicidality,unlikely_cross,0.0,0.05,normal,signed,1,gaussian,continuous,soft-zero complement
ctq29,developmental_risk,primary,0.6,0.3,half_normal,positive,1,gaussian,continuous,home factor developmental_risk
ctq29,anhedonia,unlikely_cross,0.0,0.05,normal,signed,1,gaussian,continuous,soft-zero complement
ctq29,mania_activation,unlikely_cross,0.0,0.05,normal,signed,1,gaussian,continuous,soft-zero complement
ctq29,substance,unlikely_cross,0.0,0.05,normal,signed,1,gaussian,continuous,soft-zero complement
ctq31,overall_severity,plausible_cross,0.0,0.25,normal,signed,1,gaussian,continuous,specific item may load on G
ctq31,cognition,unlikely_cross,0.0,0.05,normal,signed,1,gaussian,continuous,soft-zero complement
ctq31,metabolic,unlikely_cross,0.0,0.05,normal,signed,1,gaussian,continuous,soft-zero complement
ctq31,inflammatory,unlikely_cross,0.0,0.05,normal,signed,1,gaussian,continuous,soft-zero complement
ctq31,sleep,unlikely_cross,0.0,0.05,normal,signed,1,gaussian,continuous,soft-zero complement
ctq31,suicidality,unlikely_cross,0.0,0.05,normal,signed,1,gaussian,continuous,soft-zero complement
ctq31,developmental_risk,primary,0.6,0.3,half_normal,positive,1,gaussian,continuous,home factor developmental_risk
ctq31,anhedonia,unlikely_cross,0.0,0.05,normal,signed,1,gaussian,continuous,soft-zero complement
ctq31,mania_activation,unlikely_cross,0.0,0.05,normal,signed,1,gaussian,continuous,soft-zero complement
ctq31,substance,unlikely_cross,0.0,0.05,normal,signed,1,gaussian,continuous,soft-zero complement
ctq33,overall_severity,plausible_cross,0.0,0.25,normal,signed,1,gaussian,continuous,specific item may load on G
ctq33,cognition,unlikely_cross,0.0,0.05,normal,signed,1,gaussian,continuous,soft-zero complement
ctq33,metabolic,unlikely_cross,0.0,0.05,normal,signed,1,gaussian,continuous,soft-zero complement
ctq33,inflammatory,unlikely_cross,0.0,0.05,normal,signed,1,gaussian,continuous,soft-zero complement
ctq33,sleep,unlikely_cross,0.0,0.05,normal,signed,1,gaussian,continuous,soft-zero complement
ctq33,suicidality,unlikely_cross,0.0,0.05,normal,signed,1,gaussian,continuous,soft-zero complement
ctq33,developmental_risk,primary,0.6,0.3,half_normal,positive,1,gaussian,continuous,home factor developmental_risk
ctq33,anhedonia,unlikely_cross,0.0,0.05,normal,signed,1,gaussian,continuous,soft-zero complement
ctq33,mania_activation,unlikely_cross,0.0,0.05,normal,signed,1,gaussian,continuous,soft-zero complement
ctq33,substance,unlikely_cross,0.0,0.05,normal,signed,1,gaussian,continuous,soft-zero complement
ctq35,overall_severity,plausible_cross,0.0,0.25,normal,signed,1,gaussian,continuous,specific item may load on G
ctq35,cognition,unlikely_cross,0.0,0.05,normal,signed,1,gaussian,continuous,soft-zero complement
ctq35,metabolic,unlikely_cross,0.0,0.05,normal,signed,1,gaussian,continuous,soft-zero complement
ctq35,inflammatory,unlikely_cross,0.0,0.05,normal,signed,1,gaussian,continuous,soft-zero complement
ctq35,sleep,unlikely_cross,0.0,0.05,normal,signed,1,gaussian,continuous,soft-zero complement
ctq35,suicidality,unlikely_cross,0.0,0.05,normal,signed,1,gaussian,continuous,soft-zero complement
ctq35,developmental_risk,primary,0.6,0.3,half_normal,positive,1,gaussian,continuous,home factor developmental_risk
ctq35,anhedonia,unlikely_cross,0.0,0.05,normal,signed,1,gaussian,continuous,soft-zero complement
ctq35,mania_activation,unlikely_cross,0.0,0.05,normal,signed,1,gaussian,continuous,soft-zero complement
ctq35,substance,unlikely_cross,0.0,0.05,normal,signed,1,gaussian,continuous,soft-zero complement
ctq37,overall_severity,plausible_cross,0.0,0.25,normal,signed,1,gaussian,continuous,specific item may load on G
ctq37,cognition,unlikely_cross,0.0,0.05,normal,signed,1,gaussian,continuous,soft-zero complement
ctq37,metabolic,unlikely_cross,0.0,0.05,normal,signed,1,gaussian,continuous,soft-zero complement
ctq37,inflammatory,unlikely_cross,0.0,0.05,normal,signed,1,gaussian,continuous,soft-zero complement
ctq37,sleep,unlikely_cross,0.0,0.05,normal,signed,1,gaussian,continuous,soft-zero complement
ctq37,suicidality,unlikely_cross,0.0,0.05,normal,signed,1,gaussian,continuous,soft-zero complement
ctq37,developmental_risk,primary,0.6,0.3,half_normal,positive,1,gaussian,continuous,home factor developmental_risk
ctq37,anhedonia,unlikely_cross,0.0,0.05,normal,signed,1,gaussian,continuous,soft-zero complement
ctq37,mania_activation,unlikely_cross,0.0,0.05,normal,signed,1,gaussian,continuous,soft-zero complement
ctq37,substance,unlikely_cross,0.0,0.05,normal,signed,1,gaussian,continuous,soft-zero complement
ctq39,overall_severity,plausible_cross,0.0,0.25,normal,signed,1,gaussian,continuous,specific item may load on G
ctq39,cognition,unlikely_cross,0.0,0.05,normal,signed,1,gaussian,continuous,soft-zero complement
ctq39,metabolic,unlikely_cross,0.0,0.05,normal,signed,1,gaussian,continuous,soft-zero complement
ctq39,inflammatory,unlikely_cross,0.0,0.05,normal,signed,1,gaussian,continuous,soft-zero complement
ctq39,sleep,unlikely_cross,0.0,0.05,normal,signed,1,gaussian,continuous,soft-zero complement
ctq39,suicidality,unlikely_cross,0.0,0.05,normal,signed,1,gaussian,continuous,soft-zero complement
ctq39,developmental_risk,primary,0.6,0.3,half_normal,positive,1,gaussian,continuous,home factor developmental_risk
ctq39,anhedonia,unlikely_cross,0.0,0.05,normal,signed,1,gaussian,continuous,soft-zero complement
ctq39,mania_activation,unlikely_cross,0.0,0.05,normal,signed,1,gaussian,continuous,soft-zero complement
ctq39,substance,unlikely_cross,0.0,0.05,normal,signed,1,gaussian,continuous,soft-zero complement
ctq40,overall_severity,plausible_cross,0.0,0.25,normal,signed,1,ordered_logistic,explicit,specific item may load on G
ctq40,cognition,unlikely_cross,0.0,0.05,normal,signed,1,ordered_logistic,explicit,soft-zero complement
ctq40,metabolic,unlikely_cross,0.0,0.05,normal,signed,1,ordered_logistic,explicit,soft-zero complement
ctq40,inflammatory,unlikely_cross,0.0,0.05,normal,signed,1,ordered_logistic,explicit,soft-zero complement
ctq40,sleep,unlikely_cross,0.0,0.05,normal,signed,1,ordered_logistic,explicit,soft-zero complement
ctq40,suicidality,unlikely_cross,0.0,0.05,normal,signed,1,ordered_logistic,explicit,soft-zero complement
ctq40,developmental_risk,primary,0.6,0.3,half_normal,positive,1,ordered_logistic,explicit,home factor developmental_risk
ctq40,anhedonia,unlikely_cross,0.0,0.05,normal,signed,1,ordered_logistic,explicit,soft-zero complement
ctq40,mania_activation,unlikely_cross,0.0,0.05,normal,signed,1,ordered_logistic,explicit,soft-zero complement
ctq40,substance,unlikely_cross,0.0,0.05,normal,signed,1,ordered_logistic,explicit,soft-zero complement
ctq41,overall_severity,plausible_cross,0.0,0.25,normal,signed,1,bernoulli,explicit,specific item may load on G
ctq41,cognition,unlikely_cross,0.0,0.05,normal,signed,1,bernoulli,explicit,soft-zero complement
ctq41,metabolic,unlikely_cross,0.0,0.05,normal,signed,1,bernoulli,explicit,soft-zero complement
ctq41,inflammatory,unlikely_cross,0.0,0.05,normal,signed,1,bernoulli,explicit,soft-zero complement
ctq41,sleep,unlikely_cross,0.0,0.05,normal,signed,1,bernoulli,explicit,soft-zero complement
ctq41,suicidality,unlikely_cross,0.0,0.05,normal,signed,1,bernoulli,explicit,soft-zero complement
ctq41,developmental_risk,primary,0.6,0.3,half_normal,positive,1,bernoulli,explicit,home factor developmental_risk
ctq41,anhedonia,unlikely_cross,0.0,0.05,normal,signed,1,bernoulli,explicit,soft-zero complement
ctq41,mania_activation,unlikely_cross,0.0,0.05,normal,signed,1,bernoulli,explicit,soft-zero complement
ctq41,substance,unlikely_cross,0.0,0.05,normal,signed,1,bernoulli,explicit,soft-zero complement
cvlt_long_delay_free_recall,overall_severity,plausible_cross,0.0,0.25,normal,signed,-1,gaussian,continuous,specific item may load on G
cvlt_long_delay_free_recall,cognition,primary,0.6,0.3,half_normal,positive,-1,gaussian,continuous,home factor cognition
cvlt_long_delay_free_recall,metabolic,unlikely_cross,0.0,0.05,normal,signed,-1,gaussian,continuous,soft-zero complement
cvlt_long_delay_free_recall,inflammatory,unlikely_cross,0.0,0.05,normal,signed,-1,gaussian,continuous,soft-zero complement
cvlt_long_delay_free_recall,sleep,unlikely_cross,0.0,0.05,normal,signed,-1,gaussian,continuous,soft-zero complement
cvlt_long_delay_free_recall,suicidality,unlikely_cross,0.0,0.05,normal,signed,-1,gaussian,continuous,soft-zero complement
cvlt_long_delay_free_recall,developmental_risk,unlikely_cross,0.0,0.05,normal,signed,-1,gaussian,continuous,soft-zero complement
cvlt_long_delay_free_recall,anhedonia,unlikely_cross,0.0,0.05,normal,signed,-1,gaussian,continuous,soft-zero complement
cvlt_long_delay_free_recall,mania_activation,unlikely_cross,0.0,0.05,normal,signed,-1,gaussian,continuous,soft-zero complement
cvlt_long_delay_free_recall,substance,unlikely_cross,0.0,0.05,normal,signed,-1,gaussian,continuous,soft-zero complement
cvlt_short_delay_free_recall,overall_severity,plausible_cross,0.0,0.25,normal,signed,-1,gaussian,continuous,specific item may load on G
cvlt_short_delay_free_recall,cognition,primary,0.6,0.3,half_normal,positive,-1,gaussian,continuous,home factor cognition
cvlt_short_delay_free_recall,metabolic,unlikely_cross,0.0,0.05,normal,signed,-1,gaussian,continuous,soft-zero complement
cvlt_short_delay_free_recall,inflammatory,unlikely_cross,0.0,0.05,normal,signed,-1,gaussian,continuous,soft-zero complement
cvlt_short_delay_free_recall,sleep,unlikely_cross,0.0,0.05,normal,signed,-1,gaussian,continuous,soft-zero complement
cvlt_short_delay_free_recall,suicidality,unlikely_cross,0.0,0.05,normal,signed,-1,gaussian,continuous,soft-zero complement
cvlt_short_delay_free_recall,developmental_risk,unlikely_cross,0.0,0.05,normal,signed,-1,gaussian,continuous,soft-zero complement
cvlt_short_delay_free_recall,anhedonia,unlikely_cross,0.0,0.05,normal,signed,-1,gaussian,continuous,soft-zero complement
cvlt_short_delay_free_recall,mania_activation,unlikely_cross,0.0,0.05,normal,signed,-1,gaussian,continuous,soft-zero complement
cvlt_short_delay_free_recall,substance,unlikely_cross,0.0,0.05,normal,signed,-1,gaussian,continuous,soft-zero complement
cvlt_total_recall,overall_severity,plausible_cross,0.0,0.25,normal,signed,-1,gaussian,continuous,specific item may load on G
cvlt_total_recall,cognition,primary,0.6,0.3,half_normal,positive,-1,gaussian,continuous,home factor cognition
cvlt_total_recall,metabolic,unlikely_cross,0.0,0.05,normal,signed,-1,gaussian,continuous,soft-zero complement
cvlt_total_recall,inflammatory,unlikely_cross,0.0,0.05,normal,signed,-1,gaussian,continuous,soft-zero complement
cvlt_total_recall,sleep,unlikely_cross,0.0,0.05,normal,signed,-1,gaussian,continuous,soft-zero complement
cvlt_total_recall,suicidality,unlikely_cross,0.0,0.05,normal,signed,-1,gaussian,continuous,soft-zero complement
cvlt_total_recall,developmental_risk,unlikely_cross,0.0,0.05,normal,signed,-1,gaussian,continuous,soft-zero complement
cvlt_total_recall,anhedonia,unlikely_cross,0.0,0.05,normal,signed,-1,gaussian,continuous,soft-zero complement
cvlt_total_recall,mania_activation,unlikely_cross,0.0,0.05,normal,signed,-1,gaussian,continuous,soft-zero complement
cvlt_total_recall,substance,unlikely_cross,0.0,0.05,normal,signed,-1,gaussian,continuous,soft-zero complement
diabpstanding,overall_severity,plausible_cross,0.0,0.25,normal,signed,1,gaussian,continuous,specific item may load on G
diabpstanding,cognition,unlikely_cross,0.0,0.05,normal,signed,1,gaussian,continuous,soft-zero complement
diabpstanding,metabolic,primary,0.6,0.3,half_normal,positive,1,gaussian,continuous,home factor metabolic
diabpstanding,inflammatory,plausible_cross,0.0,0.25,normal,signed,1,gaussian,continuous,theory-motivated cross-loading
diabpstanding,sleep,unlikely_cross,0.0,0.05,normal,signed,1,gaussian,continuous,soft-zero complement
diabpstanding,suicidality,unlikely_cross,0.0,0.05,normal,signed,1,gaussian,continuous,soft-zero complement
diabpstanding,developmental_risk,unlikely_cross,0.0,0.05,normal,signed,1,gaussian,continuous,soft-zero complement
diabpstanding,anhedonia,unlikely_cross,0.0,0.05,normal,signed,1,gaussian,continuous,soft-zero complement
diabpstanding,mania_activation,unlikely_cross,0.0,0.05,normal,signed,1,gaussian,continuous,soft-zero complement
diabpstanding,substance,unlikely_cross,0.0,0.05,normal,signed,1,gaussian,continuous,soft-zero complement
diabpsupine,overall_severity,plausible_cross,0.0,0.25,normal,signed,1,gaussian,continuous,specific item may load on G
diabpsupine,cognition,unlikely_cross,0.0,0.05,normal,signed,1,gaussian,continuous,soft-zero complement
diabpsupine,metabolic,primary,0.6,0.3,half_normal,positive,1,gaussian,continuous,home factor metabolic
diabpsupine,inflammatory,plausible_cross,0.0,0.25,normal,signed,1,gaussian,continuous,theory-motivated cross-loading
diabpsupine,sleep,unlikely_cross,0.0,0.05,normal,signed,1,gaussian,continuous,soft-zero complement
diabpsupine,suicidality,unlikely_cross,0.0,0.05,normal,signed,1,gaussian,continuous,soft-zero complement
diabpsupine,developmental_risk,unlikely_cross,0.0,0.05,normal,signed,1,gaussian,continuous,soft-zero complement
diabpsupine,anhedonia,unlikely_cross,0.0,0.05,normal,signed,1,gaussian,continuous,soft-zero complement
diabpsupine,mania_activation,unlikely_cross,0.0,0.05,normal,signed,1,gaussian,continuous,soft-zero complement
diabpsupine,substance,unlikely_cross,0.0,0.05,normal,signed,1,gaussian,continuous,soft-zero complement
eczema_mhoccur,overall_severity,plausible_cross,0.0,0.25,normal,signed,1,bernoulli,explicit,specific item may load on G
eczema_mhoccur,cognition,unlikely_cross,0.0,0.05,normal,signed,1,bernoulli,explicit,soft-zero complement
eczema_mhoccur,metabolic,plausible_cross,0.0,0.25,normal,signed,1,bernoulli,explicit,theory-motivated cross-loading
eczema_mhoccur,inflammatory,primary,0.6,0.3,half_normal,positive,1,bernoulli,explicit,home factor inflammatory
eczema_mhoccur,sleep,unlikely_cross,0.0,0.05,normal,signed,1,bernoulli,explicit,soft-zero complement
eczema_mhoccur,suicidality,unlikely_cross,0.0,0.05,normal,signed,1,bernoulli,explicit,soft-zero complement
eczema_mhoccur,developmental_risk,unlikely_cross,0.0,0.05,normal,signed,1,bernoulli,explicit,soft-zero complement
eczema_mhoccur,anhedonia,unlikely_cross,0.0,0.05,normal,signed,1,bernoulli,explicit,soft-zero complement
eczema_mhoccur,mania_activation,unlikely_cross,0.0,0.05,normal,signed,1,bernoulli,explicit,soft-zero complement
eczema_mhoccur,substance,unlikely_cross,0.0,0.05,normal,signed,1,bernoulli,explicit,soft-zero complement
egf,overall_severity,g_anchor,0.6,0.3,half_normal,positive,-1,gaussian,continuous,G dedicated anchor
egf,cognition,g_anchor_on_specific,0.0,0.001,normal,signed,-1,gaussian,continuous,severity anchor ~0 on specific (bifactor id)
egf,metabolic,g_anchor_on_specific,0.0,0.001,normal,signed,-1,gaussian,continuous,severity anchor ~0 on specific (bifactor id)
egf,inflammatory,g_anchor_on_specific,0.0,0.001,normal,signed,-1,gaussian,continuous,severity anchor ~0 on specific (bifactor id)
egf,sleep,g_anchor_on_specific,0.0,0.001,normal,signed,-1,gaussian,continuous,severity anchor ~0 on specific (bifactor id)
egf,suicidality,g_anchor_on_specific,0.0,0.001,normal,signed,-1,gaussian,continuous,severity anchor ~0 on specific (bifactor id)
egf,developmental_risk,g_anchor_on_specific,0.0,0.001,normal,signed,-1,gaussian,continuous,severity anchor ~0 on specific (bifactor id)
egf,anhedonia,g_anchor_on_specific,0.0,0.001,normal,signed,-1,gaussian,continuous,severity anchor ~0 on specific (bifactor id)
egf,mania_activation,g_anchor_on_specific,0.0,0.001,normal,signed,-1,gaussian,continuous,severity anchor ~0 on specific (bifactor id)
egf,substance,g_anchor_on_specific,0.0,0.001,normal,signed,-1,gaussian,continuous,severity anchor ~0 on specific (bifactor id)
eghrmn,overall_severity,plausible_cross,0.0,0.25,normal,signed,1,gaussian,continuous,specific item may load on G
eghrmn,cognition,unlikely_cross,0.0,0.05,normal,signed,1,gaussian,continuous,soft-zero complement
eghrmn,metabolic,primary,0.6,0.3,half_normal,positive,1,gaussian,continuous,home factor metabolic
eghrmn,inflammatory,plausible_cross,0.0,0.25,normal,signed,1,gaussian,continuous,theory-motivated cross-loading
eghrmn,sleep,unlikely_cross,0.0,0.05,normal,signed,1,gaussian,continuous,soft-zero complement
eghrmn,suicidality,unlikely_cross,0.0,0.05,normal,signed,1,gaussian,continuous,soft-zero complement
eghrmn,developmental_risk,unlikely_cross,0.0,0.05,normal,signed,1,gaussian,continuous,soft-zero complement
eghrmn,anhedonia,unlikely_cross,0.0,0.05,normal,signed,1,gaussian,continuous,soft-zero complement
eghrmn,mania_activation,unlikely_cross,0.0,0.05,normal,signed,1,gaussian,continuous,soft-zero complement
eghrmn,substance,unlikely_cross,0.0,0.05,normal,signed,1,gaussian,continuous,soft-zero complement
eos,overall_severity,plausible_cross,0.0,0.25,normal,signed,1,lognormal,continuous,specific item may load on G
eos,cognition,unlikely_cross,0.0,0.05,normal,signed,1,lognormal,continuous,soft-zero complement
eos,metabolic,plausible_cross,0.0,0.25,normal,signed,1,lognormal,continuous,theory-motivated cross-loading
eos,inflammatory,primary,0.6,0.3,half_normal,positive,1,lognormal,continuous,home factor inflammatory
eos,sleep,unlikely_cross,0.0,0.05,normal,signed,1,lognormal,continuous,soft-zero complement
eos,suicidality,unlikely_cross,0.0,0.05,normal,signed,1,lognormal,continuous,soft-zero complement
eos,developmental_risk,unlikely_cross,0.0,0.05,normal,signed,1,lognormal,continuous,soft-zero complement
eos,anhedonia,unlikely_cross,0.0,0.05,normal,signed,1,lognormal,continuous,soft-zero complement
eos,mania_activation,unlikely_cross,0.0,0.05,normal,signed,1,lognormal,continuous,soft-zero complement
eos,substance,unlikely_cross,0.0,0.05,normal,signed,1,lognormal,continuous,soft-zero complement
epilepsie_mhoccur,overall_severity,plausible_cross,0.0,0.25,normal,signed,1,bernoulli,explicit,specific item may load on G
epilepsie_mhoccur,cognition,unlikely_cross,0.0,0.05,normal,signed,1,bernoulli,explicit,soft-zero complement
epilepsie_mhoccur,metabolic,unlikely_cross,0.0,0.05,normal,signed,1,bernoulli,explicit,soft-zero complement
epilepsie_mhoccur,inflammatory,unlikely_cross,0.0,0.05,normal,signed,1,bernoulli,explicit,soft-zero complement
epilepsie_mhoccur,sleep,unlikely_cross,0.0,0.05,normal,signed,1,bernoulli,explicit,soft-zero complement
epilepsie_mhoccur,suicidality,unlikely_cross,0.0,0.05,normal,signed,1,bernoulli,explicit,soft-zero complement
epilepsie_mhoccur,developmental_risk,primary,0.6,0.3,half_normal,positive,1,bernoulli,explicit,home factor developmental_risk
epilepsie_mhoccur,anhedonia,unlikely_cross,0.0,0.05,normal,signed,1,bernoulli,explicit,soft-zero complement
epilepsie_mhoccur,mania_activation,unlikely_cross,0.0,0.05,normal,signed,1,bernoulli,explicit,soft-zero complement
epilepsie_mhoccur,substance,unlikely_cross,0.0,0.05,normal,signed,1,bernoulli,explicit,soft-zero complement
eq5d,overall_severity,g_anchor,0.6,0.3,half_normal,positive,-1,gaussian,continuous,G dedicated anchor
eq5d,cognition,g_anchor_on_specific,0.0,0.001,normal,signed,-1,gaussian,continuous,severity anchor ~0 on specific (bifactor id)
eq5d,metabolic,g_anchor_on_specific,0.0,0.001,normal,signed,-1,gaussian,continuous,severity anchor ~0 on specific (bifactor id)
eq5d,inflammatory,g_anchor_on_specific,0.0,0.001,normal,signed,-1,gaussian,continuous,severity anchor ~0 on specific (bifactor id)
eq5d,sleep,g_anchor_on_specific,0.0,0.001,normal,signed,-1,gaussian,continuous,severity anchor ~0 on specific (bifactor id)
eq5d,suicidality,g_anchor_on_specific,0.0,0.001,normal,signed,-1,gaussian,continuous,severity anchor ~0 on specific (bifactor id)
eq5d,developmental_risk,g_anchor_on_specific,0.0,0.001,normal,signed,-1,gaussian,continuous,severity anchor ~0 on specific (bifactor id)
eq5d,anhedonia,g_anchor_on_specific,0.0,0.001,normal,signed,-1,gaussian,continuous,severity anchor ~0 on specific (bifactor id)
eq5d,mania_activation,g_anchor_on_specific,0.0,0.001,normal,signed,-1,gaussian,continuous,severity anchor ~0 on specific (bifactor id)
eq5d,substance,g_anchor_on_specific,0.0,0.001,normal,signed,-1,gaussian,continuous,severity anchor ~0 on specific (bifactor id)
eq5d0206,overall_severity,g_anchor,0.6,0.3,half_normal,positive,-1,gaussian,continuous,G dedicated anchor
eq5d0206,cognition,g_anchor_on_specific,0.0,0.001,normal,signed,-1,gaussian,continuous,severity anchor ~0 on specific (bifactor id)
eq5d0206,metabolic,g_anchor_on_specific,0.0,0.001,normal,signed,-1,gaussian,continuous,severity anchor ~0 on specific (bifactor id)
eq5d0206,inflammatory,g_anchor_on_specific,0.0,0.001,normal,signed,-1,gaussian,continuous,severity anchor ~0 on specific (bifactor id)
eq5d0206,sleep,g_anchor_on_specific,0.0,0.001,normal,signed,-1,gaussian,continuous,severity anchor ~0 on specific (bifactor id)
eq5d0206,suicidality,g_anchor_on_specific,0.0,0.001,normal,signed,-1,gaussian,continuous,severity anchor ~0 on specific (bifactor id)
eq5d0206,developmental_risk,g_anchor_on_specific,0.0,0.001,normal,signed,-1,gaussian,continuous,severity anchor ~0 on specific (bifactor id)
eq5d0206,anhedonia,g_anchor_on_specific,0.0,0.001,normal,signed,-1,gaussian,continuous,severity anchor ~0 on specific (bifactor id)
eq5d0206,mania_activation,g_anchor_on_specific,0.0,0.001,normal,signed,-1,gaussian,continuous,severity anchor ~0 on specific (bifactor id)
eq5d0206,substance,g_anchor_on_specific,0.0,0.001,normal,signed,-1,gaussian,continuous,severity anchor ~0 on specific (bifactor id)
ess0109,overall_severity,plausible_cross,0.0,0.25,normal,signed,1,gaussian,continuous,specific item may load on G
ess0109,cognition,unlikely_cross,0.0,0.05,normal,signed,1,gaussian,continuous,soft-zero complement
ess0109,metabolic,unlikely_cross,0.0,0.05,normal,signed,1,gaussian,continuous,soft-zero complement
ess0109,inflammatory,unlikely_cross,0.0,0.05,normal,signed,1,gaussian,continuous,soft-zero complement
ess0109,sleep,primary,0.6,0.3,half_normal,positive,1,gaussian,continuous,home factor sleep
ess0109,suicidality,unlikely_cross,0.0,0.05,normal,signed,1,gaussian,continuous,soft-zero complement
ess0109,developmental_risk,unlikely_cross,0.0,0.05,normal,signed,1,gaussian,continuous,soft-zero complement
ess0109,anhedonia,unlikely_cross,0.0,0.05,normal,signed,1,gaussian,continuous,soft-zero complement
ess0109,mania_activation,unlikely_cross,0.0,0.05,normal,signed,1,gaussian,continuous,soft-zero complement
ess0109,substance,unlikely_cross,0.0,0.05,normal,signed,1,gaussian,continuous,soft-zero complement
fagers,overall_severity,plausible_cross,0.0,0.25,normal,signed,1,gaussian,continuous,specific item may load on G
fagers,cognition,unlikely_cross,0.0,0.05,normal,signed,1,gaussian,continuous,soft-zero complement
fagers,metabolic,unlikely_cross,0.0,0.05,normal,signed,1,gaussian,continuous,soft-zero complement
fagers,inflammatory,unlikely_cross,0.0,0.05,normal,signed,1,gaussian,continuous,soft-zero complement
fagers,sleep,unlikely_cross,0.0,0.05,normal,signed,1,gaussian,continuous,soft-zero complement
fagers,suicidality,unlikely_cross,0.0,0.05,normal,signed,1,gaussian,continuous,soft-zero complement
fagers,developmental_risk,unlikely_cross,0.0,0.05,normal,signed,1,gaussian,continuous,soft-zero complement
fagers,anhedonia,unlikely_cross,0.0,0.05,normal,signed,1,gaussian,continuous,soft-zero complement
fagers,mania_activation,unlikely_cross,0.0,0.05,normal,signed,1,gaussian,continuous,soft-zero complement
fagers,substance,primary,0.6,0.3,half_normal,positive,1,gaussian,continuous,home factor substance
fast,overall_severity,g_anchor,0.6,0.3,half_normal,positive,1,gaussian,continuous,G dedicated anchor
fast,cognition,g_anchor_on_specific,0.0,0.001,normal,signed,1,gaussian,continuous,severity anchor ~0 on specific (bifactor id)
fast,metabolic,g_anchor_on_specific,0.0,0.001,normal,signed,1,gaussian,continuous,severity anchor ~0 on specific (bifactor id)
fast,inflammatory,g_anchor_on_specific,0.0,0.001,normal,signed,1,gaussian,continuous,severity anchor ~0 on specific (bifactor id)
fast,sleep,g_anchor_on_specific,0.0,0.001,normal,signed,1,gaussian,continuous,severity anchor ~0 on specific (bifactor id)
fast,suicidality,g_anchor_on_specific,0.0,0.001,normal,signed,1,gaussian,continuous,severity anchor ~0 on specific (bifactor id)
fast,developmental_risk,g_anchor_on_specific,0.0,0.001,normal,signed,1,gaussian,continuous,severity anchor ~0 on specific (bifactor id)
fast,anhedonia,g_anchor_on_specific,0.0,0.001,normal,signed,1,gaussian,continuous,severity anchor ~0 on specific (bifactor id)
fast,mania_activation,g_anchor_on_specific,0.0,0.001,normal,signed,1,gaussian,continuous,severity anchor ~0 on specific (bifactor id)
fast,substance,g_anchor_on_specific,0.0,0.001,normal,signed,1,gaussian,continuous,severity anchor ~0 on specific (bifactor id)
fast25,overall_severity,g_anchor,0.6,0.3,half_normal,positive,1,gaussian,continuous,G dedicated anchor
fast25,cognition,g_anchor_on_specific,0.0,0.001,normal,signed,1,gaussian,continuous,severity anchor ~0 on specific (bifactor id)
fast25,metabolic,g_anchor_on_specific,0.0,0.001,normal,signed,1,gaussian,continuous,severity anchor ~0 on specific (bifactor id)
fast25,inflammatory,g_anchor_on_specific,0.0,0.001,normal,signed,1,gaussian,continuous,severity anchor ~0 on specific (bifactor id)
fast25,sleep,g_anchor_on_specific,0.0,0.001,normal,signed,1,gaussian,continuous,severity anchor ~0 on specific (bifactor id)
fast25,suicidality,g_anchor_on_specific,0.0,0.001,normal,signed,1,gaussian,continuous,severity anchor ~0 on specific (bifactor id)
fast25,developmental_risk,g_anchor_on_specific,0.0,0.001,normal,signed,1,gaussian,continuous,severity anchor ~0 on specific (bifactor id)
fast25,anhedonia,g_anchor_on_specific,0.0,0.001,normal,signed,1,gaussian,continuous,severity anchor ~0 on specific (bifactor id)
fast25,mania_activation,g_anchor_on_specific,0.0,0.001,normal,signed,1,gaussian,continuous,severity anchor ~0 on specific (bifactor id)
fast25,substance,g_anchor_on_specific,0.0,0.001,normal,signed,1,gaussian,continuous,severity anchor ~0 on specific (bifactor id)
fast26,overall_severity,g_anchor,0.6,0.3,half_normal,positive,1,gaussian,continuous,G dedicated anchor
fast26,cognition,g_anchor_on_specific,0.0,0.001,normal,signed,1,gaussian,continuous,severity anchor ~0 on specific (bifactor id)
fast26,metabolic,g_anchor_on_specific,0.0,0.001,normal,signed,1,gaussian,continuous,severity anchor ~0 on specific (bifactor id)
fast26,inflammatory,g_anchor_on_specific,0.0,0.001,normal,signed,1,gaussian,continuous,severity anchor ~0 on specific (bifactor id)
fast26,sleep,g_anchor_on_specific,0.0,0.001,normal,signed,1,gaussian,continuous,severity anchor ~0 on specific (bifactor id)
fast26,suicidality,g_anchor_on_specific,0.0,0.001,normal,signed,1,gaussian,continuous,severity anchor ~0 on specific (bifactor id)
fast26,developmental_risk,g_anchor_on_specific,0.0,0.001,normal,signed,1,gaussian,continuous,severity anchor ~0 on specific (bifactor id)
fast26,anhedonia,g_anchor_on_specific,0.0,0.001,normal,signed,1,gaussian,continuous,severity anchor ~0 on specific (bifactor id)
fast26,mania_activation,g_anchor_on_specific,0.0,0.001,normal,signed,1,gaussian,continuous,severity anchor ~0 on specific (bifactor id)
fast26,substance,g_anchor_on_specific,0.0,0.001,normal,signed,1,gaussian,continuous,severity anchor ~0 on specific (bifactor id)
fast27,overall_severity,g_anchor,0.6,0.3,half_normal,positive,1,gaussian,continuous,G dedicated anchor
fast27,cognition,g_anchor_on_specific,0.0,0.001,normal,signed,1,gaussian,continuous,severity anchor ~0 on specific (bifactor id)
fast27,metabolic,g_anchor_on_specific,0.0,0.001,normal,signed,1,gaussian,continuous,severity anchor ~0 on specific (bifactor id)
fast27,inflammatory,g_anchor_on_specific,0.0,0.001,normal,signed,1,gaussian,continuous,severity anchor ~0 on specific (bifactor id)
fast27,sleep,g_anchor_on_specific,0.0,0.001,normal,signed,1,gaussian,continuous,severity anchor ~0 on specific (bifactor id)
fast27,suicidality,g_anchor_on_specific,0.0,0.001,normal,signed,1,gaussian,continuous,severity anchor ~0 on specific (bifactor id)
fast27,developmental_risk,g_anchor_on_specific,0.0,0.001,normal,signed,1,gaussian,continuous,severity anchor ~0 on specific (bifactor id)
fast27,anhedonia,g_anchor_on_specific,0.0,0.001,normal,signed,1,gaussian,continuous,severity anchor ~0 on specific (bifactor id)
fast27,mania_activation,g_anchor_on_specific,0.0,0.001,normal,signed,1,gaussian,continuous,severity anchor ~0 on specific (bifactor id)
fast27,substance,g_anchor_on_specific,0.0,0.001,normal,signed,1,gaussian,continuous,severity anchor ~0 on specific (bifactor id)
fast28,overall_severity,g_anchor,0.6,0.3,half_normal,positive,1,gaussian,continuous,G dedicated anchor
fast28,cognition,g_anchor_on_specific,0.0,0.001,normal,signed,1,gaussian,continuous,severity anchor ~0 on specific (bifactor id)
fast28,metabolic,g_anchor_on_specific,0.0,0.001,normal,signed,1,gaussian,continuous,severity anchor ~0 on specific (bifactor id)
fast28,inflammatory,g_anchor_on_specific,0.0,0.001,normal,signed,1,gaussian,continuous,severity anchor ~0 on specific (bifactor id)
fast28,sleep,g_anchor_on_specific,0.0,0.001,normal,signed,1,gaussian,continuous,severity anchor ~0 on specific (bifactor id)
fast28,suicidality,g_anchor_on_specific,0.0,0.001,normal,signed,1,gaussian,continuous,severity anchor ~0 on specific (bifactor id)
fast28,developmental_risk,g_anchor_on_specific,0.0,0.001,normal,signed,1,gaussian,continuous,severity anchor ~0 on specific (bifactor id)
fast28,anhedonia,g_anchor_on_specific,0.0,0.001,normal,signed,1,gaussian,continuous,severity anchor ~0 on specific (bifactor id)
fast28,mania_activation,g_anchor_on_specific,0.0,0.001,normal,signed,1,gaussian,continuous,severity anchor ~0 on specific (bifactor id)
fast28,substance,g_anchor_on_specific,0.0,0.001,normal,signed,1,gaussian,continuous,severity anchor ~0 on specific (bifactor id)
fast30,overall_severity,g_anchor,0.6,0.3,half_normal,positive,1,gaussian,continuous,G dedicated anchor
fast30,cognition,g_anchor_on_specific,0.0,0.001,normal,signed,1,gaussian,continuous,severity anchor ~0 on specific (bifactor id)
fast30,metabolic,g_anchor_on_specific,0.0,0.001,normal,signed,1,gaussian,continuous,severity anchor ~0 on specific (bifactor id)
fast30,inflammatory,g_anchor_on_specific,0.0,0.001,normal,signed,1,gaussian,continuous,severity anchor ~0 on specific (bifactor id)
fast30,sleep,g_anchor_on_specific,0.0,0.001,normal,signed,1,gaussian,continuous,severity anchor ~0 on specific (bifactor id)
fast30,suicidality,g_anchor_on_specific,0.0,0.001,normal,signed,1,gaussian,continuous,severity anchor ~0 on specific (bifactor id)
fast30,developmental_risk,g_anchor_on_specific,0.0,0.001,normal,signed,1,gaussian,continuous,severity anchor ~0 on specific (bifactor id)
fast30,anhedonia,g_anchor_on_specific,0.0,0.001,normal,signed,1,gaussian,continuous,severity anchor ~0 on specific (bifactor id)
fast30,mania_activation,g_anchor_on_specific,0.0,0.001,normal,signed,1,gaussian,continuous,severity anchor ~0 on specific (bifactor id)
fast30,substance,g_anchor_on_specific,0.0,0.001,normal,signed,1,gaussian,continuous,severity anchor ~0 on specific (bifactor id)
ggt_lbstresc,overall_severity,plausible_cross,0.0,0.25,normal,signed,1,lognormal,continuous,specific item may load on G
ggt_lbstresc,cognition,unlikely_cross,0.0,0.05,normal,signed,1,lognormal,continuous,soft-zero complement
ggt_lbstresc,metabolic,primary,0.6,0.3,half_normal,positive,1,lognormal,continuous,home factor metabolic
ggt_lbstresc,inflammatory,plausible_cross,0.0,0.25,normal,signed,1,lognormal,continuous,theory-motivated cross-loading
ggt_lbstresc,sleep,unlikely_cross,0.0,0.05,normal,signed,1,lognormal,continuous,soft-zero complement
ggt_lbstresc,suicidality,unlikely_cross,0.0,0.05,normal,signed,1,lognormal,continuous,soft-zero complement
ggt_lbstresc,developmental_risk,unlikely_cross,0.0,0.05,normal,signed,1,lognormal,continuous,soft-zero complement
ggt_lbstresc,anhedonia,unlikely_cross,0.0,0.05,normal,signed,1,lognormal,continuous,soft-zero complement
ggt_lbstresc,mania_activation,unlikely_cross,0.0,0.05,normal,signed,1,lognormal,continuous,soft-zero complement
ggt_lbstresc,substance,unlikely_cross,0.0,0.05,normal,signed,1,lognormal,continuous,soft-zero complement
gluc,overall_severity,plausible_cross,0.0,0.25,normal,signed,1,lognormal,continuous,specific item may load on G
gluc,cognition,unlikely_cross,0.0,0.05,normal,signed,1,lognormal,continuous,soft-zero complement
gluc,metabolic,primary,0.6,0.3,half_normal,positive,1,lognormal,continuous,home factor metabolic
gluc,inflammatory,plausible_cross,0.0,0.25,normal,signed,1,lognormal,continuous,theory-motivated cross-loading
gluc,sleep,unlikely_cross,0.0,0.05,normal,signed,1,lognormal,continuous,soft-zero complement
gluc,suicidality,unlikely_cross,0.0,0.05,normal,signed,1,lognormal,continuous,soft-zero complement
gluc,developmental_risk,unlikely_cross,0.0,0.05,normal,signed,1,lognormal,continuous,soft-zero complement
gluc,anhedonia,unlikely_cross,0.0,0.05,normal,signed,1,lognormal,continuous,soft-zero complement
gluc,mania_activation,unlikely_cross,0.0,0.05,normal,signed,1,lognormal,continuous,soft-zero complement
gluc,substance,unlikely_cross,0.0,0.05,normal,signed,1,lognormal,continuous,soft-zero complement
gstabrth,overall_severity,plausible_cross,0.0,0.25,normal,signed,-1,gaussian,continuous,specific item may load on G
gstabrth,cognition,unlikely_cross,0.0,0.05,normal,signed,-1,gaussian,continuous,soft-zero complement
gstabrth,metabolic,unlikely_cross,0.0,0.05,normal,signed,-1,gaussian,continuous,soft-zero complement
gstabrth,inflammatory,unlikely_cross,0.0,0.05,normal,signed,-1,gaussian,continuous,soft-zero complement
gstabrth,sleep,unlikely_cross,0.0,0.05,normal,signed,-1,gaussian,continuous,soft-zero complement
gstabrth,suicidality,unlikely_cross,0.0,0.05,normal,signed,-1,gaussian,continuous,soft-zero complement
gstabrth,developmental_risk,primary,0.6,0.3,half_normal,positive,-1,gaussian,continuous,home factor developmental_risk
gstabrth,anhedonia,unlikely_cross,0.0,0.05,normal,signed,-1,gaussian,continuous,soft-zero complement
gstabrth,mania_activation,unlikely_cross,0.0,0.05,normal,signed,-1,gaussian,continuous,soft-zero complement
gstabrth,substance,unlikely_cross,0.0,0.05,normal,signed,-1,gaussian,continuous,soft-zero complement
hba1c,overall_severity,plausible_cross,0.0,0.25,normal,signed,1,lognormal,continuous,specific item may load on G
hba1c,cognition,unlikely_cross,0.0,0.05,normal,signed,1,lognormal,continuous,soft-zero complement
hba1c,metabolic,primary,0.6,0.3,half_normal,positive,1,lognormal,continuous,home factor metabolic
hba1c,inflammatory,plausible_cross,0.0,0.25,normal,signed,1,lognormal,continuous,theory-motivated cross-loading
hba1c,sleep,unlikely_cross,0.0,0.05,normal,signed,1,lognormal,continuous,soft-zero complement
hba1c,suicidality,unlikely_cross,0.0,0.05,normal,signed,1,lognormal,continuous,soft-zero complement
hba1c,developmental_risk,unlikely_cross,0.0,0.05,normal,signed,1,lognormal,continuous,soft-zero complement
hba1c,anhedonia,unlikely_cross,0.0,0.05,normal,signed,1,lognormal,continuous,soft-zero complement
hba1c,mania_activation,unlikely_cross,0.0,0.05,normal,signed,1,lognormal,continuous,soft-zero complement
hba1c,substance,unlikely_cross,0.0,0.05,normal,signed,1,lognormal,continuous,soft-zero complement
hdl,overall_severity,plausible_cross,0.0,0.25,normal,signed,-1,gaussian,continuous,specific item may load on G
hdl,cognition,unlikely_cross,0.0,0.05,normal,signed,-1,gaussian,continuous,soft-zero complement
hdl,metabolic,primary,0.6,0.3,half_normal,positive,-1,gaussian,continuous,home factor metabolic
hdl,inflammatory,plausible_cross,0.0,0.25,normal,signed,-1,gaussian,continuous,theory-motivated cross-loading
hdl,sleep,unlikely_cross,0.0,0.05,normal,signed,-1,gaussian,continuous,soft-zero complement
hdl,suicidality,unlikely_cross,0.0,0.05,normal,signed,-1,gaussian,continuous,soft-zero complement
hdl,developmental_risk,unlikely_cross,0.0,0.05,normal,signed,-1,gaussian,continuous,soft-zero complement
hdl,anhedonia,unlikely_cross,0.0,0.05,normal,signed,-1,gaussian,continuous,soft-zero complement
hdl,mania_activation,unlikely_cross,0.0,0.05,normal,signed,-1,gaussian,continuous,soft-zero complement
hdl,substance,unlikely_cross,0.0,0.05,normal,signed,-1,gaussian,continuous,soft-zero complement
hodur_arret_travail_actuel,overall_severity,g_anchor,0.6,0.3,half_normal,positive,1,bernoulli,explicit,G dedicated anchor
hodur_arret_travail_actuel,cognition,g_anchor_on_specific,0.0,0.001,normal,signed,1,bernoulli,explicit,severity anchor ~0 on specific (bifactor id)
hodur_arret_travail_actuel,metabolic,g_anchor_on_specific,0.0,0.001,normal,signed,1,bernoulli,explicit,severity anchor ~0 on specific (bifactor id)
hodur_arret_travail_actuel,inflammatory,g_anchor_on_specific,0.0,0.001,normal,signed,1,bernoulli,explicit,severity anchor ~0 on specific (bifactor id)
hodur_arret_travail_actuel,sleep,g_anchor_on_specific,0.0,0.001,normal,signed,1,bernoulli,explicit,severity anchor ~0 on specific (bifactor id)
hodur_arret_travail_actuel,suicidality,g_anchor_on_specific,0.0,0.001,normal,signed,1,bernoulli,explicit,severity anchor ~0 on specific (bifactor id)
hodur_arret_travail_actuel,developmental_risk,g_anchor_on_specific,0.0,0.001,normal,signed,1,bernoulli,explicit,severity anchor ~0 on specific (bifactor id)
hodur_arret_travail_actuel,anhedonia,g_anchor_on_specific,0.0,0.001,normal,signed,1,bernoulli,explicit,severity anchor ~0 on specific (bifactor id)
hodur_arret_travail_actuel,mania_activation,g_anchor_on_specific,0.0,0.001,normal,signed,1,bernoulli,explicit,severity anchor ~0 on specific (bifactor id)
hodur_arret_travail_actuel,substance,g_anchor_on_specific,0.0,0.001,normal,signed,1,bernoulli,explicit,severity anchor ~0 on specific (bifactor id)
honeonat,overall_severity,plausible_cross,0.0,0.25,normal,signed,1,bernoulli,explicit,specific item may load on G
honeonat,cognition,unlikely_cross,0.0,0.05,normal,signed,1,bernoulli,explicit,soft-zero complement
honeonat,metabolic,unlikely_cross,0.0,0.05,normal,signed,1,bernoulli,explicit,soft-zero complement
honeonat,inflammatory,unlikely_cross,0.0,0.05,normal,signed,1,bernoulli,explicit,soft-zero complement
honeonat,sleep,unlikely_cross,0.0,0.05,normal,signed,1,bernoulli,explicit,soft-zero complement
honeonat,suicidality,unlikely_cross,0.0,0.05,normal,signed,1,bernoulli,explicit,soft-zero complement
honeonat,developmental_risk,primary,0.6,0.3,half_normal,positive,1,bernoulli,explicit,home factor developmental_risk
honeonat,anhedonia,unlikely_cross,0.0,0.05,normal,signed,1,bernoulli,explicit,soft-zero complement
honeonat,mania_activation,unlikely_cross,0.0,0.05,normal,signed,1,bernoulli,explicit,soft-zero complement
honeonat,substance,unlikely_cross,0.0,0.05,normal,signed,1,bernoulli,explicit,soft-zero complement
hooccur_arret_travail_actuel,overall_severity,g_anchor,0.6,0.3,half_normal,positive,1,bernoulli,explicit,G dedicated anchor
hooccur_arret_travail_actuel,cognition,g_anchor_on_specific,0.0,0.001,normal,signed,1,bernoulli,explicit,severity anchor ~0 on specific (bifactor id)
hooccur_arret_travail_actuel,metabolic,g_anchor_on_specific,0.0,0.001,normal,signed,1,bernoulli,explicit,severity anchor ~0 on specific (bifactor id)
hooccur_arret_travail_actuel,inflammatory,g_anchor_on_specific,0.0,0.001,normal,signed,1,bernoulli,explicit,severity anchor ~0 on specific (bifactor id)
hooccur_arret_travail_actuel,sleep,g_anchor_on_specific,0.0,0.001,normal,signed,1,bernoulli,explicit,severity anchor ~0 on specific (bifactor id)
hooccur_arret_travail_actuel,suicidality,g_anchor_on_specific,0.0,0.001,normal,signed,1,bernoulli,explicit,severity anchor ~0 on specific (bifactor id)
hooccur_arret_travail_actuel,developmental_risk,g_anchor_on_specific,0.0,0.001,normal,signed,1,bernoulli,explicit,severity anchor ~0 on specific (bifactor id)
hooccur_arret_travail_actuel,anhedonia,g_anchor_on_specific,0.0,0.001,normal,signed,1,bernoulli,explicit,severity anchor ~0 on specific (bifactor id)
hooccur_arret_travail_actuel,mania_activation,g_anchor_on_specific,0.0,0.001,normal,signed,1,bernoulli,explicit,severity anchor ~0 on specific (bifactor id)
hooccur_arret_travail_actuel,substance,g_anchor_on_specific,0.0,0.001,normal,signed,1,bernoulli,explicit,severity anchor ~0 on specific (bifactor id)
hrstanding,overall_severity,plausible_cross,0.0,0.25,normal,signed,1,gaussian,continuous,specific item may load on G
hrstanding,cognition,unlikely_cross,0.0,0.05,normal,signed,1,gaussian,continuous,soft-zero complement
hrstanding,metabolic,primary,0.6,0.3,half_normal,positive,1,gaussian,continuous,home factor metabolic
hrstanding,inflammatory,plausible_cross,0.0,0.25,normal,signed,1,gaussian,continuous,theory-motivated cross-loading
hrstanding,sleep,unlikely_cross,0.0,0.05,normal,signed,1,gaussian,continuous,soft-zero complement
hrstanding,suicidality,unlikely_cross,0.0,0.05,normal,signed,1,gaussian,continuous,soft-zero complement
hrstanding,developmental_risk,unlikely_cross,0.0,0.05,normal,signed,1,gaussian,continuous,soft-zero complement
hrstanding,anhedonia,unlikely_cross,0.0,0.05,normal,signed,1,gaussian,continuous,soft-zero complement
hrstanding,mania_activation,unlikely_cross,0.0,0.05,normal,signed,1,gaussian,continuous,soft-zero complement
hrstanding,substance,unlikely_cross,0.0,0.05,normal,signed,1,gaussian,continuous,soft-zero complement
hrsupine,overall_severity,plausible_cross,0.0,0.25,normal,signed,1,gaussian,continuous,specific item may load on G
hrsupine,cognition,unlikely_cross,0.0,0.05,normal,signed,1,gaussian,continuous,soft-zero complement
hrsupine,metabolic,primary,0.6,0.3,half_normal,positive,1,gaussian,continuous,home factor metabolic
hrsupine,inflammatory,plausible_cross,0.0,0.25,normal,signed,1,gaussian,continuous,theory-motivated cross-loading
hrsupine,sleep,unlikely_cross,0.0,0.05,normal,signed,1,gaussian,continuous,soft-zero complement
hrsupine,suicidality,unlikely_cross,0.0,0.05,normal,signed,1,gaussian,continuous,soft-zero complement
hrsupine,developmental_risk,unlikely_cross,0.0,0.05,normal,signed,1,gaussian,continuous,soft-zero complement
hrsupine,anhedonia,unlikely_cross,0.0,0.05,normal,signed,1,gaussian,continuous,soft-zero complement
hrsupine,mania_activation,unlikely_cross,0.0,0.05,normal,signed,1,gaussian,continuous,soft-zero complement
hrsupine,substance,unlikely_cross,0.0,0.05,normal,signed,1,gaussian,continuous,soft-zero complement
hta_mhoccur,overall_severity,plausible_cross,0.0,0.25,normal,signed,1,bernoulli,explicit,specific item may load on G
hta_mhoccur,cognition,unlikely_cross,0.0,0.05,normal,signed,1,bernoulli,explicit,soft-zero complement
hta_mhoccur,metabolic,primary,0.6,0.3,half_normal,positive,1,bernoulli,explicit,home factor metabolic
hta_mhoccur,inflammatory,plausible_cross,0.0,0.25,normal,signed,1,bernoulli,explicit,theory-motivated cross-loading
hta_mhoccur,sleep,unlikely_cross,0.0,0.05,normal,signed,1,bernoulli,explicit,soft-zero complement
hta_mhoccur,suicidality,unlikely_cross,0.0,0.05,normal,signed,1,bernoulli,explicit,soft-zero complement
hta_mhoccur,developmental_risk,unlikely_cross,0.0,0.05,normal,signed,1,bernoulli,explicit,soft-zero complement
hta_mhoccur,anhedonia,unlikely_cross,0.0,0.05,normal,signed,1,bernoulli,explicit,soft-zero complement
hta_mhoccur,mania_activation,unlikely_cross,0.0,0.05,normal,signed,1,bernoulli,explicit,soft-zero complement
hta_mhoccur,substance,unlikely_cross,0.0,0.05,normal,signed,1,bernoulli,explicit,soft-zero complement
isf01,overall_severity,plausible_cross,0.0,0.25,normal,signed,1,bernoulli,explicit,specific item may load on G
isf01,cognition,unlikely_cross,0.0,0.05,normal,signed,1,bernoulli,explicit,soft-zero complement
isf01,metabolic,unlikely_cross,0.0,0.05,normal,signed,1,bernoulli,explicit,soft-zero complement
isf01,inflammatory,unlikely_cross,0.0,0.05,normal,signed,1,bernoulli,explicit,soft-zero complement
isf01,sleep,unlikely_cross,0.0,0.05,normal,signed,1,bernoulli,explicit,soft-zero complement
isf01,suicidality,primary,0.6,0.3,half_normal,positive,1,bernoulli,explicit,home factor suicidality
isf01,developmental_risk,unlikely_cross,0.0,0.05,normal,signed,1,bernoulli,explicit,soft-zero complement
isf01,anhedonia,unlikely_cross,0.0,0.05,normal,signed,1,bernoulli,explicit,soft-zero complement
isf01,mania_activation,unlikely_cross,0.0,0.05,normal,signed,1,bernoulli,explicit,soft-zero complement
isf01,substance,unlikely_cross,0.0,0.05,normal,signed,1,bernoulli,explicit,soft-zero complement
isf02,overall_severity,plausible_cross,0.0,0.25,normal,signed,1,bernoulli,explicit,specific item may load on G
isf02,cognition,unlikely_cross,0.0,0.05,normal,signed,1,bernoulli,explicit,soft-zero complement
isf02,metabolic,unlikely_cross,0.0,0.05,normal,signed,1,bernoulli,explicit,soft-zero complement
isf02,inflammatory,unlikely_cross,0.0,0.05,normal,signed,1,bernoulli,explicit,soft-zero complement
isf02,sleep,unlikely_cross,0.0,0.05,normal,signed,1,bernoulli,explicit,soft-zero complement
isf02,suicidality,primary,0.6,0.3,half_normal,positive,1,bernoulli,explicit,home factor suicidality
isf02,developmental_risk,unlikely_cross,0.0,0.05,normal,signed,1,bernoulli,explicit,soft-zero complement
isf02,anhedonia,unlikely_cross,0.0,0.05,normal,signed,1,bernoulli,explicit,soft-zero complement
isf02,mania_activation,unlikely_cross,0.0,0.05,normal,signed,1,bernoulli,explicit,soft-zero complement
isf02,substance,unlikely_cross,0.0,0.05,normal,signed,1,bernoulli,explicit,soft-zero complement
isf03,overall_severity,plausible_cross,0.0,0.25,normal,signed,1,bernoulli,explicit,specific item may load on G
isf03,cognition,unlikely_cross,0.0,0.05,normal,signed,1,bernoulli,explicit,soft-zero complement
isf03,metabolic,unlikely_cross,0.0,0.05,normal,signed,1,bernoulli,explicit,soft-zero complement
isf03,inflammatory,unlikely_cross,0.0,0.05,normal,signed,1,bernoulli,explicit,soft-zero complement
isf03,sleep,unlikely_cross,0.0,0.05,normal,signed,1,bernoulli,explicit,soft-zero complement
isf03,suicidality,primary,0.6,0.3,half_normal,positive,1,bernoulli,explicit,home factor suicidality
isf03,developmental_risk,unlikely_cross,0.0,0.05,normal,signed,1,bernoulli,explicit,soft-zero complement
isf03,anhedonia,unlikely_cross,0.0,0.05,normal,signed,1,bernoulli,explicit,soft-zero complement
isf03,mania_activation,unlikely_cross,0.0,0.05,normal,signed,1,bernoulli,explicit,soft-zero complement
isf03,substance,unlikely_cross,0.0,0.05,normal,signed,1,bernoulli,explicit,soft-zero complement
isf04,overall_severity,plausible_cross,0.0,0.25,normal,signed,1,bernoulli,explicit,specific item may load on G
isf04,cognition,unlikely_cross,0.0,0.05,normal,signed,1,bernoulli,explicit,soft-zero complement
isf04,metabolic,unlikely_cross,0.0,0.05,normal,signed,1,bernoulli,explicit,soft-zero complement
isf04,inflammatory,unlikely_cross,0.0,0.05,normal,signed,1,bernoulli,explicit,soft-zero complement
isf04,sleep,unlikely_cross,0.0,0.05,normal,signed,1,bernoulli,explicit,soft-zero complement
isf04,suicidality,primary,0.6,0.3,half_normal,positive,1,bernoulli,explicit,home factor suicidality
isf04,developmental_risk,unlikely_cross,0.0,0.05,normal,signed,1,bernoulli,explicit,soft-zero complement
isf04,anhedonia,unlikely_cross,0.0,0.05,normal,signed,1,bernoulli,explicit,soft-zero complement
isf04,mania_activation,unlikely_cross,0.0,0.05,normal,signed,1,bernoulli,explicit,soft-zero complement
isf04,substance,unlikely_cross,0.0,0.05,normal,signed,1,bernoulli,explicit,soft-zero complement
isf05,overall_severity,plausible_cross,0.0,0.25,normal,signed,1,bernoulli,explicit,specific item may load on G
isf05,cognition,unlikely_cross,0.0,0.05,normal,signed,1,bernoulli,explicit,soft-zero complement
isf05,metabolic,unlikely_cross,0.0,0.05,normal,signed,1,bernoulli,explicit,soft-zero complement
isf05,inflammatory,unlikely_cross,0.0,0.05,normal,signed,1,bernoulli,explicit,soft-zero complement
isf05,sleep,unlikely_cross,0.0,0.05,normal,signed,1,bernoulli,explicit,soft-zero complement
isf05,suicidality,primary,0.6,0.3,half_normal,positive,1,bernoulli,explicit,home factor suicidality
isf05,developmental_risk,unlikely_cross,0.0,0.05,normal,signed,1,bernoulli,explicit,soft-zero complement
isf05,anhedonia,unlikely_cross,0.0,0.05,normal,signed,1,bernoulli,explicit,soft-zero complement
isf05,mania_activation,unlikely_cross,0.0,0.05,normal,signed,1,bernoulli,explicit,soft-zero complement
isf05,substance,unlikely_cross,0.0,0.05,normal,signed,1,bernoulli,explicit,soft-zero complement
isf07,overall_severity,plausible_cross,0.0,0.25,normal,signed,1,gaussian,continuous,specific item may load on G
isf07,cognition,unlikely_cross,0.0,0.05,normal,signed,1,gaussian,continuous,soft-zero complement
isf07,metabolic,unlikely_cross,0.0,0.05,normal,signed,1,gaussian,continuous,soft-zero complement
isf07,inflammatory,unlikely_cross,0.0,0.05,normal,signed,1,gaussian,continuous,soft-zero complement
isf07,sleep,unlikely_cross,0.0,0.05,normal,signed,1,gaussian,continuous,soft-zero complement
isf07,suicidality,primary,0.6,0.3,half_normal,positive,1,gaussian,continuous,home factor suicidality
isf07,developmental_risk,unlikely_cross,0.0,0.05,normal,signed,1,gaussian,continuous,soft-zero complement
isf07,anhedonia,unlikely_cross,0.0,0.05,normal,signed,1,gaussian,continuous,soft-zero complement
isf07,mania_activation,unlikely_cross,0.0,0.05,normal,signed,1,gaussian,continuous,soft-zero complement
isf07,substance,unlikely_cross,0.0,0.05,normal,signed,1,gaussian,continuous,soft-zero complement
isf08,overall_severity,plausible_cross,0.0,0.25,normal,signed,1,bernoulli,explicit,specific item may load on G
isf08,cognition,unlikely_cross,0.0,0.05,normal,signed,1,bernoulli,explicit,soft-zero complement
isf08,metabolic,unlikely_cross,0.0,0.05,normal,signed,1,bernoulli,explicit,soft-zero complement
isf08,inflammatory,unlikely_cross,0.0,0.05,normal,signed,1,bernoulli,explicit,soft-zero complement
isf08,sleep,unlikely_cross,0.0,0.05,normal,signed,1,bernoulli,explicit,soft-zero complement
isf08,suicidality,primary,0.6,0.3,half_normal,positive,1,bernoulli,explicit,home factor suicidality
isf08,developmental_risk,unlikely_cross,0.0,0.05,normal,signed,1,bernoulli,explicit,soft-zero complement
isf08,anhedonia,unlikely_cross,0.0,0.05,normal,signed,1,bernoulli,explicit,soft-zero complement
isf08,mania_activation,unlikely_cross,0.0,0.05,normal,signed,1,bernoulli,explicit,soft-zero complement
isf08,substance,unlikely_cross,0.0,0.05,normal,signed,1,bernoulli,explicit,soft-zero complement
isf08a,overall_severity,plausible_cross,0.0,0.25,normal,signed,1,ordered_logistic,explicit,specific item may load on G
isf08a,cognition,unlikely_cross,0.0,0.05,normal,signed,1,ordered_logistic,explicit,soft-zero complement
isf08a,metabolic,unlikely_cross,0.0,0.05,normal,signed,1,ordered_logistic,explicit,soft-zero complement
isf08a,inflammatory,unlikely_cross,0.0,0.05,normal,signed,1,ordered_logistic,explicit,soft-zero complement
isf08a,sleep,unlikely_cross,0.0,0.05,normal,signed,1,ordered_logistic,explicit,soft-zero complement
isf08a,suicidality,primary,0.6,0.3,half_normal,positive,1,ordered_logistic,explicit,home factor suicidality
isf08a,developmental_risk,unlikely_cross,0.0,0.05,normal,signed,1,ordered_logistic,explicit,soft-zero complement
isf08a,anhedonia,unlikely_cross,0.0,0.05,normal,signed,1,ordered_logistic,explicit,soft-zero complement
isf08a,mania_activation,unlikely_cross,0.0,0.05,normal,signed,1,ordered_logistic,explicit,soft-zero complement
isf08a,substance,unlikely_cross,0.0,0.05,normal,signed,1,ordered_logistic,explicit,soft-zero complement
isf09,overall_severity,plausible_cross,0.0,0.25,normal,signed,1,bernoulli,explicit,specific item may load on G
isf09,cognition,unlikely_cross,0.0,0.05,normal,signed,1,bernoulli,explicit,soft-zero complement
isf09,metabolic,unlikely_cross,0.0,0.05,normal,signed,1,bernoulli,explicit,soft-zero complement
isf09,inflammatory,unlikely_cross,0.0,0.05,normal,signed,1,bernoulli,explicit,soft-zero complement
isf09,sleep,unlikely_cross,0.0,0.05,normal,signed,1,bernoulli,explicit,soft-zero complement
isf09,suicidality,primary,0.6,0.3,half_normal,positive,1,bernoulli,explicit,home factor suicidality
isf09,developmental_risk,unlikely_cross,0.0,0.05,normal,signed,1,bernoulli,explicit,soft-zero complement
isf09,anhedonia,unlikely_cross,0.0,0.05,normal,signed,1,bernoulli,explicit,soft-zero complement
isf09,mania_activation,unlikely_cross,0.0,0.05,normal,signed,1,bernoulli,explicit,soft-zero complement
isf09,substance,unlikely_cross,0.0,0.05,normal,signed,1,bernoulli,explicit,soft-zero complement
isf09a,overall_severity,plausible_cross,0.0,0.25,normal,signed,1,neg_binomial,explicit,specific item may load on G
isf09a,cognition,unlikely_cross,0.0,0.05,normal,signed,1,neg_binomial,explicit,soft-zero complement
isf09a,metabolic,unlikely_cross,0.0,0.05,normal,signed,1,neg_binomial,explicit,soft-zero complement
isf09a,inflammatory,unlikely_cross,0.0,0.05,normal,signed,1,neg_binomial,explicit,soft-zero complement
isf09a,sleep,unlikely_cross,0.0,0.05,normal,signed,1,neg_binomial,explicit,soft-zero complement
isf09a,suicidality,primary,0.6,0.3,half_normal,positive,1,neg_binomial,explicit,home factor suicidality
isf09a,developmental_risk,unlikely_cross,0.0,0.05,normal,signed,1,neg_binomial,explicit,soft-zero complement
isf09a,anhedonia,unlikely_cross,0.0,0.05,normal,signed,1,neg_binomial,explicit,soft-zero complement
isf09a,mania_activation,unlikely_cross,0.0,0.05,normal,signed,1,neg_binomial,explicit,soft-zero complement
isf09a,substance,unlikely_cross,0.0,0.05,normal,signed,1,neg_binomial,explicit,soft-zero complement
jobclas,overall_severity,g_anchor,0.6,0.3,half_normal,positive,-1,bernoulli,explicit,G dedicated anchor
jobclas,cognition,g_anchor_on_specific,0.0,0.001,normal,signed,-1,bernoulli,explicit,severity anchor ~0 on specific (bifactor id)
jobclas,metabolic,g_anchor_on_specific,0.0,0.001,normal,signed,-1,bernoulli,explicit,severity anchor ~0 on specific (bifactor id)
jobclas,inflammatory,g_anchor_on_specific,0.0,0.001,normal,signed,-1,bernoulli,explicit,severity anchor ~0 on specific (bifactor id)
jobclas,sleep,g_anchor_on_specific,0.0,0.001,normal,signed,-1,bernoulli,explicit,severity anchor ~0 on specific (bifactor id)
jobclas,suicidality,g_anchor_on_specific,0.0,0.001,normal,signed,-1,bernoulli,explicit,severity anchor ~0 on specific (bifactor id)
jobclas,developmental_risk,g_anchor_on_specific,0.0,0.001,normal,signed,-1,bernoulli,explicit,severity anchor ~0 on specific (bifactor id)
jobclas,anhedonia,g_anchor_on_specific,0.0,0.001,normal,signed,-1,bernoulli,explicit,severity anchor ~0 on specific (bifactor id)
jobclas,mania_activation,g_anchor_on_specific,0.0,0.001,normal,signed,-1,bernoulli,explicit,severity anchor ~0 on specific (bifactor id)
jobclas,substance,g_anchor_on_specific,0.0,0.001,normal,signed,-1,bernoulli,explicit,severity anchor ~0 on specific (bifactor id)
ldl,overall_severity,plausible_cross,0.0,0.25,normal,signed,1,gaussian,continuous,specific item may load on G
ldl,cognition,unlikely_cross,0.0,0.05,normal,signed,1,gaussian,continuous,soft-zero complement
ldl,metabolic,primary,0.6,0.3,half_normal,positive,1,gaussian,continuous,home factor metabolic
ldl,inflammatory,plausible_cross,0.0,0.25,normal,signed,1,gaussian,continuous,theory-motivated cross-loading
ldl,sleep,unlikely_cross,0.0,0.05,normal,signed,1,gaussian,continuous,soft-zero complement
ldl,suicidality,unlikely_cross,0.0,0.05,normal,signed,1,gaussian,continuous,soft-zero complement
ldl,developmental_risk,unlikely_cross,0.0,0.05,normal,signed,1,gaussian,continuous,soft-zero complement
ldl,anhedonia,unlikely_cross,0.0,0.05,normal,signed,1,gaussian,continuous,soft-zero complement
ldl,mania_activation,unlikely_cross,0.0,0.05,normal,signed,1,gaussian,continuous,soft-zero complement
ldl,substance,unlikely_cross,0.0,0.05,normal,signed,1,gaussian,continuous,soft-zero complement
ltsg01,overall_severity,plausible_cross,0.0,0.25,normal,signed,1,ordered_logistic,explicit,specific item may load on G
ltsg01,cognition,unlikely_cross,0.0,0.05,normal,signed,1,ordered_logistic,explicit,soft-zero complement
ltsg01,metabolic,unlikely_cross,0.0,0.05,normal,signed,1,ordered_logistic,explicit,soft-zero complement
ltsg01,inflammatory,unlikely_cross,0.0,0.05,normal,signed,1,ordered_logistic,explicit,soft-zero complement
ltsg01,sleep,unlikely_cross,0.0,0.05,normal,signed,1,ordered_logistic,explicit,soft-zero complement
ltsg01,suicidality,primary,0.6,0.3,half_normal,positive,1,ordered_logistic,explicit,home factor suicidality
ltsg01,developmental_risk,unlikely_cross,0.0,0.05,normal,signed,1,ordered_logistic,explicit,soft-zero complement
ltsg01,anhedonia,unlikely_cross,0.0,0.05,normal,signed,1,ordered_logistic,explicit,soft-zero complement
ltsg01,mania_activation,unlikely_cross,0.0,0.05,normal,signed,1,ordered_logistic,explicit,soft-zero complement
ltsg01,substance,unlikely_cross,0.0,0.05,normal,signed,1,ordered_logistic,explicit,soft-zero complement
ltsg05,overall_severity,plausible_cross,0.0,0.25,normal,signed,1,ordered_logistic,explicit,specific item may load on G
ltsg05,cognition,unlikely_cross,0.0,0.05,normal,signed,1,ordered_logistic,explicit,soft-zero complement
ltsg05,metabolic,unlikely_cross,0.0,0.05,normal,signed,1,ordered_logistic,explicit,soft-zero complement
ltsg05,inflammatory,unlikely_cross,0.0,0.05,normal,signed,1,ordered_logistic,explicit,soft-zero complement
ltsg05,sleep,unlikely_cross,0.0,0.05,normal,signed,1,ordered_logistic,explicit,soft-zero complement
ltsg05,suicidality,primary,0.6,0.3,half_normal,positive,1,ordered_logistic,explicit,home factor suicidality
ltsg05,developmental_risk,unlikely_cross,0.0,0.05,normal,signed,1,ordered_logistic,explicit,soft-zero complement
ltsg05,anhedonia,unlikely_cross,0.0,0.05,normal,signed,1,ordered_logistic,explicit,soft-zero complement
ltsg05,mania_activation,unlikely_cross,0.0,0.05,normal,signed,1,ordered_logistic,explicit,soft-zero complement
ltsg05,substance,unlikely_cross,0.0,0.05,normal,signed,1,ordered_logistic,explicit,soft-zero complement
ltsg06,overall_severity,plausible_cross,0.0,0.25,normal,signed,1,ordered_logistic,explicit,specific item may load on G
ltsg06,cognition,unlikely_cross,0.0,0.05,normal,signed,1,ordered_logistic,explicit,soft-zero complement
ltsg06,metabolic,unlikely_cross,0.0,0.05,normal,signed,1,ordered_logistic,explicit,soft-zero complement
ltsg06,inflammatory,unlikely_cross,0.0,0.05,normal,signed,1,ordered_logistic,explicit,soft-zero complement
ltsg06,sleep,unlikely_cross,0.0,0.05,normal,signed,1,ordered_logistic,explicit,soft-zero complement
ltsg06,suicidality,primary,0.6,0.3,half_normal,positive,1,ordered_logistic,explicit,home factor suicidality
ltsg06,developmental_risk,unlikely_cross,0.0,0.05,normal,signed,1,ordered_logistic,explicit,soft-zero complement
ltsg06,anhedonia,unlikely_cross,0.0,0.05,normal,signed,1,ordered_logistic,explicit,soft-zero complement
ltsg06,mania_activation,unlikely_cross,0.0,0.05,normal,signed,1,ordered_logistic,explicit,soft-zero complement
ltsg06,substance,unlikely_cross,0.0,0.05,normal,signed,1,ordered_logistic,explicit,soft-zero complement
ltsv02,overall_severity,plausible_cross,0.0,0.25,normal,signed,1,ordered_logistic,explicit,specific item may load on G
ltsv02,cognition,unlikely_cross,0.0,0.05,normal,signed,1,ordered_logistic,explicit,soft-zero complement
ltsv02,metabolic,unlikely_cross,0.0,0.05,normal,signed,1,ordered_logistic,explicit,soft-zero complement
ltsv02,inflammatory,unlikely_cross,0.0,0.05,normal,signed,1,ordered_logistic,explicit,soft-zero complement
ltsv02,sleep,unlikely_cross,0.0,0.05,normal,signed,1,ordered_logistic,explicit,soft-zero complement
ltsv02,suicidality,primary,0.6,0.3,half_normal,positive,1,ordered_logistic,explicit,home factor suicidality
ltsv02,developmental_risk,unlikely_cross,0.0,0.05,normal,signed,1,ordered_logistic,explicit,soft-zero complement
ltsv02,anhedonia,unlikely_cross,0.0,0.05,normal,signed,1,ordered_logistic,explicit,soft-zero complement
ltsv02,mania_activation,unlikely_cross,0.0,0.05,normal,signed,1,ordered_logistic,explicit,soft-zero complement
ltsv02,substance,unlikely_cross,0.0,0.05,normal,signed,1,ordered_logistic,explicit,soft-zero complement
ltsv04,overall_severity,plausible_cross,0.0,0.25,normal,signed,1,ordered_logistic,explicit,specific item may load on G
ltsv04,cognition,unlikely_cross,0.0,0.05,normal,signed,1,ordered_logistic,explicit,soft-zero complement
ltsv04,metabolic,unlikely_cross,0.0,0.05,normal,signed,1,ordered_logistic,explicit,soft-zero complement
ltsv04,inflammatory,unlikely_cross,0.0,0.05,normal,signed,1,ordered_logistic,explicit,soft-zero complement
ltsv04,sleep,unlikely_cross,0.0,0.05,normal,signed,1,ordered_logistic,explicit,soft-zero complement
ltsv04,suicidality,primary,0.6,0.3,half_normal,positive,1,ordered_logistic,explicit,home factor suicidality
ltsv04,developmental_risk,unlikely_cross,0.0,0.05,normal,signed,1,ordered_logistic,explicit,soft-zero complement
ltsv04,anhedonia,unlikely_cross,0.0,0.05,normal,signed,1,ordered_logistic,explicit,soft-zero complement
ltsv04,mania_activation,unlikely_cross,0.0,0.05,normal,signed,1,ordered_logistic,explicit,soft-zero complement
ltsv04,substance,unlikely_cross,0.0,0.05,normal,signed,1,ordered_logistic,explicit,soft-zero complement
ltsv05,overall_severity,plausible_cross,0.0,0.25,normal,signed,1,ordered_logistic,explicit,specific item may load on G
ltsv05,cognition,unlikely_cross,0.0,0.05,normal,signed,1,ordered_logistic,explicit,soft-zero complement
ltsv05,metabolic,unlikely_cross,0.0,0.05,normal,signed,1,ordered_logistic,explicit,soft-zero complement
ltsv05,inflammatory,unlikely_cross,0.0,0.05,normal,signed,1,ordered_logistic,explicit,soft-zero complement
ltsv05,sleep,unlikely_cross,0.0,0.05,normal,signed,1,ordered_logistic,explicit,soft-zero complement
ltsv05,suicidality,primary,0.6,0.3,half_normal,positive,1,ordered_logistic,explicit,home factor suicidality
ltsv05,developmental_risk,unlikely_cross,0.0,0.05,normal,signed,1,ordered_logistic,explicit,soft-zero complement
ltsv05,anhedonia,unlikely_cross,0.0,0.05,normal,signed,1,ordered_logistic,explicit,soft-zero complement
ltsv05,mania_activation,unlikely_cross,0.0,0.05,normal,signed,1,ordered_logistic,explicit,soft-zero complement
ltsv05,substance,unlikely_cross,0.0,0.05,normal,signed,1,ordered_logistic,explicit,soft-zero complement
ltsv06,overall_severity,plausible_cross,0.0,0.25,normal,signed,1,ordered_logistic,explicit,specific item may load on G
ltsv06,cognition,unlikely_cross,0.0,0.05,normal,signed,1,ordered_logistic,explicit,soft-zero complement
ltsv06,metabolic,unlikely_cross,0.0,0.05,normal,signed,1,ordered_logistic,explicit,soft-zero complement
ltsv06,inflammatory,unlikely_cross,0.0,0.05,normal,signed,1,ordered_logistic,explicit,soft-zero complement
ltsv06,sleep,unlikely_cross,0.0,0.05,normal,signed,1,ordered_logistic,explicit,soft-zero complement
ltsv06,suicidality,primary,0.6,0.3,half_normal,positive,1,ordered_logistic,explicit,home factor suicidality
ltsv06,developmental_risk,unlikely_cross,0.0,0.05,normal,signed,1,ordered_logistic,explicit,soft-zero complement
ltsv06,anhedonia,unlikely_cross,0.0,0.05,normal,signed,1,ordered_logistic,explicit,soft-zero complement
ltsv06,mania_activation,unlikely_cross,0.0,0.05,normal,signed,1,ordered_logistic,explicit,soft-zero complement
ltsv06,substance,unlikely_cross,0.0,0.05,normal,signed,1,ordered_logistic,explicit,soft-zero complement
ltsv07,overall_severity,plausible_cross,0.0,0.25,normal,signed,1,bernoulli,explicit,specific item may load on G
ltsv07,cognition,unlikely_cross,0.0,0.05,normal,signed,1,bernoulli,explicit,soft-zero complement
ltsv07,metabolic,unlikely_cross,0.0,0.05,normal,signed,1,bernoulli,explicit,soft-zero complement
ltsv07,inflammatory,unlikely_cross,0.0,0.05,normal,signed,1,bernoulli,explicit,soft-zero complement
ltsv07,sleep,unlikely_cross,0.0,0.05,normal,signed,1,bernoulli,explicit,soft-zero complement
ltsv07,suicidality,primary,0.6,0.3,half_normal,positive,1,bernoulli,explicit,home factor suicidality
ltsv07,developmental_risk,unlikely_cross,0.0,0.05,normal,signed,1,bernoulli,explicit,soft-zero complement
ltsv07,anhedonia,unlikely_cross,0.0,0.05,normal,signed,1,bernoulli,explicit,soft-zero complement
ltsv07,mania_activation,unlikely_cross,0.0,0.05,normal,signed,1,bernoulli,explicit,soft-zero complement
ltsv07,substance,unlikely_cross,0.0,0.05,normal,signed,1,bernoulli,explicit,soft-zero complement
ltsv09,overall_severity,plausible_cross,0.0,0.25,normal,signed,1,bernoulli,explicit,specific item may load on G
ltsv09,cognition,unlikely_cross,0.0,0.05,normal,signed,1,bernoulli,explicit,soft-zero complement
ltsv09,metabolic,unlikely_cross,0.0,0.05,normal,signed,1,bernoulli,explicit,soft-zero complement
ltsv09,inflammatory,unlikely_cross,0.0,0.05,normal,signed,1,bernoulli,explicit,soft-zero complement
ltsv09,sleep,unlikely_cross,0.0,0.05,normal,signed,1,bernoulli,explicit,soft-zero complement
ltsv09,suicidality,primary,0.6,0.3,half_normal,positive,1,bernoulli,explicit,home factor suicidality
ltsv09,developmental_risk,unlikely_cross,0.0,0.05,normal,signed,1,bernoulli,explicit,soft-zero complement
ltsv09,anhedonia,unlikely_cross,0.0,0.05,normal,signed,1,bernoulli,explicit,soft-zero complement
ltsv09,mania_activation,unlikely_cross,0.0,0.05,normal,signed,1,bernoulli,explicit,soft-zero complement
ltsv09,substance,unlikely_cross,0.0,0.05,normal,signed,1,bernoulli,explicit,soft-zero complement
lvsbjind,overall_severity,g_anchor,0.6,0.3,half_normal,positive,1,gaussian,continuous,G dedicated anchor
lvsbjind,cognition,g_anchor_on_specific,0.0,0.001,normal,signed,1,gaussian,continuous,severity anchor ~0 on specific (bifactor id)
lvsbjind,metabolic,g_anchor_on_specific,0.0,0.001,normal,signed,1,gaussian,continuous,severity anchor ~0 on specific (bifactor id)
lvsbjind,inflammatory,g_anchor_on_specific,0.0,0.001,normal,signed,1,gaussian,continuous,severity anchor ~0 on specific (bifactor id)
lvsbjind,sleep,g_anchor_on_specific,0.0,0.001,normal,signed,1,gaussian,continuous,severity anchor ~0 on specific (bifactor id)
lvsbjind,suicidality,g_anchor_on_specific,0.0,0.001,normal,signed,1,gaussian,continuous,severity anchor ~0 on specific (bifactor id)
lvsbjind,developmental_risk,g_anchor_on_specific,0.0,0.001,normal,signed,1,gaussian,continuous,severity anchor ~0 on specific (bifactor id)
lvsbjind,anhedonia,g_anchor_on_specific,0.0,0.001,normal,signed,1,gaussian,continuous,severity anchor ~0 on specific (bifactor id)
lvsbjind,mania_activation,g_anchor_on_specific,0.0,0.001,normal,signed,1,gaussian,continuous,severity anchor ~0 on specific (bifactor id)
lvsbjind,substance,g_anchor_on_specific,0.0,0.001,normal,signed,1,gaussian,continuous,severity anchor ~0 on specific (bifactor id)
lym_lbstresc,overall_severity,plausible_cross,0.0,0.25,normal,signed,-1,lognormal,continuous,specific item may load on G
lym_lbstresc,cognition,unlikely_cross,0.0,0.05,normal,signed,-1,lognormal,continuous,soft-zero complement
lym_lbstresc,metabolic,plausible_cross,0.0,0.25,normal,signed,-1,lognormal,continuous,theory-motivated cross-loading
lym_lbstresc,inflammatory,primary,0.6,0.3,half_normal,positive,-1,lognormal,continuous,home factor inflammatory
lym_lbstresc,sleep,unlikely_cross,0.0,0.05,normal,signed,-1,lognormal,continuous,soft-zero complement
lym_lbstresc,suicidality,unlikely_cross,0.0,0.05,normal,signed,-1,lognormal,continuous,soft-zero complement
lym_lbstresc,developmental_risk,unlikely_cross,0.0,0.05,normal,signed,-1,lognormal,continuous,soft-zero complement
lym_lbstresc,anhedonia,unlikely_cross,0.0,0.05,normal,signed,-1,lognormal,continuous,soft-zero complement
lym_lbstresc,mania_activation,unlikely_cross,0.0,0.05,normal,signed,-1,lognormal,continuous,soft-zero complement
lym_lbstresc,substance,unlikely_cross,0.0,0.05,normal,signed,-1,lognormal,continuous,soft-zero complement
madrs,overall_severity,plausible_cross,0.0,0.25,normal,signed,1,gaussian,continuous,cross-loading window
madrs,cognition,plausible_cross,0.0,0.25,normal,signed,1,gaussian,continuous,cross-loading window
madrs,metabolic,unlikely_cross,0.0,0.05,normal,signed,1,gaussian,continuous,soft-zero complement
madrs,inflammatory,unlikely_cross,0.0,0.05,normal,signed,1,gaussian,continuous,soft-zero complement
madrs,sleep,plausible_cross,0.0,0.25,normal,signed,1,gaussian,continuous,cross-loading window
madrs,suicidality,plausible_cross,0.0,0.25,normal,signed,1,gaussian,continuous,cross-loading window
madrs,developmental_risk,unlikely_cross,0.0,0.05,normal,signed,1,gaussian,continuous,soft-zero complement
madrs,anhedonia,plausible_cross,0.0,0.25,normal,signed,1,gaussian,continuous,cross-loading window
madrs,mania_activation,unlikely_cross,0.0,0.05,normal,signed,1,gaussian,continuous,soft-zero complement
madrs,substance,unlikely_cross,0.0,0.05,normal,signed,1,gaussian,continuous,soft-zero complement
mere_structure,overall_severity,plausible_cross,0.0,0.25,normal,signed,1,bernoulli,explicit,specific item may load on G
mere_structure,cognition,unlikely_cross,0.0,0.05,normal,signed,1,bernoulli,explicit,soft-zero complement
mere_structure,metabolic,unlikely_cross,0.0,0.05,normal,signed,1,bernoulli,explicit,soft-zero complement
mere_structure,inflammatory,unlikely_cross,0.0,0.05,normal,signed,1,bernoulli,explicit,soft-zero complement
mere_structure,sleep,unlikely_cross,0.0,0.05,normal,signed,1,bernoulli,explicit,soft-zero complement
mere_structure,suicidality,unlikely_cross,0.0,0.05,normal,signed,1,bernoulli,explicit,soft-zero complement
mere_structure,developmental_risk,primary,0.6,0.3,half_normal,positive,1,bernoulli,explicit,home factor developmental_risk
mere_structure,anhedonia,unlikely_cross,0.0,0.05,normal,signed,1,bernoulli,explicit,soft-zero complement
mere_structure,mania_activation,unlikely_cross,0.0,0.05,normal,signed,1,bernoulli,explicit,soft-zero complement
mere_structure,substance,unlikely_cross,0.0,0.05,normal,signed,1,bernoulli,explicit,soft-zero complement
migraine_mhoccur,overall_severity,plausible_cross,0.0,0.25,normal,signed,1,bernoulli,explicit,specific item may load on G
migraine_mhoccur,cognition,unlikely_cross,0.0,0.05,normal,signed,1,bernoulli,explicit,soft-zero complement
migraine_mhoccur,metabolic,plausible_cross,0.0,0.25,normal,signed,1,bernoulli,explicit,theory-motivated cross-loading
migraine_mhoccur,inflammatory,primary,0.6,0.3,half_normal,positive,1,bernoulli,explicit,home factor inflammatory
migraine_mhoccur,sleep,unlikely_cross,0.0,0.05,normal,signed,1,bernoulli,explicit,soft-zero complement
migraine_mhoccur,suicidality,unlikely_cross,0.0,0.05,normal,signed,1,bernoulli,explicit,soft-zero complement
migraine_mhoccur,developmental_risk,unlikely_cross,0.0,0.05,normal,signed,1,bernoulli,explicit,soft-zero complement
migraine_mhoccur,anhedonia,unlikely_cross,0.0,0.05,normal,signed,1,bernoulli,explicit,soft-zero complement
migraine_mhoccur,mania_activation,unlikely_cross,0.0,0.05,normal,signed,1,bernoulli,explicit,soft-zero complement
migraine_mhoccur,substance,unlikely_cross,0.0,0.05,normal,signed,1,bernoulli,explicit,soft-zero complement
mono_lbstresc,overall_severity,plausible_cross,0.0,0.25,normal,signed,1,lognormal,continuous,specific item may load on G
mono_lbstresc,cognition,unlikely_cross,0.0,0.05,normal,signed,1,lognormal,continuous,soft-zero complement
mono_lbstresc,metabolic,plausible_cross,0.0,0.25,normal,signed,1,lognormal,continuous,theory-motivated cross-loading
mono_lbstresc,inflammatory,primary,0.6,0.3,half_normal,positive,1,lognormal,continuous,home factor inflammatory
mono_lbstresc,sleep,unlikely_cross,0.0,0.05,normal,signed,1,lognormal,continuous,soft-zero complement
mono_lbstresc,suicidality,unlikely_cross,0.0,0.05,normal,signed,1,lognormal,continuous,soft-zero complement
mono_lbstresc,developmental_risk,unlikely_cross,0.0,0.05,normal,signed,1,lognormal,continuous,soft-zero complement
mono_lbstresc,anhedonia,unlikely_cross,0.0,0.05,normal,signed,1,lognormal,continuous,soft-zero complement
mono_lbstresc,mania_activation,unlikely_cross,0.0,0.05,normal,signed,1,lognormal,continuous,soft-zero complement
mono_lbstresc,substance,unlikely_cross,0.0,0.05,normal,signed,1,lognormal,continuous,soft-zero complement
naisstyp,overall_severity,plausible_cross,0.0,0.25,normal,signed,1,bernoulli,explicit,specific item may load on G
naisstyp,cognition,unlikely_cross,0.0,0.05,normal,signed,1,bernoulli,explicit,soft-zero complement
naisstyp,metabolic,unlikely_cross,0.0,0.05,normal,signed,1,bernoulli,explicit,soft-zero complement
naisstyp,inflammatory,unlikely_cross,0.0,0.05,normal,signed,1,bernoulli,explicit,soft-zero complement
naisstyp,sleep,unlikely_cross,0.0,0.05,normal,signed,1,bernoulli,explicit,soft-zero complement
naisstyp,suicidality,unlikely_cross,0.0,0.05,normal,signed,1,bernoulli,explicit,soft-zero complement
naisstyp,developmental_risk,primary,0.6,0.3,half_normal,positive,1,bernoulli,explicit,home factor developmental_risk
naisstyp,anhedonia,unlikely_cross,0.0,0.05,normal,signed,1,bernoulli,explicit,soft-zero complement
naisstyp,mania_activation,unlikely_cross,0.0,0.05,normal,signed,1,bernoulli,explicit,soft-zero complement
naisstyp,substance,unlikely_cross,0.0,0.05,normal,signed,1,bernoulli,explicit,soft-zero complement
neut,overall_severity,plausible_cross,0.0,0.25,normal,signed,1,lognormal,continuous,specific item may load on G
neut,cognition,unlikely_cross,0.0,0.05,normal,signed,1,lognormal,continuous,soft-zero complement
neut,metabolic,plausible_cross,0.0,0.25,normal,signed,1,lognormal,continuous,theory-motivated cross-loading
neut,inflammatory,primary,0.6,0.3,half_normal,positive,1,lognormal,continuous,home factor inflammatory
neut,sleep,unlikely_cross,0.0,0.05,normal,signed,1,lognormal,continuous,soft-zero complement
neut,suicidality,unlikely_cross,0.0,0.05,normal,signed,1,lognormal,continuous,soft-zero complement
neut,developmental_risk,unlikely_cross,0.0,0.05,normal,signed,1,lognormal,continuous,soft-zero complement
neut,anhedonia,unlikely_cross,0.0,0.05,normal,signed,1,lognormal,continuous,soft-zero complement
neut,mania_activation,unlikely_cross,0.0,0.05,normal,signed,1,lognormal,continuous,soft-zero complement
neut,substance,unlikely_cross,0.0,0.05,normal,signed,1,lognormal,continuous,soft-zero complement
pere_structure,overall_severity,plausible_cross,0.0,0.25,normal,signed,1,bernoulli,explicit,specific item may load on G
pere_structure,cognition,unlikely_cross,0.0,0.05,normal,signed,1,bernoulli,explicit,soft-zero complement
pere_structure,metabolic,unlikely_cross,0.0,0.05,normal,signed,1,bernoulli,explicit,soft-zero complement
pere_structure,inflammatory,unlikely_cross,0.0,0.05,normal,signed,1,bernoulli,explicit,soft-zero complement
pere_structure,sleep,unlikely_cross,0.0,0.05,normal,signed,1,bernoulli,explicit,soft-zero complement
pere_structure,suicidality,unlikely_cross,0.0,0.05,normal,signed,1,bernoulli,explicit,soft-zero complement
pere_structure,developmental_risk,primary,0.6,0.3,half_normal,positive,1,bernoulli,explicit,home factor developmental_risk
pere_structure,anhedonia,unlikely_cross,0.0,0.05,normal,signed,1,bernoulli,explicit,soft-zero complement
pere_structure,mania_activation,unlikely_cross,0.0,0.05,normal,signed,1,bernoulli,explicit,soft-zero complement
pere_structure,substance,unlikely_cross,0.0,0.05,normal,signed,1,bernoulli,explicit,soft-zero complement
plat,overall_severity,plausible_cross,0.0,0.25,normal,signed,1,lognormal,continuous,specific item may load on G
plat,cognition,unlikely_cross,0.0,0.05,normal,signed,1,lognormal,continuous,soft-zero complement
plat,metabolic,plausible_cross,0.0,0.25,normal,signed,1,lognormal,continuous,theory-motivated cross-loading
plat,inflammatory,primary,0.6,0.3,half_normal,positive,1,lognormal,continuous,home factor inflammatory
plat,sleep,unlikely_cross,0.0,0.05,normal,signed,1,lognormal,continuous,soft-zero complement
plat,suicidality,unlikely_cross,0.0,0.05,normal,signed,1,lognormal,continuous,soft-zero complement
plat,developmental_risk,unlikely_cross,0.0,0.05,normal,signed,1,lognormal,continuous,soft-zero complement
plat,anhedonia,unlikely_cross,0.0,0.05,normal,signed,1,lognormal,continuous,soft-zero complement
plat,mania_activation,unlikely_cross,0.0,0.05,normal,signed,1,lognormal,continuous,soft-zero complement
plat,substance,unlikely_cross,0.0,0.05,normal,signed,1,lognormal,continuous,soft-zero complement
prembrth,overall_severity,plausible_cross,0.0,0.25,normal,signed,1,ordered_logistic,explicit,specific item may load on G
prembrth,cognition,unlikely_cross,0.0,0.05,normal,signed,1,ordered_logistic,explicit,soft-zero complement
prembrth,metabolic,unlikely_cross,0.0,0.05,normal,signed,1,ordered_logistic,explicit,soft-zero complement
prembrth,inflammatory,unlikely_cross,0.0,0.05,normal,signed,1,ordered_logistic,explicit,soft-zero complement
prembrth,sleep,unlikely_cross,0.0,0.05,normal,signed,1,ordered_logistic,explicit,soft-zero complement
prembrth,suicidality,unlikely_cross,0.0,0.05,normal,signed,1,ordered_logistic,explicit,soft-zero complement
prembrth,developmental_risk,primary,0.6,0.3,half_normal,positive,1,ordered_logistic,explicit,home factor developmental_risk
prembrth,anhedonia,unlikely_cross,0.0,0.05,normal,signed,1,ordered_logistic,explicit,soft-zero complement
prembrth,mania_activation,unlikely_cross,0.0,0.05,normal,signed,1,ordered_logistic,explicit,soft-zero complement
prembrth,substance,unlikely_cross,0.0,0.05,normal,signed,1,ordered_logistic,explicit,soft-zero complement
psoriasis_mhoccur,overall_severity,plausible_cross,0.0,0.25,normal,signed,1,bernoulli,explicit,specific item may load on G
psoriasis_mhoccur,cognition,unlikely_cross,0.0,0.05,normal,signed,1,bernoulli,explicit,soft-zero complement
psoriasis_mhoccur,metabolic,plausible_cross,0.0,0.25,normal,signed,1,bernoulli,explicit,theory-motivated cross-loading
psoriasis_mhoccur,inflammatory,primary,0.6,0.3,half_normal,positive,1,bernoulli,explicit,home factor inflammatory
psoriasis_mhoccur,sleep,unlikely_cross,0.0,0.05,normal,signed,1,bernoulli,explicit,soft-zero complement
psoriasis_mhoccur,suicidality,unlikely_cross,0.0,0.05,normal,signed,1,bernoulli,explicit,soft-zero complement
psoriasis_mhoccur,developmental_risk,unlikely_cross,0.0,0.05,normal,signed,1,bernoulli,explicit,soft-zero complement
psoriasis_mhoccur,anhedonia,unlikely_cross,0.0,0.05,normal,signed,1,bernoulli,explicit,soft-zero complement
psoriasis_mhoccur,mania_activation,unlikely_cross,0.0,0.05,normal,signed,1,bernoulli,explicit,soft-zero complement
psoriasis_mhoccur,substance,unlikely_cross,0.0,0.05,normal,signed,1,bernoulli,explicit,soft-zero complement
psqi,overall_severity,plausible_cross,0.0,0.25,normal,signed,1,gaussian,continuous,specific item may load on G
psqi,cognition,unlikely_cross,0.0,0.05,normal,signed,1,gaussian,continuous,soft-zero complement
psqi,metabolic,unlikely_cross,0.0,0.05,normal,signed,1,gaussian,continuous,soft-zero complement
psqi,inflammatory,unlikely_cross,0.0,0.05,normal,signed,1,gaussian,continuous,soft-zero complement
psqi,sleep,primary,0.6,0.3,half_normal,positive,1,gaussian,continuous,home factor sleep
psqi,suicidality,unlikely_cross,0.0,0.05,normal,signed,1,gaussian,continuous,soft-zero complement
psqi,developmental_risk,unlikely_cross,0.0,0.05,normal,signed,1,gaussian,continuous,soft-zero complement
psqi,anhedonia,unlikely_cross,0.0,0.05,normal,signed,1,gaussian,continuous,soft-zero complement
psqi,mania_activation,unlikely_cross,0.0,0.05,normal,signed,1,gaussian,continuous,soft-zero complement
psqi,substance,unlikely_cross,0.0,0.05,normal,signed,1,gaussian,continuous,soft-zero complement
psqi11,overall_severity,plausible_cross,0.0,0.25,normal,signed,1,gaussian,continuous,specific item may load on G
psqi11,cognition,unlikely_cross,0.0,0.05,normal,signed,1,gaussian,continuous,soft-zero complement
psqi11,metabolic,unlikely_cross,0.0,0.05,normal,signed,1,gaussian,continuous,soft-zero complement
psqi11,inflammatory,unlikely_cross,0.0,0.05,normal,signed,1,gaussian,continuous,soft-zero complement
psqi11,sleep,primary,0.6,0.3,half_normal,positive,1,gaussian,continuous,home factor sleep
psqi11,suicidality,unlikely_cross,0.0,0.05,normal,signed,1,gaussian,continuous,soft-zero complement
psqi11,developmental_risk,unlikely_cross,0.0,0.05,normal,signed,1,gaussian,continuous,soft-zero complement
psqi11,anhedonia,unlikely_cross,0.0,0.05,normal,signed,1,gaussian,continuous,soft-zero complement
psqi11,mania_activation,unlikely_cross,0.0,0.05,normal,signed,1,gaussian,continuous,soft-zero complement
psqi11,substance,unlikely_cross,0.0,0.05,normal,signed,1,gaussian,continuous,soft-zero complement
psqi12,overall_severity,plausible_cross,0.0,0.25,normal,signed,1,gaussian,continuous,specific item may load on G
psqi12,cognition,unlikely_cross,0.0,0.05,normal,signed,1,gaussian,continuous,soft-zero complement
psqi12,metabolic,unlikely_cross,0.0,0.05,normal,signed,1,gaussian,continuous,soft-zero complement
psqi12,inflammatory,unlikely_cross,0.0,0.05,normal,signed,1,gaussian,continuous,soft-zero complement
psqi12,sleep,primary,0.6,0.3,half_normal,positive,1,gaussian,continuous,home factor sleep
psqi12,suicidality,unlikely_cross,0.0,0.05,normal,signed,1,gaussian,continuous,soft-zero complement
psqi12,developmental_risk,unlikely_cross,0.0,0.05,normal,signed,1,gaussian,continuous,soft-zero complement
psqi12,anhedonia,unlikely_cross,0.0,0.05,normal,signed,1,gaussian,continuous,soft-zero complement
psqi12,mania_activation,unlikely_cross,0.0,0.05,normal,signed,1,gaussian,continuous,soft-zero complement
psqi12,substance,unlikely_cross,0.0,0.05,normal,signed,1,gaussian,continuous,soft-zero complement
psqi13,overall_severity,plausible_cross,0.0,0.25,normal,signed,1,gaussian,continuous,specific item may load on G
psqi13,cognition,unlikely_cross,0.0,0.05,normal,signed,1,gaussian,continuous,soft-zero complement
psqi13,metabolic,unlikely_cross,0.0,0.05,normal,signed,1,gaussian,continuous,soft-zero complement
psqi13,inflammatory,unlikely_cross,0.0,0.05,normal,signed,1,gaussian,continuous,soft-zero complement
psqi13,sleep,primary,0.6,0.3,half_normal,positive,1,gaussian,continuous,home factor sleep
psqi13,suicidality,unlikely_cross,0.0,0.05,normal,signed,1,gaussian,continuous,soft-zero complement
psqi13,developmental_risk,unlikely_cross,0.0,0.05,normal,signed,1,gaussian,continuous,soft-zero complement
psqi13,anhedonia,unlikely_cross,0.0,0.05,normal,signed,1,gaussian,continuous,soft-zero complement
psqi13,mania_activation,unlikely_cross,0.0,0.05,normal,signed,1,gaussian,continuous,soft-zero complement
psqi13,substance,unlikely_cross,0.0,0.05,normal,signed,1,gaussian,continuous,soft-zero complement
psqi14,overall_severity,plausible_cross,0.0,0.25,normal,signed,1,gaussian,continuous,specific item may load on G
psqi14,cognition,unlikely_cross,0.0,0.05,normal,signed,1,gaussian,continuous,soft-zero complement
psqi14,metabolic,unlikely_cross,0.0,0.05,normal,signed,1,gaussian,continuous,soft-zero complement
psqi14,inflammatory,unlikely_cross,0.0,0.05,normal,signed,1,gaussian,continuous,soft-zero complement
psqi14,sleep,primary,0.6,0.3,half_normal,positive,1,gaussian,continuous,home factor sleep
psqi14,suicidality,unlikely_cross,0.0,0.05,normal,signed,1,gaussian,continuous,soft-zero complement
psqi14,developmental_risk,unlikely_cross,0.0,0.05,normal,signed,1,gaussian,continuous,soft-zero complement
psqi14,anhedonia,unlikely_cross,0.0,0.05,normal,signed,1,gaussian,continuous,soft-zero complement
psqi14,mania_activation,unlikely_cross,0.0,0.05,normal,signed,1,gaussian,continuous,soft-zero complement
psqi14,substance,unlikely_cross,0.0,0.05,normal,signed,1,gaussian,continuous,soft-zero complement
psqi15,overall_severity,plausible_cross,0.0,0.25,normal,signed,1,gaussian,continuous,specific item may load on G
psqi15,cognition,unlikely_cross,0.0,0.05,normal,signed,1,gaussian,continuous,soft-zero complement
psqi15,metabolic,unlikely_cross,0.0,0.05,normal,signed,1,gaussian,continuous,soft-zero complement
psqi15,inflammatory,unlikely_cross,0.0,0.05,normal,signed,1,gaussian,continuous,soft-zero complement
psqi15,sleep,primary,0.6,0.3,half_normal,positive,1,gaussian,continuous,home factor sleep
psqi15,suicidality,unlikely_cross,0.0,0.05,normal,signed,1,gaussian,continuous,soft-zero complement
psqi15,developmental_risk,unlikely_cross,0.0,0.05,normal,signed,1,gaussian,continuous,soft-zero complement
psqi15,anhedonia,unlikely_cross,0.0,0.05,normal,signed,1,gaussian,continuous,soft-zero complement
psqi15,mania_activation,unlikely_cross,0.0,0.05,normal,signed,1,gaussian,continuous,soft-zero complement
psqi15,substance,unlikely_cross,0.0,0.05,normal,signed,1,gaussian,continuous,soft-zero complement
psqi17,overall_severity,plausible_cross,0.0,0.25,normal,signed,1,gaussian,continuous,specific item may load on G
psqi17,cognition,unlikely_cross,0.0,0.05,normal,signed,1,gaussian,continuous,soft-zero complement
psqi17,metabolic,unlikely_cross,0.0,0.05,normal,signed,1,gaussian,continuous,soft-zero complement
psqi17,inflammatory,unlikely_cross,0.0,0.05,normal,signed,1,gaussian,continuous,soft-zero complement
psqi17,sleep,primary,0.6,0.3,half_normal,positive,1,gaussian,continuous,home factor sleep
psqi17,suicidality,unlikely_cross,0.0,0.05,normal,signed,1,gaussian,continuous,soft-zero complement
psqi17,developmental_risk,unlikely_cross,0.0,0.05,normal,signed,1,gaussian,continuous,soft-zero complement
psqi17,anhedonia,unlikely_cross,0.0,0.05,normal,signed,1,gaussian,continuous,soft-zero complement
psqi17,mania_activation,unlikely_cross,0.0,0.05,normal,signed,1,gaussian,continuous,soft-zero complement
psqi17,substance,unlikely_cross,0.0,0.05,normal,signed,1,gaussian,continuous,soft-zero complement
qids_anhedonia_interest,overall_severity,plausible_cross,0.0,0.25,normal,signed,1,gaussian,continuous,specific item may load on G
qids_anhedonia_interest,cognition,unlikely_cross,0.0,0.05,normal,signed,1,gaussian,continuous,soft-zero complement
qids_anhedonia_interest,metabolic,unlikely_cross,0.0,0.05,normal,signed,1,gaussian,continuous,soft-zero complement
qids_anhedonia_interest,inflammatory,unlikely_cross,0.0,0.05,normal,signed,1,gaussian,continuous,soft-zero complement
qids_anhedonia_interest,sleep,unlikely_cross,0.0,0.05,normal,signed,1,gaussian,continuous,soft-zero complement
qids_anhedonia_interest,suicidality,unlikely_cross,0.0,0.05,normal,signed,1,gaussian,continuous,soft-zero complement
qids_anhedonia_interest,developmental_risk,unlikely_cross,0.0,0.05,normal,signed,1,gaussian,continuous,soft-zero complement
qids_anhedonia_interest,anhedonia,primary,0.6,0.3,half_normal,positive,1,gaussian,continuous,home factor anhedonia
qids_anhedonia_interest,mania_activation,unlikely_cross,0.0,0.05,normal,signed,1,gaussian,continuous,soft-zero complement
qids_anhedonia_interest,substance,unlikely_cross,0.0,0.05,normal,signed,1,gaussian,continuous,soft-zero complement
qidsr120,overall_severity,plausible_cross,0.0,0.25,normal,signed,1,gaussian,continuous,cross-loading window
qidsr120,cognition,plausible_cross,0.0,0.25,normal,signed,1,gaussian,continuous,cross-loading window
qidsr120,metabolic,unlikely_cross,0.0,0.05,normal,signed,1,gaussian,continuous,soft-zero complement
qidsr120,inflammatory,unlikely_cross,0.0,0.05,normal,signed,1,gaussian,continuous,soft-zero complement
qidsr120,sleep,plausible_cross,0.0,0.25,normal,signed,1,gaussian,continuous,cross-loading window
qidsr120,suicidality,plausible_cross,0.0,0.25,normal,signed,1,gaussian,continuous,cross-loading window
qidsr120,developmental_risk,unlikely_cross,0.0,0.05,normal,signed,1,gaussian,continuous,soft-zero complement
qidsr120,anhedonia,plausible_cross,0.0,0.25,normal,signed,1,gaussian,continuous,cross-loading window
qidsr120,mania_activation,unlikely_cross,0.0,0.05,normal,signed,1,gaussian,continuous,soft-zero complement
qidsr120,substance,unlikely_cross,0.0,0.05,normal,signed,1,gaussian,continuous,soft-zero complement
somat_all,overall_severity,plausible_cross,0.0,0.25,normal,signed,1,bernoulli,explicit,specific item may load on G
somat_all,cognition,unlikely_cross,0.0,0.05,normal,signed,1,bernoulli,explicit,soft-zero complement
somat_all,metabolic,plausible_cross,0.0,0.25,normal,signed,1,bernoulli,explicit,theory-motivated cross-loading
somat_all,inflammatory,primary,0.6,0.3,half_normal,positive,1,bernoulli,explicit,home factor inflammatory
somat_all,sleep,unlikely_cross,0.0,0.05,normal,signed,1,bernoulli,explicit,soft-zero complement
somat_all,suicidality,unlikely_cross,0.0,0.05,normal,signed,1,bernoulli,explicit,soft-zero complement
somat_all,developmental_risk,unlikely_cross,0.0,0.05,normal,signed,1,bernoulli,explicit,soft-zero complement
somat_all,anhedonia,unlikely_cross,0.0,0.05,normal,signed,1,bernoulli,explicit,soft-zero complement
somat_all,mania_activation,unlikely_cross,0.0,0.05,normal,signed,1,bernoulli,explicit,soft-zero complement
somat_all,substance,unlikely_cross,0.0,0.05,normal,signed,1,bernoulli,explicit,soft-zero complement
staya,overall_severity,plausible_cross,0.0,0.25,normal,signed,1,gaussian,continuous,cross-loading window
staya,cognition,unlikely_cross,0.0,0.05,normal,signed,1,gaussian,continuous,soft-zero complement
staya,metabolic,unlikely_cross,0.0,0.05,normal,signed,1,gaussian,continuous,soft-zero complement
staya,inflammatory,unlikely_cross,0.0,0.05,normal,signed,1,gaussian,continuous,soft-zero complement
staya,sleep,plausible_cross,0.0,0.25,normal,signed,1,gaussian,continuous,cross-loading window
staya,suicidality,unlikely_cross,0.0,0.05,normal,signed,1,gaussian,continuous,soft-zero complement
staya,developmental_risk,unlikely_cross,0.0,0.05,normal,signed,1,gaussian,continuous,soft-zero complement
staya,anhedonia,unlikely_cross,0.0,0.05,normal,signed,1,gaussian,continuous,soft-zero complement
staya,mania_activation,unlikely_cross,0.0,0.05,normal,signed,1,gaussian,continuous,soft-zero complement
staya,substance,unlikely_cross,0.0,0.05,normal,signed,1,gaussian,continuous,soft-zero complement
sudose_cigarettes_lt,overall_severity,plausible_cross,0.0,0.25,normal,signed,1,neg_binomial,explicit,specific item may load on G
sudose_cigarettes_lt,cognition,unlikely_cross,0.0,0.05,normal,signed,1,neg_binomial,explicit,soft-zero complement
sudose_cigarettes_lt,metabolic,unlikely_cross,0.0,0.05,normal,signed,1,neg_binomial,explicit,soft-zero complement
sudose_cigarettes_lt,inflammatory,unlikely_cross,0.0,0.05,normal,signed,1,neg_binomial,explicit,soft-zero complement
sudose_cigarettes_lt,sleep,unlikely_cross,0.0,0.05,normal,signed,1,neg_binomial,explicit,soft-zero complement
sudose_cigarettes_lt,suicidality,unlikely_cross,0.0,0.05,normal,signed,1,neg_binomial,explicit,soft-zero complement
sudose_cigarettes_lt,developmental_risk,unlikely_cross,0.0,0.05,normal,signed,1,neg_binomial,explicit,soft-zero complement
sudose_cigarettes_lt,anhedonia,unlikely_cross,0.0,0.05,normal,signed,1,neg_binomial,explicit,soft-zero complement
sudose_cigarettes_lt,mania_activation,unlikely_cross,0.0,0.05,normal,signed,1,neg_binomial,explicit,soft-zero complement
sudose_cigarettes_lt,substance,primary,0.6,0.3,half_normal,positive,1,neg_binomial,explicit,home factor substance
suoccur_alcool,overall_severity,plausible_cross,0.0,0.25,normal,signed,1,bernoulli,explicit,specific item may load on G
suoccur_alcool,cognition,unlikely_cross,0.0,0.05,normal,signed,1,bernoulli,explicit,soft-zero complement
suoccur_alcool,metabolic,unlikely_cross,0.0,0.05,normal,signed,1,bernoulli,explicit,soft-zero complement
suoccur_alcool,inflammatory,unlikely_cross,0.0,0.05,normal,signed,1,bernoulli,explicit,soft-zero complement
suoccur_alcool,sleep,unlikely_cross,0.0,0.05,normal,signed,1,bernoulli,explicit,soft-zero complement
suoccur_alcool,suicidality,unlikely_cross,0.0,0.05,normal,signed,1,bernoulli,explicit,soft-zero complement
suoccur_alcool,developmental_risk,unlikely_cross,0.0,0.05,normal,signed,1,bernoulli,explicit,soft-zero complement
suoccur_alcool,anhedonia,unlikely_cross,0.0,0.05,normal,signed,1,bernoulli,explicit,soft-zero complement
suoccur_alcool,mania_activation,unlikely_cross,0.0,0.05,normal,signed,1,bernoulli,explicit,soft-zero complement
suoccur_alcool,substance,primary,0.6,0.3,half_normal,positive,1,bernoulli,explicit,home factor substance
suoccur_cannabis,overall_severity,plausible_cross,0.0,0.25,normal,signed,1,bernoulli,explicit,specific item may load on G
suoccur_cannabis,cognition,unlikely_cross,0.0,0.05,normal,signed,1,bernoulli,explicit,soft-zero complement
suoccur_cannabis,metabolic,unlikely_cross,0.0,0.05,normal,signed,1,bernoulli,explicit,soft-zero complement
suoccur_cannabis,inflammatory,unlikely_cross,0.0,0.05,normal,signed,1,bernoulli,explicit,soft-zero complement
suoccur_cannabis,sleep,unlikely_cross,0.0,0.05,normal,signed,1,bernoulli,explicit,soft-zero complement
suoccur_cannabis,suicidality,unlikely_cross,0.0,0.05,normal,signed,1,bernoulli,explicit,soft-zero complement
suoccur_cannabis,developmental_risk,unlikely_cross,0.0,0.05,normal,signed,1,bernoulli,explicit,soft-zero complement
suoccur_cannabis,anhedonia,unlikely_cross,0.0,0.05,normal,signed,1,bernoulli,explicit,soft-zero complement
suoccur_cannabis,mania_activation,unlikely_cross,0.0,0.05,normal,signed,1,bernoulli,explicit,soft-zero complement
suoccur_cannabis,substance,primary,0.6,0.3,half_normal,positive,1,bernoulli,explicit,home factor substance
sysbpstanding,overall_severity,plausible_cross,0.0,0.25,normal,signed,1,gaussian,continuous,specific item may load on G
sysbpstanding,cognition,unlikely_cross,0.0,0.05,normal,signed,1,gaussian,continuous,soft-zero complement
sysbpstanding,metabolic,primary,0.6,0.3,half_normal,positive,1,gaussian,continuous,home factor metabolic
sysbpstanding,inflammatory,plausible_cross,0.0,0.25,normal,signed,1,gaussian,continuous,theory-motivated cross-loading
sysbpstanding,sleep,unlikely_cross,0.0,0.05,normal,signed,1,gaussian,continuous,soft-zero complement
sysbpstanding,suicidality,unlikely_cross,0.0,0.05,normal,signed,1,gaussian,continuous,soft-zero complement
sysbpstanding,developmental_risk,unlikely_cross,0.0,0.05,normal,signed,1,gaussian,continuous,soft-zero complement
sysbpstanding,anhedonia,unlikely_cross,0.0,0.05,normal,signed,1,gaussian,continuous,soft-zero complement
sysbpstanding,mania_activation,unlikely_cross,0.0,0.05,normal,signed,1,gaussian,continuous,soft-zero complement
sysbpstanding,substance,unlikely_cross,0.0,0.05,normal,signed,1,gaussian,continuous,soft-zero complement
sysbpsupine,overall_severity,plausible_cross,0.0,0.25,normal,signed,1,gaussian,continuous,specific item may load on G
sysbpsupine,cognition,unlikely_cross,0.0,0.05,normal,signed,1,gaussian,continuous,soft-zero complement
sysbpsupine,metabolic,primary,0.6,0.3,half_normal,positive,1,gaussian,continuous,home factor metabolic
sysbpsupine,inflammatory,plausible_cross,0.0,0.25,normal,signed,1,gaussian,continuous,theory-motivated cross-loading
sysbpsupine,sleep,unlikely_cross,0.0,0.05,normal,signed,1,gaussian,continuous,soft-zero complement
sysbpsupine,suicidality,unlikely_cross,0.0,0.05,normal,signed,1,gaussian,continuous,soft-zero complement
sysbpsupine,developmental_risk,unlikely_cross,0.0,0.05,normal,signed,1,gaussian,continuous,soft-zero complement
sysbpsupine,anhedonia,unlikely_cross,0.0,0.05,normal,signed,1,gaussian,continuous,soft-zero complement
sysbpsupine,mania_activation,unlikely_cross,0.0,0.05,normal,signed,1,gaussian,continuous,soft-zero complement
sysbpsupine,substance,unlikely_cross,0.0,0.05,normal,signed,1,gaussian,continuous,soft-zero complement
t3fr_lbstresc,overall_severity,plausible_cross,0.0,0.25,normal,signed,1,gaussian,continuous,specific item may load on G
t3fr_lbstresc,cognition,unlikely_cross,0.0,0.05,normal,signed,1,gaussian,continuous,soft-zero complement
t3fr_lbstresc,metabolic,primary,0.6,0.3,half_normal,positive,1,gaussian,continuous,home factor metabolic
t3fr_lbstresc,inflammatory,plausible_cross,0.0,0.25,normal,signed,1,gaussian,continuous,theory-motivated cross-loading
t3fr_lbstresc,sleep,unlikely_cross,0.0,0.05,normal,signed,1,gaussian,continuous,soft-zero complement
t3fr_lbstresc,suicidality,unlikely_cross,0.0,0.05,normal,signed,1,gaussian,continuous,soft-zero complement
t3fr_lbstresc,developmental_risk,unlikely_cross,0.0,0.05,normal,signed,1,gaussian,continuous,soft-zero complement
t3fr_lbstresc,anhedonia,unlikely_cross,0.0,0.05,normal,signed,1,gaussian,continuous,soft-zero complement
t3fr_lbstresc,mania_activation,unlikely_cross,0.0,0.05,normal,signed,1,gaussian,continuous,soft-zero complement
t3fr_lbstresc,substance,unlikely_cross,0.0,0.05,normal,signed,1,gaussian,continuous,soft-zero complement
t4fr_lbstresc,overall_severity,plausible_cross,0.0,0.25,normal,signed,1,gaussian,continuous,specific item may load on G
t4fr_lbstresc,cognition,unlikely_cross,0.0,0.05,normal,signed,1,gaussian,continuous,soft-zero complement
t4fr_lbstresc,metabolic,primary,0.6,0.3,half_normal,positive,1,gaussian,continuous,home factor metabolic
t4fr_lbstresc,inflammatory,plausible_cross,0.0,0.25,normal,signed,1,gaussian,continuous,theory-motivated cross-loading
t4fr_lbstresc,sleep,unlikely_cross,0.0,0.05,normal,signed,1,gaussian,continuous,soft-zero complement
t4fr_lbstresc,suicidality,unlikely_cross,0.0,0.05,normal,signed,1,gaussian,continuous,soft-zero complement
t4fr_lbstresc,developmental_risk,unlikely_cross,0.0,0.05,normal,signed,1,gaussian,continuous,soft-zero complement
t4fr_lbstresc,anhedonia,unlikely_cross,0.0,0.05,normal,signed,1,gaussian,continuous,soft-zero complement
t4fr_lbstresc,mania_activation,unlikely_cross,0.0,0.05,normal,signed,1,gaussian,continuous,soft-zero complement
t4fr_lbstresc,substance,unlikely_cross,0.0,0.05,normal,signed,1,gaussian,continuous,soft-zero complement
tmt_a_time_sec,overall_severity,plausible_cross,0.0,0.25,normal,signed,1,gaussian,continuous,specific item may load on G
tmt_a_time_sec,cognition,primary,0.6,0.3,half_normal,positive,1,gaussian,continuous,home factor cognition
tmt_a_time_sec,metabolic,unlikely_cross,0.0,0.05,normal,signed,1,gaussian,continuous,soft-zero complement
tmt_a_time_sec,inflammatory,unlikely_cross,0.0,0.05,normal,signed,1,gaussian,continuous,soft-zero complement
tmt_a_time_sec,sleep,unlikely_cross,0.0,0.05,normal,signed,1,gaussian,continuous,soft-zero complement
tmt_a_time_sec,suicidality,unlikely_cross,0.0,0.05,normal,signed,1,gaussian,continuous,soft-zero complement
tmt_a_time_sec,developmental_risk,unlikely_cross,0.0,0.05,normal,signed,1,gaussian,continuous,soft-zero complement
tmt_a_time_sec,anhedonia,unlikely_cross,0.0,0.05,normal,signed,1,gaussian,continuous,soft-zero complement
tmt_a_time_sec,mania_activation,unlikely_cross,0.0,0.05,normal,signed,1,gaussian,continuous,soft-zero complement
tmt_a_time_sec,substance,unlikely_cross,0.0,0.05,normal,signed,1,gaussian,continuous,soft-zero complement
tmt_b_time_sec,overall_severity,plausible_cross,0.0,0.25,normal,signed,1,gaussian,continuous,specific item may load on G
tmt_b_time_sec,cognition,primary,0.6,0.3,half_normal,positive,1,gaussian,continuous,home factor cognition
tmt_b_time_sec,metabolic,unlikely_cross,0.0,0.05,normal,signed,1,gaussian,continuous,soft-zero complement
tmt_b_time_sec,inflammatory,unlikely_cross,0.0,0.05,normal,signed,1,gaussian,continuous,soft-zero complement
tmt_b_time_sec,sleep,unlikely_cross,0.0,0.05,normal,signed,1,gaussian,continuous,soft-zero complement
tmt_b_time_sec,suicidality,unlikely_cross,0.0,0.05,normal,signed,1,gaussian,continuous,soft-zero complement
tmt_b_time_sec,developmental_risk,unlikely_cross,0.0,0.05,normal,signed,1,gaussian,continuous,soft-zero complement
tmt_b_time_sec,anhedonia,unlikely_cross,0.0,0.05,normal,signed,1,gaussian,continuous,soft-zero complement
tmt_b_time_sec,mania_activation,unlikely_cross,0.0,0.05,normal,signed,1,gaussian,continuous,soft-zero complement
tmt_b_time_sec,substance,unlikely_cross,0.0,0.05,normal,signed,1,gaussian,continuous,soft-zero complement
toxidermi_mhoccur,overall_severity,plausible_cross,0.0,0.25,normal,signed,1,bernoulli,explicit,specific item may load on G
toxidermi_mhoccur,cognition,unlikely_cross,0.0,0.05,normal,signed,1,bernoulli,explicit,soft-zero complement
toxidermi_mhoccur,metabolic,plausible_cross,0.0,0.25,normal,signed,1,bernoulli,explicit,theory-motivated cross-loading
toxidermi_mhoccur,inflammatory,primary,0.6,0.3,half_normal,positive,1,bernoulli,explicit,home factor inflammatory
toxidermi_mhoccur,sleep,unlikely_cross,0.0,0.05,normal,signed,1,bernoulli,explicit,soft-zero complement
toxidermi_mhoccur,suicidality,unlikely_cross,0.0,0.05,normal,signed,1,bernoulli,explicit,soft-zero complement
toxidermi_mhoccur,developmental_risk,unlikely_cross,0.0,0.05,normal,signed,1,bernoulli,explicit,soft-zero complement
toxidermi_mhoccur,anhedonia,unlikely_cross,0.0,0.05,normal,signed,1,bernoulli,explicit,soft-zero complement
toxidermi_mhoccur,mania_activation,unlikely_cross,0.0,0.05,normal,signed,1,bernoulli,explicit,soft-zero complement
toxidermi_mhoccur,substance,unlikely_cross,0.0,0.05,normal,signed,1,bernoulli,explicit,soft-zero complement
traumacra_mhoccur,overall_severity,plausible_cross,0.0,0.25,normal,signed,1,bernoulli,explicit,specific item may load on G
traumacra_mhoccur,cognition,unlikely_cross,0.0,0.05,normal,signed,1,bernoulli,explicit,soft-zero complement
traumacra_mhoccur,metabolic,unlikely_cross,0.0,0.05,normal,signed,1,bernoulli,explicit,soft-zero complement
traumacra_mhoccur,inflammatory,unlikely_cross,0.0,0.05,normal,signed,1,bernoulli,explicit,soft-zero complement
traumacra_mhoccur,sleep,unlikely_cross,0.0,0.05,normal,signed,1,bernoulli,explicit,soft-zero complement
traumacra_mhoccur,suicidality,unlikely_cross,0.0,0.05,normal,signed,1,bernoulli,explicit,soft-zero complement
traumacra_mhoccur,developmental_risk,primary,0.6,0.3,half_normal,positive,1,bernoulli,explicit,home factor developmental_risk
traumacra_mhoccur,anhedonia,unlikely_cross,0.0,0.05,normal,signed,1,bernoulli,explicit,soft-zero complement
traumacra_mhoccur,mania_activation,unlikely_cross,0.0,0.05,normal,signed,1,bernoulli,explicit,soft-zero complement
traumacra_mhoccur,substance,unlikely_cross,0.0,0.05,normal,signed,1,bernoulli,explicit,soft-zero complement
trig,overall_severity,plausible_cross,0.0,0.25,normal,signed,1,lognormal,continuous,specific item may load on G
trig,cognition,unlikely_cross,0.0,0.05,normal,signed,1,lognormal,continuous,soft-zero complement
trig,metabolic,primary,0.6,0.3,half_normal,positive,1,lognormal,continuous,home factor metabolic
trig,inflammatory,plausible_cross,0.0,0.25,normal,signed,1,lognormal,continuous,theory-motivated cross-loading
trig,sleep,unlikely_cross,0.0,0.05,normal,signed,1,lognormal,continuous,soft-zero complement
trig,suicidality,unlikely_cross,0.0,0.05,normal,signed,1,lognormal,continuous,soft-zero complement
trig,developmental_risk,unlikely_cross,0.0,0.05,normal,signed,1,lognormal,continuous,soft-zero complement
trig,anhedonia,unlikely_cross,0.0,0.05,normal,signed,1,lognormal,continuous,soft-zero complement
trig,mania_activation,unlikely_cross,0.0,0.05,normal,signed,1,lognormal,continuous,soft-zero complement
trig,substance,unlikely_cross,0.0,0.05,normal,signed,1,lognormal,continuous,soft-zero complement
tsh_lbstresc,overall_severity,plausible_cross,0.0,0.25,normal,signed,1,gaussian,continuous,specific item may load on G
tsh_lbstresc,cognition,unlikely_cross,0.0,0.05,normal,signed,1,gaussian,continuous,soft-zero complement
tsh_lbstresc,metabolic,primary,0.6,0.3,half_normal,positive,1,gaussian,continuous,home factor metabolic
tsh_lbstresc,inflammatory,plausible_cross,0.0,0.25,normal,signed,1,gaussian,continuous,theory-motivated cross-loading
tsh_lbstresc,sleep,unlikely_cross,0.0,0.05,normal,signed,1,gaussian,continuous,soft-zero complement
tsh_lbstresc,suicidality,unlikely_cross,0.0,0.05,normal,signed,1,gaussian,continuous,soft-zero complement
tsh_lbstresc,developmental_risk,unlikely_cross,0.0,0.05,normal,signed,1,gaussian,continuous,soft-zero complement
tsh_lbstresc,anhedonia,unlikely_cross,0.0,0.05,normal,signed,1,gaussian,continuous,soft-zero complement
tsh_lbstresc,mania_activation,unlikely_cross,0.0,0.05,normal,signed,1,gaussian,continuous,soft-zero complement
tsh_lbstresc,substance,unlikely_cross,0.0,0.05,normal,signed,1,gaussian,continuous,soft-zero complement
urate,overall_severity,plausible_cross,0.0,0.25,normal,signed,1,lognormal,continuous,specific item may load on G
urate,cognition,unlikely_cross,0.0,0.05,normal,signed,1,lognormal,continuous,soft-zero complement
urate,metabolic,primary,0.6,0.3,half_normal,positive,1,lognormal,continuous,home factor metabolic
urate,inflammatory,plausible_cross,0.0,0.25,normal,signed,1,lognormal,continuous,theory-motivated cross-loading
urate,sleep,unlikely_cross,0.0,0.05,normal,signed,1,lognormal,continuous,soft-zero complement
urate,suicidality,unlikely_cross,0.0,0.05,normal,signed,1,lognormal,continuous,soft-zero complement
urate,developmental_risk,unlikely_cross,0.0,0.05,normal,signed,1,lognormal,continuous,soft-zero complement
urate,anhedonia,unlikely_cross,0.0,0.05,normal,signed,1,lognormal,continuous,soft-zero complement
urate,mania_activation,unlikely_cross,0.0,0.05,normal,signed,1,lognormal,continuous,soft-zero complement
urate,substance,unlikely_cross,0.0,0.05,normal,signed,1,lognormal,continuous,soft-zero complement
urea_lbstresc,overall_severity,plausible_cross,0.0,0.25,normal,signed,1,gaussian,continuous,specific item may load on G
urea_lbstresc,cognition,unlikely_cross,0.0,0.05,normal,signed,1,gaussian,continuous,soft-zero complement
urea_lbstresc,metabolic,primary,0.6,0.3,half_normal,positive,1,gaussian,continuous,home factor metabolic
urea_lbstresc,inflammatory,plausible_cross,0.0,0.25,normal,signed,1,gaussian,continuous,theory-motivated cross-loading
urea_lbstresc,sleep,unlikely_cross,0.0,0.05,normal,signed,1,gaussian,continuous,soft-zero complement
urea_lbstresc,suicidality,unlikely_cross,0.0,0.05,normal,signed,1,gaussian,continuous,soft-zero complement
urea_lbstresc,developmental_risk,unlikely_cross,0.0,0.05,normal,signed,1,gaussian,continuous,soft-zero complement
urea_lbstresc,anhedonia,unlikely_cross,0.0,0.05,normal,signed,1,gaussian,continuous,soft-zero complement
urea_lbstresc,mania_activation,unlikely_cross,0.0,0.05,normal,signed,1,gaussian,continuous,soft-zero complement
urea_lbstresc,substance,unlikely_cross,0.0,0.05,normal,signed,1,gaussian,continuous,soft-zero complement
verbal_fluency_phonemic,overall_severity,plausible_cross,0.0,0.25,normal,signed,-1,gaussian,continuous,specific item may load on G
verbal_fluency_phonemic,cognition,primary,0.6,0.3,half_normal,positive,-1,gaussian,continuous,home factor cognition
verbal_fluency_phonemic,metabolic,unlikely_cross,0.0,0.05,normal,signed,-1,gaussian,continuous,soft-zero complement
verbal_fluency_phonemic,inflammatory,unlikely_cross,0.0,0.05,normal,signed,-1,gaussian,continuous,soft-zero complement
verbal_fluency_phonemic,sleep,unlikely_cross,0.0,0.05,normal,signed,-1,gaussian,continuous,soft-zero complement
verbal_fluency_phonemic,suicidality,unlikely_cross,0.0,0.05,normal,signed,-1,gaussian,continuous,soft-zero complement
verbal_fluency_phonemic,developmental_risk,unlikely_cross,0.0,0.05,normal,signed,-1,gaussian,continuous,soft-zero complement
verbal_fluency_phonemic,anhedonia,unlikely_cross,0.0,0.05,normal,signed,-1,gaussian,continuous,soft-zero complement
verbal_fluency_phonemic,mania_activation,unlikely_cross,0.0,0.05,normal,signed,-1,gaussian,continuous,soft-zero complement
verbal_fluency_phonemic,substance,unlikely_cross,0.0,0.05,normal,signed,-1,gaussian,continuous,soft-zero complement
verbal_fluency_semantic,overall_severity,plausible_cross,0.0,0.25,normal,signed,-1,gaussian,continuous,specific item may load on G
verbal_fluency_semantic,cognition,primary,0.6,0.3,half_normal,positive,-1,gaussian,continuous,home factor cognition
verbal_fluency_semantic,metabolic,unlikely_cross,0.0,0.05,normal,signed,-1,gaussian,continuous,soft-zero complement
verbal_fluency_semantic,inflammatory,unlikely_cross,0.0,0.05,normal,signed,-1,gaussian,continuous,soft-zero complement
verbal_fluency_semantic,sleep,unlikely_cross,0.0,0.05,normal,signed,-1,gaussian,continuous,soft-zero complement
verbal_fluency_semantic,suicidality,unlikely_cross,0.0,0.05,normal,signed,-1,gaussian,continuous,soft-zero complement
verbal_fluency_semantic,developmental_risk,unlikely_cross,0.0,0.05,normal,signed,-1,gaussian,continuous,soft-zero complement
verbal_fluency_semantic,anhedonia,unlikely_cross,0.0,0.05,normal,signed,-1,gaussian,continuous,soft-zero complement
verbal_fluency_semantic,mania_activation,unlikely_cross,0.0,0.05,normal,signed,-1,gaussian,continuous,soft-zero complement
verbal_fluency_semantic,substance,unlikely_cross,0.0,0.05,normal,signed,-1,gaussian,continuous,soft-zero complement
vitd,overall_severity,plausible_cross,0.0,0.25,normal,signed,-1,gaussian,continuous,specific item may load on G
vitd,cognition,unlikely_cross,0.0,0.05,normal,signed,-1,gaussian,continuous,soft-zero complement
vitd,metabolic,primary,0.6,0.3,half_normal,positive,-1,gaussian,continuous,home factor metabolic
vitd,inflammatory,plausible_cross,0.0,0.25,normal,signed,-1,gaussian,continuous,theory-motivated cross-loading
vitd,sleep,unlikely_cross,0.0,0.05,normal,signed,-1,gaussian,continuous,soft-zero complement
vitd,suicidality,unlikely_cross,0.0,0.05,normal,signed,-1,gaussian,continuous,soft-zero complement
vitd,developmental_risk,unlikely_cross,0.0,0.05,normal,signed,-1,gaussian,continuous,soft-zero complement
vitd,anhedonia,unlikely_cross,0.0,0.05,normal,signed,-1,gaussian,continuous,soft-zero complement
vitd,mania_activation,unlikely_cross,0.0,0.05,normal,signed,-1,gaussian,continuous,soft-zero complement
vitd,substance,unlikely_cross,0.0,0.05,normal,signed,-1,gaussian,continuous,soft-zero complement
wais_code_std,overall_severity,plausible_cross,0.0,0.25,normal,signed,-1,gaussian,continuous,specific item may load on G
wais_code_std,cognition,primary,0.6,0.3,half_normal,positive,-1,gaussian,continuous,home factor cognition
wais_code_std,metabolic,unlikely_cross,0.0,0.05,normal,signed,-1,gaussian,continuous,soft-zero complement
wais_code_std,inflammatory,unlikely_cross,0.0,0.05,normal,signed,-1,gaussian,continuous,soft-zero complement
wais_code_std,sleep,unlikely_cross,0.0,0.05,normal,signed,-1,gaussian,continuous,soft-zero complement
wais_code_std,suicidality,unlikely_cross,0.0,0.05,normal,signed,-1,gaussian,continuous,soft-zero complement
wais_code_std,developmental_risk,unlikely_cross,0.0,0.05,normal,signed,-1,gaussian,continuous,soft-zero complement
wais_code_std,anhedonia,unlikely_cross,0.0,0.05,normal,signed,-1,gaussian,continuous,soft-zero complement
wais_code_std,mania_activation,unlikely_cross,0.0,0.05,normal,signed,-1,gaussian,continuous,soft-zero complement
wais_code_std,substance,unlikely_cross,0.0,0.05,normal,signed,-1,gaussian,continuous,soft-zero complement
wais_digitspan_std,overall_severity,plausible_cross,0.0,0.25,normal,signed,-1,gaussian,continuous,specific item may load on G
wais_digitspan_std,cognition,primary,0.6,0.3,half_normal,positive,-1,gaussian,continuous,home factor cognition
wais_digitspan_std,metabolic,unlikely_cross,0.0,0.05,normal,signed,-1,gaussian,continuous,soft-zero complement
wais_digitspan_std,inflammatory,unlikely_cross,0.0,0.05,normal,signed,-1,gaussian,continuous,soft-zero complement
wais_digitspan_std,sleep,unlikely_cross,0.0,0.05,normal,signed,-1,gaussian,continuous,soft-zero complement
wais_digitspan_std,suicidality,unlikely_cross,0.0,0.05,normal,signed,-1,gaussian,continuous,soft-zero complement
wais_digitspan_std,developmental_risk,unlikely_cross,0.0,0.05,normal,signed,-1,gaussian,continuous,soft-zero complement
wais_digitspan_std,anhedonia,unlikely_cross,0.0,0.05,normal,signed,-1,gaussian,continuous,soft-zero complement
wais_digitspan_std,mania_activation,unlikely_cross,0.0,0.05,normal,signed,-1,gaussian,continuous,soft-zero complement
wais_digitspan_std,substance,unlikely_cross,0.0,0.05,normal,signed,-1,gaussian,continuous,soft-zero complement
wais_ivt_index,overall_severity,plausible_cross,0.0,0.25,normal,signed,-1,gaussian,continuous,specific item may load on G
wais_ivt_index,cognition,primary,0.6,0.3,half_normal,positive,-1,gaussian,continuous,home factor cognition
wais_ivt_index,metabolic,unlikely_cross,0.0,0.05,normal,signed,-1,gaussian,continuous,soft-zero complement
wais_ivt_index,inflammatory,unlikely_cross,0.0,0.05,normal,signed,-1,gaussian,continuous,soft-zero complement
wais_ivt_index,sleep,unlikely_cross,0.0,0.05,normal,signed,-1,gaussian,continuous,soft-zero complement
wais_ivt_index,suicidality,unlikely_cross,0.0,0.05,normal,signed,-1,gaussian,continuous,soft-zero complement
wais_ivt_index,developmental_risk,unlikely_cross,0.0,0.05,normal,signed,-1,gaussian,continuous,soft-zero complement
wais_ivt_index,anhedonia,unlikely_cross,0.0,0.05,normal,signed,-1,gaussian,continuous,soft-zero complement
wais_ivt_index,mania_activation,unlikely_cross,0.0,0.05,normal,signed,-1,gaussian,continuous,soft-zero complement
wais_ivt_index,substance,unlikely_cross,0.0,0.05,normal,signed,-1,gaussian,continuous,soft-zero complement
wais_similitudes_std,overall_severity,plausible_cross,0.0,0.25,normal,signed,-1,gaussian,continuous,specific item may load on G
wais_similitudes_std,cognition,primary,0.6,0.3,half_normal,positive,-1,gaussian,continuous,home factor cognition
wais_similitudes_std,metabolic,unlikely_cross,0.0,0.05,normal,signed,-1,gaussian,continuous,soft-zero complement
wais_similitudes_std,inflammatory,unlikely_cross,0.0,0.05,normal,signed,-1,gaussian,continuous,soft-zero complement
wais_similitudes_std,sleep,unlikely_cross,0.0,0.05,normal,signed,-1,gaussian,continuous,soft-zero complement
wais_similitudes_std,suicidality,unlikely_cross,0.0,0.05,normal,signed,-1,gaussian,continuous,soft-zero complement
wais_similitudes_std,developmental_risk,unlikely_cross,0.0,0.05,normal,signed,-1,gaussian,continuous,soft-zero complement
wais_similitudes_std,anhedonia,unlikely_cross,0.0,0.05,normal,signed,-1,gaussian,continuous,soft-zero complement
wais_similitudes_std,mania_activation,unlikely_cross,0.0,0.05,normal,signed,-1,gaussian,continuous,soft-zero complement
wais_similitudes_std,substance,unlikely_cross,0.0,0.05,normal,signed,-1,gaussian,continuous,soft-zero complement
wbc,overall_severity,plausible_cross,0.0,0.25,normal,signed,1,lognormal,continuous,specific item may load on G
wbc,cognition,unlikely_cross,0.0,0.05,normal,signed,1,lognormal,continuous,soft-zero complement
wbc,metabolic,plausible_cross,0.0,0.25,normal,signed,1,lognormal,continuous,theory-motivated cross-loading
wbc,inflammatory,primary,0.6,0.3,half_normal,positive,1,lognormal,continuous,home factor inflammatory
wbc,sleep,unlikely_cross,0.0,0.05,normal,signed,1,lognormal,continuous,soft-zero complement
wbc,suicidality,unlikely_cross,0.0,0.05,normal,signed,1,lognormal,continuous,soft-zero complement
wbc,developmental_risk,unlikely_cross,0.0,0.05,normal,signed,1,lognormal,continuous,soft-zero complement
wbc,anhedonia,unlikely_cross,0.0,0.05,normal,signed,1,lognormal,continuous,soft-zero complement
wbc,mania_activation,unlikely_cross,0.0,0.05,normal,signed,1,lognormal,continuous,soft-zero complement
wbc,substance,unlikely_cross,0.0,0.05,normal,signed,1,lognormal,continuous,soft-zero complement
weight,overall_severity,plausible_cross,0.0,0.25,normal,signed,1,gaussian,continuous,specific item may load on G
weight,cognition,unlikely_cross,0.0,0.05,normal,signed,1,gaussian,continuous,soft-zero complement
weight,metabolic,primary,0.6,0.3,half_normal,positive,1,gaussian,continuous,home factor metabolic
weight,inflammatory,plausible_cross,0.0,0.25,normal,signed,1,gaussian,continuous,theory-motivated cross-loading
weight,sleep,unlikely_cross,0.0,0.05,normal,signed,1,gaussian,continuous,soft-zero complement
weight,suicidality,unlikely_cross,0.0,0.05,normal,signed,1,gaussian,continuous,soft-zero complement
weight,developmental_risk,unlikely_cross,0.0,0.05,normal,signed,1,gaussian,continuous,soft-zero complement
weight,anhedonia,unlikely_cross,0.0,0.05,normal,signed,1,gaussian,continuous,soft-zero complement
weight,mania_activation,unlikely_cross,0.0,0.05,normal,signed,1,gaussian,continuous,soft-zero complement
weight,substance,unlikely_cross,0.0,0.05,normal,signed,1,gaussian,continuous,soft-zero complement
wstcir,overall_severity,plausible_cross,0.0,0.25,normal,signed,1,gaussian,continuous,specific item may load on G
wstcir,cognition,unlikely_cross,0.0,0.05,normal,signed,1,gaussian,continuous,soft-zero complement
wstcir,metabolic,primary,0.6,0.3,half_normal,positive,1,gaussian,continuous,home factor metabolic
wstcir,inflammatory,plausible_cross,0.0,0.25,normal,signed,1,gaussian,continuous,theory-motivated cross-loading
wstcir,sleep,unlikely_cross,0.0,0.05,normal,signed,1,gaussian,continuous,soft-zero complement
wstcir,suicidality,unlikely_cross,0.0,0.05,normal,signed,1,gaussian,continuous,soft-zero complement
wstcir,developmental_risk,unlikely_cross,0.0,0.05,normal,signed,1,gaussian,continuous,soft-zero complement
wstcir,anhedonia,unlikely_cross,0.0,0.05,normal,signed,1,gaussian,continuous,soft-zero complement
wstcir,mania_activation,unlikely_cross,0.0,0.05,normal,signed,1,gaussian,continuous,soft-zero complement
wstcir,substance,unlikely_cross,0.0,0.05,normal,signed,1,gaussian,continuous,soft-zero complement
wurs,overall_severity,plausible_cross,0.0,0.25,normal,signed,1,gaussian,continuous,specific item may load on G
wurs,cognition,unlikely_cross,0.0,0.05,normal,signed,1,gaussian,continuous,soft-zero complement
wurs,metabolic,unlikely_cross,0.0,0.05,normal,signed,1,gaussian,continuous,soft-zero complement
wurs,inflammatory,unlikely_cross,0.0,0.05,normal,signed,1,gaussian,continuous,soft-zero complement
wurs,sleep,unlikely_cross,0.0,0.05,normal,signed,1,gaussian,continuous,soft-zero complement
wurs,suicidality,unlikely_cross,0.0,0.05,normal,signed,1,gaussian,continuous,soft-zero complement
wurs,developmental_risk,primary,0.6,0.3,half_normal,positive,1,gaussian,continuous,home factor developmental_risk
wurs,anhedonia,unlikely_cross,0.0,0.05,normal,signed,1,gaussian,continuous,soft-zero complement
wurs,mania_activation,unlikely_cross,0.0,0.05,normal,signed,1,gaussian,continuous,soft-zero complement
wurs,substance,unlikely_cross,0.0,0.05,normal,signed,1,gaussian,continuous,soft-zero complement
ymrs,overall_severity,plausible_cross,0.0,0.25,normal,signed,1,gaussian,continuous,specific item may load on G
ymrs,cognition,unlikely_cross,0.0,0.05,normal,signed,1,gaussian,continuous,soft-zero complement
ymrs,metabolic,unlikely_cross,0.0,0.05,normal,signed,1,gaussian,continuous,soft-zero complement
ymrs,inflammatory,unlikely_cross,0.0,0.05,normal,signed,1,gaussian,continuous,soft-zero complement
ymrs,sleep,unlikely_cross,0.0,0.05,normal,signed,1,gaussian,continuous,soft-zero complement
ymrs,suicidality,unlikely_cross,0.0,0.05,normal,signed,1,gaussian,continuous,soft-zero complement
ymrs,developmental_risk,unlikely_cross,0.0,0.05,normal,signed,1,gaussian,continuous,soft-zero complement
ymrs,anhedonia,unlikely_cross,0.0,0.05,normal,signed,1,gaussian,continuous,soft-zero complement
ymrs,mania_activation,primary,0.6,0.3,half_normal,positive,1,gaussian,continuous,home factor mania_activation
ymrs,substance,unlikely_cross,0.0,0.05,normal,signed,1,gaussian,continuous,soft-zero complement
