cluster,feature_id,n_inside,n_outside,median_inside,median_outside,u_statistic,p_value,effect_rank_biserial,abs_effect,p_value_bh,significant,label,section,direction
0,ctq29,912,7278,4.229737357227231,-1.4760502557740578,6227902.0,0.0,0.8765704622920312,0.8765704622920312,0.0,True,Questionnaire Childhood Trauma — Score Physical abuse,AUTO-QUESTIONNAIRES,higher
0,ctq39,899,7223,13.325283680891594,-4.302079745286733,5307597.5,3.9185790545754807e-212,0.6347474550229406,0.6347474550229406,2.5755751422346113e-210,True,Score Total au CTQ,AUTO-QUESTIONNAIRES,higher
0,ctq37,906,7273,4.676225459899589,-2.19446018738185,5198993.0,1.3531614770073904e-177,0.5780016141226934,0.5780016141226934,8.152797898969527e-176,True,Score Emotional Abuse,AUTO-QUESTIONNAIRES,higher
0,ctq31,905,7271,3.0268122784683413,-1.058973098587753,4666577.5,6.840659893360285e-94,0.4183576472340358,0.4183576472340358,2.3551414775711834e-92,True,Score Emotional neglect,AUTO-QUESTIONNAIRES,higher
0,ctq41,895,6810,-0.2751090955127798,-0.26569282300506664,1958798.5,7.94736141979937e-68,-0.3572388616805716,0.3572388616805716,2.2099778101980557e-66,True,Risque de déni sur le questionnaire,AUTO-QUESTIONNAIRES,lower
0,cedecodtrouble_humeur_actuel,15,355,-0.024826499168611016,-0.07529884944386254,3597.5,0.02125974375951939,0.35117370892018784,0.35117370892018784,0.046862179079672314,True,Type / précision de l'épisode de l'humeur actuel,EVALUATION MEDICALE,higher
0,ctq40,905,7194,-0.43754848851927786,-0.4236811631248433,2120774.0,1.1612901398418689e-65,-0.34851357100837566,0.34851357100837566,3.1096769300210045e-64,True,Score de déni,AUTO-QUESTIONNAIRES,lower
0,ctq33,908,7281,0.8975648879791418,-1.1991581633955892,4393502.5,5.368838541362059e-59,0.3291193904598717,0.3291193904598717,1.2938900884682562e-57,True,Score Physical neglect,AUTO-QUESTIONNAIRES,higher
0,wurs,701,5316,7.924136294827925,-3.8860215759864243,2393259.5,1.4853723413406238e-34,0.28444879882442464,0.28444879882442464,2.334617832150589e-33,True,Score à l'echelle WURS,AUTO-QUESTIONNAIRES,higher
0,ltsg04,27,230,-0.15897235745998284,0.06381364911718279,2455.0,0.0754774469979269,-0.2093397745571659,0.2093397745571659,0.14552051781200304,False,Létalité si la méthode = médicaments (avec effets sédatifs),SUICIDE,lower
0,mdq,11,495,-0.08068514018046989,-0.06314281815953504,2163.0,0.24378205211366566,-0.20550964187327825,0.20550964187327825,0.3483289005497634,False,Positivité du questionnaire MDQ,AUTO-QUESTIONNAIRES,lower
0,somat_all,789,6953,-0.24966750916665473,-0.23476131934573724,2222795.5,2.2690715312906756e-18,-0.1896357527829896,0.1896357527829896,2.000656972101413e-17,True,Pathologies allergiques (et inflammatoires) — drapeau de section,ANTECEDENTS,lower
0,cssrs03,47,429,0.20502416529764,0.21535659441272803,8248.0,0.04060006198976569,-0.18186777761245843,0.18186777761245843,0.08633483770176646,False,C-SSRS 3 : Idéation suicidaire active avec définition d'une méthode (sans scénario),SUICIDE,lower
0,isf01,851,7323,0.1609280984869742,0.15876602921116356,3671271.0,1.5509071404167705e-17,0.17822394647644457,0.17822394647644457,1.2888573132429023e-16,True,Avez-vous déjà eu l'impression que la vie ne vaut pas la peine d'être vécue ?,SUICIDE,higher
0,isf02,849,7313,0.22871113110390595,0.22734246633139665,3629777.5,6.222965197555934e-16,0.16924827062251158,0.16924827062251158,4.6866706644093135e-15,True,"Avez-vous déjà souhaité mourir, par exemple, vous coucher et ne pas vous réveiller ?",SUICIDE,higher
0,ctq35,906,7270,-0.7959389408457427,-0.831224187911288,3839983.0,3.344787628532383e-16,0.1659950019888805,0.1659950019888805,2.5726398462009713e-15,True,Score Sexual abuse,AUTO-QUESTIONNAIRES,higher
0,pere_structure,731,6531,0.46002845719460694,-0.4499182140327585,2773107.0,6.900469634109836e-13,0.16171490655635612,0.16171490655635612,4.53549049587401e-12,True,Père — atteinte (composite vs psychiatrique seule selon thesaurus),ANTECEDENTS,higher
0,isf03,848,7309,0.2580879944699189,0.25392077448823813,3553373.0,2.564893784525033e-12,0.14661331209648476,0.14661331209648476,1.655730541260356e-11,True,"Avez-vous déjà pensé à vous donner la mort, même si vous ne le feriez jamais ?",SUICIDE,higher
0,bis10,693,5520,1.121547013900333,-0.7065389034676137,2188326.0,5.892937608975761e-10,0.14411506368028104,0.14411506368028104,3.2277226449162693e-09,True,"Score total à la BIS-10, codage de Baratt",AUTO-QUESTIONNAIRES,higher
0,pregnn_rporres,264,2604,0.05101552881269544,-0.22850045051939016,391666.0,0.00018456381782889169,0.13946492575524827,0.13946492575524827,0.0006093134259830533,True,Nombre de grossesses,ANTECEDENTS,higher
0,mere_structure,774,6775,0.4107027920578237,0.35788944313838433,2970226.0,1.3283324476421002e-09,0.13284170981244703,0.13284170981244703,7.010104814928748e-09,True,Mère — atteinte (composite vs psychiatrique seule selon thesaurus),ANTECEDENTS,higher
0,cssrs06,26,353,0.015204068648350777,0.025851027540281013,3981.5,0.2601869900405268,-0.13238178252342558,0.13238178252342558,0.36669628420916356,False,C-SSRS Intensité : niveau le plus grave atteint,SUICIDE,lower
0,isf04,847,7301,0.46719878411387894,-0.40489827661150024,3491431.5,7.079076164377145e-10,0.12919192224642284,0.12919192224642284,3.8195313931676684e-09,True,Avez-vous déjà sérieusement envisagé de vous donner la mort ou planifié comment vous y prendre ?,SUICIDE,higher
0,isf09a,87,716,-0.28160379144129366,-0.49230549171378546,34958.0,0.06207409185423727,0.12239131830732686,0.12239131830732686,0.12432013410142256,False,Nombre de tentatives de suicide graves,SUICIDE,higher
0,cssrs10,51,491,-0.4456377803449496,-0.31154633452231906,10996.0,0.1522282897560953,-0.12176031308653812,0.12176031308653812,0.24677366254183158,False,C-SSRS Intensité : Maîtrise des pensées suicidaires,SUICIDE,lower
0,jobdur,237,2058,-1.4487130007279096,0.1416015718516963,214409.5,0.0022890855091266442,-0.12081493236233609,0.12081493236233609,0.006268972814767287,True,"Depuis combien de temps employé (de manière consécutive, sans interruption > 6 mois)",SOCIAL,lower
0,eq5d,627,5152,-0.0016799000755999272,0.06772904324425766,1423378.5,1.1635232214344654e-06,-0.11873402627121166,0.11873402627121166,4.919457830977301e-06,True,Score à l'EQ-5D,AUTO-QUESTIONNAIRES,lower
0,cssrs11,52,489,-0.5566617889274365,-0.5955190972391597,14220.0,0.16006891136285317,0.11845210004719209,0.11845210004719209,0.2566071461537535,False,C-SSRS Intensité : Éléments dissuasifs,SUICIDE,higher
0,cssrs02,123,1292,-0.3141754882358726,-0.31791008405988935,88715.0,0.032546363508133044,0.11650179969291963,0.11650179969291963,0.06961840478218992,False,C-SSRS 2 : Pensées suicidaires actives non spécifiques,SUICIDE,higher
0,prism,669,5380,0.8130620373847943,-1.511042020163572,1989387.0,8.387902960262352e-06,0.10545451514494797,0.10545451514494797,3.2257733192923834e-05,True,Score à l'echelle PRISE-M,AUTO-QUESTIONNAIRES,higher
0,psqi13,799,6608,-0.2869606586776534,-0.31052399434697486,2912986.0,1.7228722835054358e-06,0.10344725701315505,0.10344725701315505,7.1179237769967426e-06,True,Sous-Score trouble du sommeil,AUTO-QUESTIONNAIRES,higher
0,psqi15,806,6703,-0.17021780503367445,-0.18095439674929525,2972663.0,3.0610919605676487e-06,0.10045278048531281,0.10045278048531281,1.229538604161339e-05,True,Sous-Score qualité du sommeil,AUTO-QUESTIONNAIRES,higher
0,fast,677,5511,2.056678476550381,-2.0610695989089187,2050791.0,2.39359916705876e-05,0.09934073038292968,0.09934073038292968,8.740263625169108e-05,True,Score total à l'échelle FAST,HETERO-QUESTIONNAIRES,higher
0,cetermpremier_episode,598,4924,0.5199871567917866,0.47877202426672705,1617574.0,7.915062091861981e-05,0.09868937617674955,0.09868937617674955,0.0002738081288237422,True,"Type du premier épisode (sans/avec caractéristiques psychotiques ; EDM, hypomanie, manie, mixte, ne sais pas)",EVALUATION MEDICALE,higher
0,mere_suicide,395,3032,-0.21413470598298678,-0.22423153604824003,657767.5,0.001437428997818871,0.09843943088073215,0.09843943088073215,0.004091579391429306,True,Mère — antécédent de suicide ou tentative,ANTECEDENTS,higher
0,cssrs01,122,1286,0.46691197932087924,-0.41969775574859874,86107.0,0.07428590810758348,0.09765953649644343,0.09765953649644343,0.14360618064647823,False,C-SSRS 1 : Désir d'être mort(e) — souhait de vous endormir et ne jamais vous réveiller,SUICIDE,higher
0,agedebutpremier_episode,743,6492,-1.0337287991771298,-0.20183496821471358,2185606.5,2.7447036209191065e-05,-0.09377790990713075,0.09377790990713075,9.971963406655848e-05,True,"Âge au premier épisode (mood pour BP/DR, psychotique pour SZ)",EVALUATION MEDICALE,lower
0,dysthyro_mhmodify,61,603,-0.09499665459476114,-0.090571802124076,16689.5,0.2332962272468263,-0.09254275072723817,0.09254275072723817,0.34055458426908986,False,Dysthyroïdie — type (hyper/hypo),ANTECEDENTS,lower
0,psqi,785,6483,0.21593257386469222,-0.5529938250031767,2773848.5,3.6383229251421293e-05,0.09010179489522319,0.09010179489522319,0.00013022314232068118,True,Score total,AUTO-QUESTIONNAIRES,higher
0,psqi17,804,6693,-0.2864396309284818,-0.3293735677342535,2931248.0,3.318963107940742e-05,0.08944594225941849,0.08944594225941849,0.00011938359836025653,True,Sous-Score de dysfonctionnement dû au sommeil,AUTO-QUESTIONNAIRES,higher
0,fast27,677,5489,-0.37751248382442615,-0.8430997929313393,2014105.0,0.00035489519202992054,0.08400230029011957,0.08400230029011957,0.001101241304024174,True,Sous-score Fonctionnement cognitif (FAST),HETERO-QUESTIONNAIRES,higher
0,cesevtrouble_humeur_actuel,192,1539,-0.06087682271711392,-0.06368530941707284,160042.0,0.05968816030718078,0.08323857483214203,0.08323857483214203,0.12088106415151736,False,Sévérité de l'épisode actuel,EVALUATION MEDICALE,higher
0,ppartpremier_episode,588,4853,-0.03581634829837707,-0.04040376569483447,1542367.0,0.001312415713240602,0.08101097434646642,0.08101097434646642,0.0037505002398140522,True,Survenue du premier épisode en post-partum (dans les 6 premiers mois),EVALUATION MEDICALE,higher
0,sudose_cigarettes_lt,406,3199,-20.866124069038193,-24.643844137605434,700640.0,0.009491907810698823,0.07890858750502394,0.07890858750502394,0.02342201142366979,True,Nombre de paquets-année (cumul vie),SUBSTANCES,higher
0,ltsg07,50,434,0.4228869483471024,0.4225484598859549,11701.5,0.36349055335912606,0.07847926267281102,0.07847926267281102,0.4839432839783291,False,Existe-t-il un événement particulier déclencheur de la tentative ?,SUICIDE,higher
0,isf05,851,7325,-0.27149013841695846,-0.2716132989732995,3358454.0,0.00020882524425357507,0.0775370473604633,0.0775370473604633,0.0006831703692096596,True,Avez-vous déjà essayé de vous donner la mort ?,SUICIDE,higher
0,empjob,54,574,0.20302373248233652,0.049477023149192334,16658.5,0.3627726948391443,0.0748806297586786,0.0748806297586786,0.4839200338905929,False,Classe professionnelle (code INSEE),SOCIAL,higher
0,agedebut_cigarettes_lt,460,3707,-1.1847471835916359,-0.8709325554971308,790234.0,0.01037674262737693,-0.07315888858915565,0.07315888858915565,0.025091588359844548,True,Âge de début du tabagisme (années),SUBSTANCES,lower
0,fast29,674,5467,-0.16764761109468074,-0.7990449986843808,1976439.0,0.002022236261959263,0.07276461574952808,0.07276461574952808,0.005580445867925753,True,Sous-score Relations interpersonnelles (FAST),HETERO-QUESTIONNAIRES,higher
0,fast26,665,5425,0.916130605653958,-1.4294693410792574,1934246.0,0.0023031621079538174,0.0723098991718929,0.0723098991718929,0.0062759034967168606,True,Sous-score Activité professionnelle (FAST),HETERO-QUESTIONNAIRES,higher
0,qidsr120,692,5681,0.6247598077566838,-0.43276198803121346,2105524.5,0.0022024910722967424,0.0711724916133587,0.0711724916133587,0.006054756826123745,True,Score à l'échelle  QIDS_SR16,AUTO-QUESTIONNAIRES,higher
0,ltsv07,50,389,0.4105069183340071,0.4080815977663115,10377.5,0.4400575116246245,0.06709511568123383,0.06709511568123383,0.5562265400430131,False,Létalité si la méthode = Pendaison,SUICIDE,higher
0,cgi03,282,2265,-1.4075521172927865,-1.2564728338106081,299326.0,0.08530934379605969,-0.06274638736242233,0.06274638736242233,0.15896560712513183,False,Score de l'index thérapeutique CGI,HETERO-QUESTIONNAIRES,lower
0,ltsg02,37,316,-0.7737897033209993,-0.12907070712176538,6209.0,0.5370635639798399,0.06209373930892914,0.06209373930892914,0.6471615945957071,False,Type de médicaments avec effets sédatifs (méthode = médicaments),SUICIDE,higher
0,inflachro_mhmodify,5,42,0.41777460651465237,-0.3110076703273559,111.5,0.835947740585208,0.06190476190476191,0.06190476190476191,0.8888091418280961,False,MICI — type (Crohn / RCH / autre),ANTECEDENTS,higher
0,cgi03a,286,2285,-0.17711386538223284,-0.14536210231485325,307114.5,0.09701771699061867,-0.0601077259720586,0.0601077259720586,0.17579902101307596,False,Effet thérapeutique (CGI),HETERO-QUESTIONNAIRES,lower
0,staya,694,5587,0.045921565168118406,-1.0716215702201453,2049491.0,0.013919342000572045,0.05715305549265515,0.05715305549265515,0.03235911339682826,True,Score à l'echelle STAY-A,AUTO-QUESTIONNAIRES,higher
0,psqi16,807,6693,-0.5230758690577382,-0.815226841406333,2854246.5,0.008196581071590292,0.056883488658460823,0.056883488658460823,0.020364701425291346,True,Sous-Score consommation d'hypnotiques,AUTO-QUESTIONNAIRES,higher
0,ess0109,690,5569,0.23532047175358706,-0.30433383811055137,2029126.5,0.01603108243872135,0.05611888794335096,0.05611888794335096,0.03656300505739917,True,Score total à l'échelle Epworth,AUTO-QUESTIONNAIRES,higher
0,altman,689,5622,-0.9753937669654356,-1.3156245455834692,2044196.5,0.017325553603382955,0.05546192931666449,0.05546192931666449,0.03890178650697477,True,Score à l'échelle Altman,AUTO-QUESTIONNAIRES,higher
0,isf05a,338,2513,0.21275892163545862,0.20030182066693625,447868.0,0.10292210109446728,0.054558897284416874,0.054558897284416874,0.1819380906877747,False,Quand cela est-il arrivé pour la dernière fois ? (item ISF05),SUICIDE,higher
0,ltsg01,49,441,-0.23924936974822808,-0.2268647381689517,10215.5,0.5313777640360531,-0.05451432273589707,0.05451432273589707,0.642451711368004,False,Méthode de la tentative de suicide la plus grave,SUICIDE,lower
0,isf07,354,2719,-0.8466555907532831,-0.8607334268636642,507377.0,0.09630589045754168,0.05426139138059649,0.05426139138059649,0.17579902101307596,False,Combien de fois avez-vous tenté de vous suicider ?,SUICIDE,higher
0,pere_trouble,336,2562,0.19365293401422873,0.14443875422112973,453081.5,0.11602088246793019,0.05265952009218977,0.05265952009218977,0.20067726800075006,False,"Père — troubles psychiatriques (présence ou type, selon thesaurus)",ANTECEDENTS,higher
0,ltsv09,41,279,0.3888628572921542,-0.36006026977903155,6008.0,0.6026046692245035,0.05044147215665706,0.05044147215665706,0.6995142047453522,False,Existe-t-il un événement particulier déclencheur de la tentative ?,SUICIDE,higher
0,mars,848,7061,0.3284140346004909,0.40899860508280206,2844580.5,0.017492133544244087,-0.0498631534364955,0.0498631534364955,0.03915421842875689,True,Score à l'echelle MARS,AUTO-QUESTIONNAIRES,lower
0,hodur_arret_travail_actuel,95,772,0.31626177023750635,0.3105620056323294,38470.0,0.4346089157618451,0.04908644668666495,0.04908644668666495,0.5551629789678693,False,Est-ce un arrêt de travail de longue durée ?,SOIN SUIVI HOSP ARRET TRAVAIL,higher
0,ymrs,896,7539,-1.2074988772988442,-1.4827808448835342,3538967.5,0.019101185648195167,0.047815496323877715,0.047815496323877715,0.04236244547130401,True,Score total YMRS,HETERO-QUESTIONNAIRES,higher
0,csm,622,5126,-0.1790796398104888,0.23092391517472066,1518419.0,0.05255056206186158,-0.047527076514283784,0.047527076514283784,0.10793766014410773,False,Score à l'echelle CSM,AUTO-QUESTIONNAIRES,lower
0,eq5d0206,578,5004,1.240048527766909,2.928074431869078,1377834.5,0.0625372184703626,-0.04724352006284249,0.04724352006284249,0.12490168219356951,False,Votre état de santé aujourd’hui [valeur entre 0 et 100],AUTO-QUESTIONNAIRES,lower
0,fast28,677,5453,-1.0282418713930972,-1.0439019094417972,1932529.0,0.045924629438957545,0.04696424203499716,0.04696424203499716,0.0965218229196695,False,Sous-score Finances (FAST),HETERO-QUESTIONNAIRES,higher
0,hooccur_arret_travail,423,3767,0.37525176263147775,0.3680192236791475,832833.5,0.1258051748395936,0.04532706262735808,0.04532706262735808,0.21301438269092782,False,Le patient a-t-il eu des arrêts de travail au cours des 12 derniers mois ?,SOIN SUIVI HOSP ARRET TRAVAIL,higher
0,hooccur_arret_travail_actuel,468,4006,-0.19490290498243562,-0.195199814142575,979245.5,0.11354347959081491,0.044635504008943894,0.044635504008943894,0.19686315526177264,False,Le patient est-il actuellement en arrêt de travail ?,SOIN SUIVI HOSP ARRET TRAVAIL,higher
0,isf08,347,2640,-0.14983986002399038,-0.1503352038734286,477919.5,0.18807878813131618,0.04340123133350793,0.04340123133350793,0.293062422023581,False,"Existe-t-il des tentatives de suicide violentes (arme à feu, immolation, noyade, saut, pendaison) ?",SUICIDE,higher
0,fast25,678,5488,-0.8483138599307734,-1.1650299171900276,1939951.0,0.06899499275962145,0.042742223311574845,0.042742223311574845,0.13481994531136843,False,Sous-score Autonomie (FAST),HETERO-QUESTIONNAIRES,higher
0,mere_trouble,399,3041,0.08510711683938366,0.08066448791362446,630271.5,0.20594898162593667,0.03888708947640396,0.03888708947640396,0.31251689468750316,False,"Mère — troubles psychiatriques (présence ou type, selon thesaurus)",ANTECEDENTS,higher
0,isf01a,761,5530,-0.0856943368597547,-0.0680122530203191,2023624.0,0.08642056275062404,-0.03827694120945835,0.03827694120945835,0.16062227986812644,False,Quand cela est-il arrivé pour la dernière fois ? (item ISF01),SUICIDE,lower
0,stprof,717,5818,-1.003883406936977,-0.9463759722087444,2007491.0,0.10061494564219904,-0.03752218023898324,0.03752218023898324,0.17873367493687936,False,Statut professionnel actuel,SOCIAL,lower
0,fast30,678,5491,-0.15005270437299423,-0.23763869652801128,1930010.0,0.11710284329742943,0.03683205932582623,0.03683205932582623,0.20088119482238523,False,Sous-score Loisirs (FAST),HETERO-QUESTIONNAIRES,higher
0,cgi03b,162,1481,-0.048569129158908764,-0.05148782513937977,124099.0,0.47048416028175877,0.034494544060152954,0.034494544060152954,0.5844674362263086,False,Effets secondaires (CGI),HETERO-QUESTIONNAIRES,higher
0,hormonal_rporres,65,782,-0.11975139265193507,-0.11966650225053302,24644.5,0.6843597836126385,-0.030316742081447967,0.030316742081447967,0.765932079801761,False,Traitement hormonal en cours,ANTECEDENTS,lower
0,madrs,708,5872,-1.7656579898092648,-2.2542934713874967,2140309.5,0.19687108019247668,0.029644419941809552,0.029644419941809552,0.30349209164000135,False,Score MADRS,HETERO-QUESTIONNAIRES,higher
0,psqi14,802,6672,-0.3194801706891677,-0.334582677348201,2754734.5,0.16978480791018224,0.029625613723485156,0.029625613723485156,0.2677535798186179,False,Sous-Score temps de latence avant sommeil,AUTO-QUESTIONNAIRES,higher
0,pparttrouble_humeur_actuel,210,1706,-0.007700698150005562,-0.007458257513242599,173993.0,0.49712843600528744,-0.028677496790040724,0.028677496790040724,0.6076986195150769,False,Survenue de l'épisode actuel en post-partum (6 derniers mois),EVALUATION MEDICALE,lower
0,lvsbjind,696,5887,-0.2659446437226429,-0.28301213011846027,2106723.5,0.2208469265045797,0.028334153375155546,0.028334153375155546,0.3258889815811422,False,Mode de vie (avec qui le sujet vit / type de logement),SOCIAL,higher
0,hodur_arret_travail,234,2184,-4.799557829330538,-7.5638410055684595,262620.5,0.4847224793440009,0.027756253717792223,0.027756253717792223,0.5970261542857115,False,"Durée cumulée des arrêts de travail (semaines, 12 derniers mois)",SOIN SUIVI HOSP ARRET TRAVAIL,higher
0,cssrs12,50,489,0.9778473878076532,0.28211722778306436,11889.0,0.7490764036596977,-0.027484662576687136,0.027484662576687136,0.815635903382472,False,C-SSRS Intensité : Raisons de l'idéation suicidaire,SUICIDE,lower
0,agefin_cigarettes_lt,105,802,0.6608801060415246,0.5707681620697116,43240.5,0.6529716117490504,0.02696829355183472,0.02696829355183472,0.7411279047010414,False,"Âge de fin du tabagisme (années, si ex-fumeur)",SUBSTANCES,higher
0,pere_suicide,358,2723,-0.1729908347210767,-0.17434810826030112,500121.5,0.42202130349437805,0.026064950545426235,0.026064950545426235,0.5415375334799293,False,Père — antécédent de suicide ou tentative,ANTECEDENTS,higher
0,suncf_cigarettes_lt,872,7437,0.06126139489282911,0.03357432154187312,3326823.5,0.20845516051366408,0.02599557999736013,0.02599557999736013,0.31464108778993555,False,Statut tabagique (non-fumeur / ex-fumeur / fumeur actuel),SUBSTANCES,higher
0,egf,791,6695,-2.2148763667529536,-1.9322572673918543,2580477.0,0.24100915469648032,-0.025452698345558522,0.025452698345558522,0.34780363043025003,False,Score à l'échelle EGF,HETERO-QUESTIONNAIRES,lower
0,isf09,345,2614,-0.23106210589110548,-0.23435895131322249,462224.0,0.44831077185900814,0.025080114877526816,0.025080114877526816,0.563702066180979,False,Existe-t-il des tentatives de suicide graves (passage en réanimation) ?,SUICIDE,higher
0,cgi01,852,7277,0.3698407314463348,0.17834329616830447,3177118.5,0.23410183731913925,0.024876274273371468,0.024876274273371468,0.34055458426908986,False,Gravité de la maladie (CGI sévérité),HETERO-QUESTIONNAIRES,higher
0,cssrs09,52,492,-0.37421939925488545,-0.3644047260447878,12496.0,0.7839779188859864,-0.02313946216385243,0.02313946216385243,0.8442816860304946,False,C-SSRS Intensité : Durée des pensées suicidaires,SUICIDE,lower
0,isf02a,687,4952,-0.13743563567291783,-0.13320065603179843,1662050.5,0.3298800954752783,-0.02290489426294462,0.02290489426294462,0.44496886012803394,False,Quand cela est-il arrivé pour la dernière fois ? (item ISF02),SUICIDE,lower
0,agedebut_hospitalisation,603,5083,0.6854589720842768,0.5863548430998122,1567626.5,0.3570541145447206,0.02290469092011249,0.02290469092011249,0.47717213459488533,False,Âge à la première hospitalisation psychiatrique,SOIN SUIVI HOSP ARRET TRAVAIL,higher
0,cssrs05,48,428,-0.2807142158772518,-0.27883993535444335,10505.5,0.7965241612138765,0.02273169781931461,0.02273169781931461,0.8529329088191308,False,C-SSRS 5 : Idéation suicidaire active avec scénario précis et intention,SUICIDE,higher
0,remisc,528,4356,0.31457316455296813,0.31587551895163757,1128216.0,0.47683337506036527,-0.01892895901160363,0.01892895901160363,0.5894042194782704,False,Rémission complète entre les épisodes,EVALUATION MEDICALE,lower
0,isf04a,477,3311,0.46466124655187313,0.44453603290767485,803917.0,0.5235902907616286,0.018037201450979534,0.018037201450979534,0.6351607050682172,False,Quand cela est-il arrivé pour la dernière fois ? (item ISF04),SUICIDE,higher
0,isf03a,672,4877,-0.20108056527825546,-0.19529407710947644,1609923.0,0.46025905040786297,-0.017544084478162802,0.017544084478162802,0.5747276225300257,False,Quand cela est-il arrivé pour la dernière fois ? (item ISF03),SUICIDE,lower
0,mathys31,645,5194,-0.3290292734447924,-0.3290292734447924,1704132.5,0.4716051490776966,0.017353057941035033,0.017353057941035033,0.5848550991135071,False,Score Perception sensorielle à la MATHYS,AUTO-QUESTIONNAIRES,higher
0,ltsv01,40,287,0.03536656791179427,0.028052482622079378,5826.0,0.8786851219528389,0.01498257839721262,0.01498257839721262,0.9220454908155333,False,Méthode de la tentative de suicide la plus violente,SUICIDE,higher
0,nboccur_hospitalisation_lt,717,6037,-0.6902685299936508,-0.6864916358248792,2192866.0,0.5623088932620858,0.013215344057992962,0.013215344057992962,0.6708734815651617,False,Nombre total d'hospitalisations psychiatriques (vie entière),SOIN SUIVI HOSP ARRET TRAVAIL,higher
0,jobclas,253,2172,0.17664924964442763,0.17843767548427658,271308.5,0.7434840316426706,-0.012554684485984069,0.012554684485984069,0.8132208091946307,False,Emploi temps plein (Y/N),SOCIAL,lower
0,isf08a,81,543,-0.20401488565817338,-0.2043878492750184,22230.0,0.8750456220803167,0.010845099242889233,0.010845099242889233,0.9214259296285648,False,Nombre de tentatives de suicide violentes,SUICIDE,higher
0,mathys32,645,5215,0.6422728222238341,0.9005069823067533,1664181.0,0.6631250562962178,-0.010498338870431945,0.010498338870431945,0.750296425199007,False,Score Interaction personnelle à la MATHYS,AUTO-QUESTIONNAIRES,lower
0,psqi11,795,6618,-0.5312024092084333,-0.5214452063103416,2603067.5,0.6284764840203954,-0.01048693196181183,0.01048693196181183,0.7212515840424537,False,Sous-Score efficience sommeil (temps effectif/temps au lit),AUTO-QUESTIONNAIRES,lower
0,psqi12,801,6667,-0.3183898644501546,-0.31577842126945893,2697691.5,0.632646279156819,0.010320832272993075,0.010320832272993075,0.7237393351746522,False,Sous-Score durée de sommeil,AUTO-QUESTIONNAIRES,higher
0,edulevel,609,5319,0.5930839364722154,0.5872140743879619,1635366.0,0.694176706293504,0.009712370468540676,0.009712370468540676,0.7709520102153662,False,Niveau d'éducation (années / dernier grade obtenu),SOCIAL,higher
0,maristat,732,6153,-0.14031866830076511,-0.14827020804360957,2270486.5,0.7161027681773913,0.008209820790249456,0.008209820790249456,0.7904462616675633,False,Statut marital,SOCIAL,higher
0,hodur_hospitalisation_lt,502,4414,-1.4427326878618003,-1.7184469705252954,1115746.0,0.7949354553295492,0.007069140745581404,0.007069140745581404,0.8529329088191308,False,"Durée totale des hospitalisations psychiatriques (vie entière, mois)",SOIN SUIVI HOSP ARRET TRAVAIL,higher
0,chrontrouble_humeur_actuel,174,1415,-0.3225035324073702,-0.3104008444023784,122245.0,0.8803812160107857,-0.006985906340116199,0.006985906340116199,0.9224864046026059,False,Chronicité de l'épisode actuel (> 2 ans),EVALUATION MEDICALE,lower
0,mathys30,645,5200,0.97569056261516,1.6440666843071021,1666541.0,0.7958424887307,-0.006236732259988109,0.006236732259988109,0.8529329088191308,False,Score Motivation à la MATHYS,AUTO-QUESTIONNAIRES,lower
0,cgi02,277,2179,-0.42814226372460484,-0.36208784029067376,300168.0,0.8839243524911303,-0.005379541836002644,0.005379541836002644,0.9248586206238599,False,Amélioration globale (CGI amélioration),HETERO-QUESTIONNAIRES,lower
0,cssrs08,53,498,-0.0037589590106090753,0.0664775081339779,13267.5,0.9493454271804166,0.005342123209820304,0.005342123209820304,0.9599674739180997,False,C-SSRS Intensité : Fréquence des pensées suicidaires,SUICIDE,higher
0,mathys,643,5178,1.5355949558070705,2.0746620872772183,1656733.5,0.8423613636967769,-0.004801688204732701,0.004801688204732701,0.8930018562357328,False,Score total à la MATHYS,AUTO-QUESTIONNAIRES,lower
0,cssrs04,48,430,-0.4367419715204605,-0.43629939601534756,10281.0,0.9661659818746333,-0.0037790697674419116,0.0037790697674419116,0.9742510528526638,False,C-SSRS 4 : Idéation suicidaire active avec intention de passage à l'acte (sans scénario),SUICIDE,lower
0,saison,541,4411,-0.2782745824672514,-0.27911989359510403,1189744.5,0.9129567717587785,-0.0028755199884678007,0.0028755199884678007,0.9383280577011083,False,Caractère saisonnier des épisodes,EVALUATION MEDICALE,lower
0,agetrt,726,6425,-0.008247140724702007,0.013419407127749139,2325872.5,0.90335888454826,-0.0027451737037871293,0.0027451737037871293,0.9343754986100028,False,Âge du patient au premier traitement psychotrope/antipsychotique,EVALUATION MEDICALE,lower
0,fagers,379,3021,-0.08830633131355992,0.19684982962427444,571242.5,0.9452749174988522,-0.0021607760627236905,0.0021607760627236905,0.9571901475513587,False,Score total,AUTO-QUESTIONNAIRES,lower
0,mathys29,645,5199,-0.37122636968951284,-0.383275553486083,1678180.5,0.9703439538457097,0.0008964156792228284,0.0008964156792228284,0.9760422779808949,False,Score Emotion à la MATHYS,AUTO-QUESTIONNAIRES,higher
0,mathys33,645,5212,-0.5218324643051435,-0.5538135366848653,1679543.5,0.9738879769965363,-0.0007891746536019539,0.0007891746536019539,0.9779458435673551,False,Score Cognition à la MATHYS,AUTO-QUESTIONNAIRES,lower
0,menostat_rporres,432,3743,-0.019561282827942103,-0.019561282827942103,808660.0,0.9942304127009958,0.00021274279890359793,0.00021274279890359793,0.9956074631340996,False,Statut ménopausique,ANTECEDENTS,higher
1,somat_all,1265,6477,0.7405711405506162,-0.24722717159597246,7738251.5,0.0,0.8888975950779927,0.8888975950779927,0.0,True,Pathologies allergiques (et inflammatoires) — drapeau de section,ANTECEDENTS,higher
1,ctq41,1133,6572,-0.27058928470907745,-0.26606947390537516,2962432.0,3.8297046084229544e-28,-0.2042971358336928,0.2042971358336928,5.3247623690188385e-27,True,Risque de déni sur le questionnaire,AUTO-QUESTIONNAIRES,lower
1,ctq40,1167,6932,-0.43061482582206057,-0.4242589683496114,3222761.0,9.483713174878165e-29,-0.20323786806934896,0.20323786806934896,1.3444558089091988e-27,True,Score de déni,AUTO-QUESTIONNAIRES,lower
1,isf01,1243,6931,0.1609280984869742,0.15849577055168718,5132907.0,4.619004081169193e-27,0.1915886662612607,0.1915886662612607,5.858842018746186e-26,True,Avez-vous déjà eu l'impression que la vie ne vaut pas la peine d'être vécue ?,SUICIDE,higher
1,isf02,1243,6919,0.22871113110390595,0.22734246633139665,5091281.0,4.482775064936415e-25,0.18397519533291629,0.18397519533291629,5.227494148304884e-24,True,"Avez-vous déjà souhaité mourir, par exemple, vous coucher et ne pas vous réveiller ?",SUICIDE,higher
1,ctq37,1174,7005,-0.18485940271756096,-1.3217850885201265,4735127.5,8.551115594519436e-17,0.15155699202443618,0.15155699202443618,6.793908323997311e-16,True,Score Emotional Abuse,AUTO-QUESTIONNAIRES,higher
1,ctq39,1168,6954,-0.032090866322946,-3.232388849395747,4671944.5,1.7576377696400272e-16,0.15040336004507115,0.15040336004507115,1.3812740298366736e-15,True,Score Total au CTQ,AUTO-QUESTIONNAIRES,higher
1,ctq31,1176,7000,0.5419521089239598,-0.7702668055375987,4719599.0,7.682649937482712e-16,0.14664698736637516,0.14664698736637516,5.726346293608248e-15,True,Score Emotional neglect,AUTO-QUESTIONNAIRES,higher
1,cgi02,298,2158,-1.3239429554575524,-0.31108909321437983,275083.0,5.14877342104903e-05,-0.14448812285797807,0.14448812285797807,0.00018247858742247297,True,Amélioration globale (CGI amélioration),HETERO-QUESTIONNAIRES,lower
1,cedecodtrouble_humeur_actuel,31,339,-0.05154715519668536,-0.07529884944386254,5975.5,0.20618334545773032,0.13721571985916836,0.13721571985916836,0.31251689468750316,False,Type / précision de l'épisode de l'humeur actuel,EVALUATION MEDICALE,higher
1,mdq,44,462,-0.07299091025178686,-0.06314281815953504,8775.0,0.13402749000433634,-0.13665879574970485,0.13665879574970485,0.22430989646559069,False,Positivité du questionnaire MDQ,AUTO-QUESTIONNAIRES,lower
1,isf03,1240,6917,0.25756709197220873,0.25339987199052805,4866873.5,3.622317025516951e-14,0.13485556856179493,0.13485556856179493,2.56758353867525e-13,True,"Avez-vous déjà pensé à vous donner la mort, même si vous ne le feriez jamais ?",SUICIDE,higher
1,cssrs04,60,418,-0.43607810826279114,-0.43629939601534756,14218.5,0.09351758205715238,0.13385167464114822,0.13385167464114822,0.17217765350520384,False,C-SSRS 4 : Idéation suicidaire active avec intention de passage à l'acte (sans scénario),SUICIDE,higher
1,ltsv01,60,267,0.8736993528014598,0.01586234047255486,9032.0,0.12265518486550293,0.12759051186017478,0.12759051186017478,0.20915023268339297,False,Méthode de la tentative de suicide la plus violente,SUICIDE,higher
1,isf05,1243,6933,-0.2713361877215321,-0.27164408911238475,4833338.5,7.67978716667913e-12,0.12172107259473175,0.12172107259473175,4.7866259668181135e-11,True,Avez-vous déjà essayé de vous donner la mort ?,SUICIDE,higher
1,cssrs11,67,474,-0.6205276508508566,-0.5920681301129933,14002.5,0.11725015797378502,-0.11817494804458717,0.11817494804458717,0.20088119482238523,False,C-SSRS Intensité : Éléments dissuasifs,SUICIDE,lower
1,saison,744,4208,-0.2748933379558408,-0.27996520472295666,1740403.0,1.1211002657097212e-06,0.11181147532605595,0.11181147532605595,4.767973482988991e-06,True,Caractère saisonnier des épisodes,EVALUATION MEDICALE,higher
1,isf04,1239,6909,0.46719878411387894,-0.40491043379225966,4758625.5,3.4732531907636544e-10,0.11179578729642392,0.11179578729642392,1.961845356970408e-09,True,Avez-vous déjà sérieusement envisagé de vous donner la mort ou planifié comment vous y prendre ?,SUICIDE,higher
1,pparttrouble_humeur_actuel,271,1645,-0.008159444275097504,-0.007368732251510282,198025.0,0.0032035154331283527,-0.11158716450386386,0.11158716450386386,0.008637089669410887,True,Survenue de l'épisode actuel en post-partum (6 derniers mois),EVALUATION MEDICALE,lower
1,ltsv09,61,259,0.36381813717384315,-0.36006026977903155,8724.5,0.2046820834097387,0.10443698968289139,0.10443698968289139,0.3118246819160202,False,Existe-t-il un événement particulier déclencheur de la tentative ?,SUICIDE,higher
1,isf08a,109,515,-0.22188930972575238,-0.2008875571848716,25200.0,0.09358658069298721,-0.10216442504676226,0.10216442504676226,0.17217765350520384,False,Nombre de tentatives de suicide violentes,SUICIDE,lower
1,hodur_arret_travail_actuel,117,750,0.32283282035579774,0.30969072011921495,48289.5,0.07975486710568234,0.10061538461538455,0.10061538461538455,0.15163839375133226,False,Est-ce un arrêt de travail de longue durée ?,SOIN SUIVI HOSP ARRET TRAVAIL,higher
1,eq5d,860,4919,0.008093162281369914,0.0683337453322902,1902932.0,2.5791604987990874e-06,-0.10034087094654331,0.10034087094654331,1.0535214918823391e-05,True,Score à l'EQ-5D,AUTO-QUESTIONNAIRES,lower
1,cgi03,311,2236,-1.3762885017107038,-1.2602521113970835,312885.5,0.004171725270507461,-0.10012280772394433,0.10012280772394433,0.010849486944521205,True,Score de l'index thérapeutique CGI,HETERO-QUESTIONNAIRES,lower
1,cgi03a,314,2257,-0.18899672126211509,-0.14536210231485325,318920.0,0.004045124591793537,-0.09998334974841183,0.09998334974841183,0.010635000290424461,True,Effet thérapeutique (CGI),HETERO-QUESTIONNAIRES,lower
1,cssrs06,48,331,0.026738274114608274,0.02230204124297064,8709.5,0.28079868394384055,0.09636203423967782,0.09636203423967782,0.39092345886117663,False,C-SSRS Intensité : niveau le plus grave atteint,SUICIDE,higher
1,ltsg01,85,405,-0.23615321185340887,-0.2268647381689517,15578.0,0.16855157123039588,-0.094960058097313,0.094960058097313,0.26665817505377726,False,Méthode de la tentative de suicide la plus grave,SUICIDE,lower
1,psqi13,1080,6327,-0.2840152417189883,-0.31052399434697486,3737922.0,7.509594914731449e-07,0.09405370282563275,0.09405370282563275,3.270745255030625e-06,True,Sous-Score trouble du sommeil,AUTO-QUESTIONNAIRES,higher
1,dysthyro_mhmodify,121,543,-0.09499665459476114,-0.08835937588873333,29929.0,0.12564065721023931,-0.08896093024671625,0.08896093024671625,0.21301438269092782,False,Dysthyroïdie — type (hyper/hypo),ANTECEDENTS,lower
1,mere_structure,1159,6390,0.4001401222739358,0.35788944313838433,4023647.0,2.6355823954719917e-06,0.0865896751422155,0.0865896751422155,1.0705202651271067e-05,True,Mère — atteinte (composite vs psychiatrique seule selon thesaurus),ANTECEDENTS,higher
1,cssrs12,67,472,0.17697328940069523,0.30040430037834365,14453.5,0.25495366491960303,-0.0859157601821402,0.0859157601821402,0.36072700535591584,False,C-SSRS Intensité : Raisons de l'idéation suicidaire,SUICIDE,lower
1,hormonal_rporres,108,739,-0.1194118310463268,-0.11975139265193507,43200.5,0.16518335769609338,0.08255650779331436,0.08255650779331436,0.26190256055762173,False,Traitement hormonal en cours,ANTECEDENTS,higher
1,empjob,88,540,0.024219932345617146,0.059994893745469735,21809.5,0.21660749170710103,-0.0820917508417508,0.0820917508417508,0.32223707099636634,False,Classe professionnelle (code INSEE),SOCIAL,lower
1,pere_structure,1099,6163,0.45400608737344494,-0.44916541780511327,3659592.0,2.005543861500345e-05,0.08061951205180118,0.08061951205180118,7.360447775963195e-05,True,Père — atteinte (composite vs psychiatrique seule selon thesaurus),ANTECEDENTS,higher
1,pere_suicide,510,2571,-0.16737645300268592,-0.17434810826030112,706743.0,0.00532372424565694,0.07800123550003435,0.07800123550003435,0.013411333204215914,True,Père — antécédent de suicide ou tentative,ANTECEDENTS,higher
1,ltsg04,47,210,0.26946227057302874,-0.01414766326472261,5311.0,0.41498342992963855,0.07619047619047614,0.07619047619047614,0.5350729680423781,False,Létalité si la méthode = médicaments (avec effets sédatifs),SUICIDE,higher
1,cssrs05,60,416,-0.26630714803309746,-0.2807142158772518,13430.0,0.34044525311498575,0.07612179487179493,0.07612179487179493,0.45836483799280203,False,C-SSRS 5 : Idéation suicidaire active avec scénario précis et intention,SUICIDE,higher
1,wurs,879,5138,-0.297760707890653,-2.861284141285548,2428912.0,0.0003331393168951731,0.07561983233185021,0.07561983233185021,0.0010472162005009137,True,Score à l'echelle WURS,AUTO-QUESTIONNAIRES,higher
1,chrontrouble_humeur_actuel,228,1361,-0.3049697086504618,-0.31583198015429503,166764.0,0.07020440693911469,0.07482887969372376,0.07482887969372376,0.13644566187360194,False,Chronicité de l'épisode actuel (> 2 ans),EVALUATION MEDICALE,higher
1,csm,819,4929,-0.7695291633660446,0.2835482711732098,1877041.0,0.0013046979854572762,-0.07004692518995626,0.07004692518995626,0.0037432406487524234,True,Score à l'echelle CSM,AUTO-QUESTIONNAIRES,lower
1,ymrs,1221,7214,-1.1589901693095026,-2.036101442403171,4708536.5,0.00010964087986082888,0.06911429159835047,0.06911429159835047,0.0003716115240948959,True,Score total YMRS,HETERO-QUESTIONNAIRES,higher
1,fast29,874,5267,-0.35643787027727836,-0.7990449986843808,2458067.0,0.001273809251009475,0.06794518262537919,0.06794518262537919,0.0036838563539194017,True,Sous-score Relations interpersonnelles (FAST),HETERO-QUESTIONNAIRES,higher
1,agedebutpremier_episode,1086,6149,-0.8933136417553573,-0.1785988568665502,3115592.5,0.00043289753945511476,-0.06688251574542203,0.06688251574542203,0.001331850727770417,True,"Âge au premier épisode (mood pour BP/DR, psychotique pour SZ)",EVALUATION MEDICALE,lower
1,ctq33,1178,7011,-0.5376888432071478,-0.9642399756385869,4396074.5,0.00038390564766001663,0.06455911266288061,0.06455911266288061,0.0011861700139238975,True,Score Physical neglect,AUTO-QUESTIONNAIRES,higher
1,prism,849,5200,-0.2919745723592957,-1.4988716063966674,2343824.0,0.003832169018678714,0.06180302618465161,0.06180302618465161,0.010186243384208494,True,Score à l'echelle PRISE-M,AUTO-QUESTIONNAIRES,higher
1,ctq29,1178,7012,-1.4347575657273497,-1.4554039107507037,4380682.5,0.0008449162119893782,0.060680477900121765,0.060680477900121765,0.002503583693722625,True,Questionnaire Childhood Trauma — Score Physical abuse,AUTO-QUESTIONNAIRES,higher
1,fast27,874,5292,-0.3353220082276036,-0.8351382372734799,2451652.0,0.004344313411561109,0.06012616081265976,0.06012616081265976,0.0111071147985092,True,Sous-score Fonctionnement cognitif (FAST),HETERO-QUESTIONNAIRES,higher
1,cssrs02,190,1225,-0.3169764351038852,-0.31791008405988935,123366.5,0.1821945704690947,0.060077336197637,0.060077336197637,0.285122671967869,False,C-SSRS 2 : Pensées suicidaires actives non spécifiques,SUICIDE,higher
1,agefin_cigarettes_lt,138,769,-0.8171044647992272,0.7161254963174315,49937.5,0.2704214245963704,-0.05886621058781405,0.05886621058781405,0.3796401747246132,False,"Âge de fin du tabagisme (années, si ex-fumeur)",SUBSTANCES,lower
1,cssrs03,60,416,0.21406504077334204,0.21019037985518407,13172.0,0.4875130199138741,0.055448717948717974,0.055448717948717974,0.5984243011846027,False,C-SSRS 3 : Idéation suicidaire active avec définition d'une méthode (sans scénario),SUICIDE,higher
1,psqi,1066,6202,-0.07273967034965967,-0.5769002546379447,3486534.5,0.004262444494535063,0.05471469289395836,0.05471469289395836,0.010967072489497688,True,Score total,AUTO-QUESTIONNAIRES,higher
1,isf05a,541,2310,0.21275892163545862,0.20030182066693625,659043.0,0.04727921915968488,0.05471349353049915,0.05471349353049915,0.09908079841290483,False,Quand cela est-il arrivé pour la dernière fois ? (item ISF05),SUICIDE,higher
1,fast,883,5305,-0.2728690781889256,-1.8925839431296119,2468659.5,0.010062587614536581,0.054010885262839814,0.054010885262839814,0.024578550153074148,True,Score total à l'échelle FAST,HETERO-QUESTIONNAIRES,higher
1,maristat,1050,5835,-0.11199852632643692,-0.14827020804360957,3228355.0,0.00539429743341264,0.05385563308442487,0.05385563308442487,0.013541934181796314,True,Statut marital,SOCIAL,higher
1,staya,888,5393,0.9143782959775066,-1.2005387783046686,2513370.5,0.017585931661610734,0.0496466473890913,0.0496466473890913,0.03924268083748321,True,Score à l'echelle STAY-A,AUTO-QUESTIONNAIRES,higher
1,cssrs09,68,476,-0.3960297841662126,-0.3644047260447878,15386.5,0.5109548754816144,-0.04927706376668317,0.04927706376668317,0.6208745797869029,False,C-SSRS Intensité : Durée des pensées suicidaires,SUICIDE,lower
1,menostat_rporres,697,3478,-0.040562670368043785,-0.019561282827942103,1152417.0,0.03991264469693876,-0.04922600184970827,0.04922600184970827,0.08512342807046232,False,Statut ménopausique,ANTECEDENTS,lower
1,fagers,487,2913,0.41442977769580214,0.10751562195081465,743862.0,0.08491298221650384,0.04870399702248163,0.04870399702248163,0.15863588150525137,False,Score total,AUTO-QUESTIONNAIRES,higher
1,mere_suicide,597,2830,-0.2194800866057679,-0.22363760486793102,885577.0,0.06313853681201335,0.04832407029257002,0.04832407029257002,0.12575526753467123,False,Mère — antécédent de suicide ou tentative,ANTECEDENTS,higher
1,cetermpremier_episode,809,4713,0.4925104017750801,0.47877202426672705,1991565.0,0.042067275889000486,0.04466854821513855,0.04466854821513855,0.0891924940403148,False,"Type du premier épisode (sans/avec caractéristiques psychotiques ; EDM, hypomanie, manie, mixte, ne sais pas)",EVALUATION MEDICALE,higher
1,jobdur,367,1928,-0.4161119818158685,0.08735797031431836,339183.0,0.20941204633480792,-0.041281784571551294,0.041281784571551294,0.31542689479180447,False,"Depuis combien de temps employé (de manière consécutive, sans interruption > 6 mois)",SOCIAL,lower
1,ltsv07,81,358,0.41131535852323897,0.4072731575770796,15083.0,0.5714611327758052,0.04027863990620051,0.04027863990620051,0.6784341527042811,False,Létalité si la méthode = Pendaison,SUICIDE,higher
1,qidsr120,889,5484,-0.14569589059155952,-0.39602703187505295,2534922.5,0.05591085306005961,0.039909330261507225,0.039909330261507225,0.11386914580964251,False,Score à l'échelle  QIDS_SR16,AUTO-QUESTIONNAIRES,higher
1,fast30,874,5295,-0.12354731248696593,-0.2527349500099354,2405418.0,0.060678376647990986,0.039544667803268485,0.039544667803268485,0.12186240643471523,False,Sous-score Loisirs (FAST),HETERO-QUESTIONNAIRES,higher
1,madrs,919,5661,-1.074252802792314,-2.3866093331176597,2701747.0,0.05985935611330903,0.03864230357221454,0.03864230357221454,0.12088914656402913,False,Score MADRS,HETERO-QUESTIONNAIRES,higher
1,fast26,864,5226,-1.1842780736227283,-1.2769038633222358,2344610.5,0.06924205271090875,0.038526429462374834,0.038526429462374834,0.13493801646896772,False,Sous-score Activité professionnelle (FAST),HETERO-QUESTIONNAIRES,higher
1,isf04a,724,3064,0.46466124655187313,0.44463588787822395,1149751.0,0.12517236629339074,0.03658868629459189,0.03658868629459189,0.21294028430616824,False,Quand cela est-il arrivé pour la dernière fois ? (item ISF04),SUICIDE,higher
1,fast25,874,5292,-0.9193665996189102,-1.1410190153571051,2391060.0,0.10756983917348986,0.03392539319312782,0.03392539319312782,0.18831233346836118,False,Sous-score Autonomie (FAST),HETERO-QUESTIONNAIRES,higher
1,agetrt,1078,6073,-0.45605186099270334,0.01816443255793132,3165707.5,0.0848523009374502,-0.032883620343336695,0.032883620343336695,0.15863588150525137,False,Âge du patient au premier traitement psychotrope/antipsychotique,EVALUATION MEDICALE,lower
1,mere_trouble,585,2855,0.07764388685334911,0.0820865157791083,808296.0,0.22086528488901758,-0.03208226682832638,0.03208226682832638,0.3258889815811422,False,"Mère — troubles psychiatriques (présence ou type, selon thesaurus)",ANTECEDENTS,lower
1,mathys29,837,5007,-0.3011062210671902,-0.40556388796246523,2160923.0,0.1471759781177579,0.0312554061112531,0.0312554061112531,0.2418368913162249,False,Score Emotion à la MATHYS,AUTO-QUESTIONNAIRES,higher
1,pregnn_rporres,472,2396,-0.13532845740869526,-0.22003605381177213,582995.0,0.28614248167816403,0.031017444328117483,0.031017444328117483,0.3940590747682145,False,Nombre de grossesses,ANTECEDENTS,higher
1,mathys33,839,5018,-0.41467641016964585,-0.570753872449167,2170115.0,0.151234606214261,0.030908514805579435,0.030908514805579435,0.24571375346721505,False,Score Cognition à la MATHYS,AUTO-QUESTIONNAIRES,higher
1,ctq35,1177,6999,-0.8227557286155571,-0.8284013681460447,4245428.5,0.09128203921142367,0.030716124879109463,0.030716124879109463,0.16922285730733155,False,Score Sexual abuse,AUTO-QUESTIONNAIRES,higher
1,psqi12,1091,6377,-0.3110798009179105,-0.31577842126945893,3583704.0,0.11039268311626693,0.030198609893167028,0.030198609893167028,0.19232267444111084,False,Sous-Score durée de sommeil,AUTO-QUESTIONNAIRES,higher
1,hooccur_arret_travail,641,3549,0.3723587470505457,0.3680192236791475,1171459.5,0.2276551458534909,0.029895701322558477,0.029895701322558477,0.3345420131139714,False,Le patient a-t-il eu des arrêts de travail au cours des 12 derniers mois ?,SOIN SUIVI HOSP ARRET TRAVAIL,higher
1,suncf_cigarettes_lt,1192,7117,0.027637614651464193,0.04148491392786058,4115611.0,0.09986890319823508,-0.02973337306553081,0.02973337306553081,0.1782844864501826,False,Statut tabagique (non-fumeur / ex-fumeur / fumeur actuel),SUBSTANCES,lower
1,psqi16,1097,6403,-0.789952649124622,-0.815226841406333,3614603.5,0.1216751941306224,0.02920178568301579,0.02920178568301579,0.20796965805304965,False,Sous-Score consommation d'hypnotiques,AUTO-QUESTIONNAIRES,higher
1,agedebut_hospitalisation,857,4829,0.47889622512183294,0.6027617105059164,2009512.5,0.17754562881028646,-0.02885812645449881,0.02885812645449881,0.2784500859649395,False,Âge à la première hospitalisation psychiatrique,SOIN SUIVI HOSP ARRET TRAVAIL,lower
1,inflachro_mhmodify,8,39,-0.30324740723889665,-0.3141117755627396,160.5,0.9098240717892541,0.028846153846153744,0.028846153846153744,0.9370410312017531,False,MICI — type (Crohn / RCH / autre),ANTECEDENTS,higher
1,psqi17,1096,6401,-0.3186400835328107,-0.3266901966838929,3607290.0,0.13271620775792736,0.028377751195353795,0.028377751195353795,0.22314841443949182,False,Sous-Score de dysfonctionnement dû au sommeil,AUTO-QUESTIONNAIRES,higher
1,hooccur_arret_travail_actuel,687,3787,-0.195199814142575,-0.2016030581870586,1337393.0,0.2405046723626384,0.02810388254616547,0.02810388254616547,0.34780363043025003,False,Le patient est-il actuellement en arrêt de travail ?,SOIN SUIVI HOSP ARRET TRAVAIL,higher
1,egf,1100,6386,-2.183474244601726,-1.9008551452406195,3414434.5,0.1393357575051162,-0.027863650599322387,0.027863650599322387,0.23105447861513537,False,Score à l'échelle EGF,HETERO-QUESTIONNAIRES,lower
1,mars,1149,6760,0.39843773464277366,0.4076205629007097,3779243.5,0.14464364792386167,-0.026876084683877366,0.026876084683877366,0.2387610900661004,False,Score à l'echelle MARS,AUTO-QUESTIONNAIRES,lower
1,isf07,571,2502,-0.8576050188391351,-0.8576050188391351,733444.5,0.3174929694438098,0.026771577484072218,0.026771577484072218,0.4331083337884424,False,Combien de fois avez-vous tenté de vous suicider ?,SUICIDE,higher
1,psqi14,1091,6383,-0.3194801706891677,-0.334582677348201,3574639.0,0.1592307454310421,0.026626782615888134,0.026626782615888134,0.2564005099034375,False,Sous-Score temps de latence avant sommeil,AUTO-QUESTIONNAIRES,higher
1,nboccur_hospitalisation_lt,1032,5722,-0.5911049751400121,-0.7081083264402683,3027135.0,0.19580139815077446,0.02526052039049609,0.02526052039049609,0.30260408124801996,False,Nombre total d'hospitalisations psychiatriques (vie entière),SOIN SUIVI HOSP ARRET TRAVAIL,higher
1,ess0109,884,5375,0.1467738095703517,-0.301087517699262,2432019.0,0.2583938162877131,0.023684731137535442,0.023684731137535442,0.3648803304219073,False,Score total à l'échelle Epworth,AUTO-QUESTIONNAIRES,higher
1,isf09a,139,664,-0.4915720065419926,-0.4915720065419926,47211.0,0.669173711585294,0.023034584380688283,0.023034584380688283,0.7547778369362989,False,Nombre de tentatives de suicide graves,SUICIDE,higher
1,eq5d0206,794,4788,2.1854263169309966,2.8125263425501927,1857528.5,0.30313178409903196,-0.02278339635823401,0.02278339635823401,0.4150838634537881,False,Votre état de santé aujourd’hui [valeur entre 0 et 100],AUTO-QUESTIONNAIRES,lower
1,bis10,877,5336,-0.2522111445547779,-0.5996308831040125,2392653.5,0.2833027885943057,0.022573163247338712,0.022573163247338712,0.3916403750548432,False,"Score total à la BIS-10, codage de Baratt",AUTO-QUESTIONNAIRES,higher
1,agedebut_cigarettes_lt,615,3552,-1.0114333192078142,-0.9008003402689271,1070932.5,0.43921035823472276,-0.019508075148319093,0.019508075148319093,0.5562265400430131,False,Âge de début du tabagisme (années),SUBSTANCES,lower
1,ltsg07,85,399,0.4228869483471024,0.42251085005693856,17286.0,0.7793503550778561,0.019371959310039877,0.019371959310039877,0.8410004577929701,False,Existe-t-il un événement particulier déclencheur de la tentative ?,SUICIDE,higher
1,cssrs01,189,1219,-0.445360542575934,-0.4103658332659314,112987.5,0.6712476110245206,-0.01916741539383049,0.01916741539383049,0.7559377301724741,False,C-SSRS 1 : Désir d'être mort(e) — souhait de vous endormir et ne jamais vous réveiller,SUICIDE,lower
1,ppartpremier_episode,808,4633,-0.03963919612875824,-0.03887462656268201,1905705.5,0.4096067110808389,0.018150835696563394,0.018150835696563394,0.5325378107371092,False,Survenue du premier épisode en post-partum (dans les 6 premiers mois),EVALUATION MEDICALE,higher
1,mathys31,838,5001,-0.13922180919877647,-0.36843031354334244,2133109.0,0.4039687796715611,0.017986856089402536,0.017986856089402536,0.5291112820698165,False,Score Perception sensorielle à la MATHYS,AUTO-QUESTIONNAIRES,higher
1,hodur_hospitalisation_lt,743,4173,-1.4839188143915854,-1.73492142113721,1577795.0,0.43997481726250276,0.017755299965586557,0.017755299965586557,0.5562265400430131,False,"Durée totale des hospitalisations psychiatriques (vie entière, mois)",SOIN SUIVI HOSP ARRET TRAVAIL,higher
1,psqi15,1095,6414,-0.1786536985245195,-0.1794205979327781,3573937.0,0.3475901037713226,0.01773289878163209,0.01773289878163209,0.466327830303506,False,Sous-Score qualité du sommeil,AUTO-QUESTIONNAIRES,higher
1,cgi03b,178,1465,-0.04933681072638385,-0.05148782513937977,132671.5,0.70211364867208,0.01753652644092485,0.01753652644092485,0.7773867815705999,False,Effets secondaires (CGI),HETERO-QUESTIONNAIRES,higher
1,jobclas,381,2044,0.18022610132412553,0.17843767548427658,395965.0,0.5998385162170057,0.016906277126318203,0.016906277126318203,0.6994891084272502,False,Emploi temps plein (Y/N),SOCIAL,higher
1,mathys30,837,5008,1.6970108972267752,1.561731652395725,2130299.5,0.44583667520019366,0.016437976418137268,0.016437976418137268,0.5622838868543748,False,Score Motivation à la MATHYS,AUTO-QUESTIONNAIRES,higher
1,psqi11,1090,6323,-0.5214452063103416,-0.5282837134416869,3500244.5,0.40611545960802664,0.015730977775907595,0.015730977775907595,0.5300026666003669,False,Sous-Score efficience sommeil (temps effectif/temps au lit),AUTO-QUESTIONNAIRES,higher
1,cgi01,1186,6943,0.36814959007787573,0.17721586858933192,4179432.0,0.40473299285018005,0.015115373339981808,0.015115373339981808,0.529153623563617,False,Gravité de la maladie (CGI sévérité),HETERO-QUESTIONNAIRES,higher
1,isf09,552,2407,-0.23734222652807357,-0.23373181089869066,655276.5,0.6169359553002716,-0.013630985711963306,0.013630985711963306,0.7113950489347629,False,Existe-t-il des tentatives de suicide graves (passage en réanimation) ?,SUICIDE,lower
1,remisc,721,4163,0.317177873350307,0.31587551895163757,1519798.0,0.5860317553074589,0.012684560471467377,0.012684560471467377,0.6923218285740077,False,Rémission complète entre les épisodes,EVALUATION MEDICALE,higher
1,cesevtrouble_humeur_actuel,251,1480,-0.06403637025456765,-0.06333424857957759,187980.5,0.7596673707488149,0.012062560568536718,0.012062560568536718,0.8259240737614935,False,Sévérité de l'épisode actuel,EVALUATION MEDICALE,higher
1,mathys32,839,5021,0.8220816598689993,0.8895099739859358,2081516.5,0.5846710404283999,-0.011770824752962428,0.011770824752962428,0.6918447827000542,False,Score Interaction personnelle à la MATHYS,AUTO-QUESTIONNAIRES,lower
1,edulevel,916,5012,0.6308785248398117,0.5668493146831022,2321251.5,0.58866892072637,0.011220015194973065,0.011220015194973065,0.6943028216723744,False,Niveau d'éducation (années / dernier grade obtenu),SOCIAL,higher
1,altman,894,5417,-1.3695315302691196,-1.2617175608978184,2394461.5,0.5935383386035915,-0.011124767128424473,0.011124767128424473,0.6966367188480466,False,Score à l'échelle Altman,AUTO-QUESTIONNAIRES,lower
1,sudose_cigarettes_lt,525,3080,-23.41150253457674,-24.517375816999692,817329.0,0.6887833356924679,0.010920222634508425,0.010920222634508425,0.7685036291753924,False,Nombre de paquets-année (cumul vie),SUBSTANCES,higher
1,isf08,556,2431,-0.1503352038734286,-0.15021136791106907,683062.0,0.6929481111753966,0.010718862178870747,0.010718862178870747,0.7707715144304795,False,"Existe-t-il des tentatives de suicide violentes (arme à feu, immolation, noyade, saut, pendaison) ?",SUICIDE,higher
1,cssrs08,68,483,-0.0037589590106092974,0.0664775081339779,16574.5,0.9015818829320555,0.00928632322494205,0.00928632322494205,0.9343754986100028,False,C-SSRS Intensité : Fréquence des pensées suicidaires,SUICIDE,higher
1,cssrs10,67,475,0.2630157754189213,-0.34202166311837123,16059.0,0.9031649163977271,0.009206598586017245,0.009206598586017245,0.9343754986100028,False,C-SSRS Intensité : Maîtrise des pensées suicidaires,SUICIDE,higher
1,pere_trouble,481,2417,0.17738750203615083,0.14144341351067324,576355.0,0.7684860876578924,-0.0084871797738989,0.0084871797738989,0.8322703870009802,False,"Père — troubles psychiatriques (présence ou type, selon thesaurus)",ANTECEDENTS,lower
1,mathys,832,4989,1.495070217259027,2.134720391560336,2060200.5,0.7344411012410121,-0.007335127665479391,0.007335127665479391,0.8057677028789859,False,Score total à la MATHYS,AUTO-QUESTIONNAIRES,lower
1,fast28,873,5257,-1.036071890417447,-1.0439019094417972,2311160.5,0.7336080854194069,0.007181827709783484,0.007181827709783484,0.8057677028789859,False,Sous-score Finances (FAST),HETERO-QUESTIONNAIRES,higher
1,stprof,973,5562,-0.9923819199913306,-0.9463759722087444,2689602.0,0.76385358534447,-0.006027909988236879,0.006027909988236879,0.8292284417478255,False,Statut professionnel actuel,SOCIAL,lower
1,lvsbjind,984,5599,-0.2887012922503991,-0.28301213011846027,2741138.5,0.8050620305072171,-0.004925930443444471,0.004925930443444471,0.8597634387839261,False,Mode de vie (avec qui le sujet vit / type de logement),SOCIAL,lower
1,hodur_arret_travail,381,2037,-7.384655621376101,-7.2713522360838745,389405.0,0.9136693673880778,0.003495697058486291,0.003495697058486291,0.9383280577011083,False,"Durée cumulée des arrêts de travail (semaines, 12 derniers mois)",SOIN SUIVI HOSP ARRET TRAVAIL,higher
1,isf02a,1022,4617,-0.13743563567291783,-0.13320065603179843,2366663.0,0.8755458003524538,0.0031263682629540934,0.0031263682629540934,0.9214259296285648,False,Quand cela est-il arrivé pour la dernière fois ? (item ISF02),SUICIDE,higher
1,ltsg02,62,291,-0.4377714922602295,-0.1308918688499192,9039.5,0.9803152297220517,0.0020507704245649183,0.0020507704245649183,0.9830345507476329,False,Type de médicaments avec effets sédatifs (méthode = médicaments),SUICIDE,higher
1,isf01a,1125,5166,-0.07508508655609325,-0.0680122530203191,2911021.0,0.925734636459799,0.0017708951692692043,0.0017708951692692043,0.9440143048807259,False,Quand cela est-il arrivé pour la dernière fois ? (item ISF01),SUICIDE,higher
1,isf03a,1014,4535,-0.20353579700914937,-0.19529407710947644,2302742.0,0.9395634692062693,0.0015209340457411624,0.0015209340457411624,0.9535783544586274,False,Quand cela est-il arrivé pour la dernière fois ? (item ISF03),SUICIDE,higher
2,somat_all,2086,5656,-0.2569885218787015,-0.22038345831846756,3428462.0,2.0673683260681413e-176,-0.4188267306390959,0.4188267306390959,1.1497748459594354e-174,True,Pathologies allergiques (et inflammatoires) — drapeau de section,ANTECEDENTS,lower
2,ctq41,2200,5505,-0.27171923741000303,-0.2641862194038325,3981745.5,2.8235444068410523e-122,-0.34245801337626947,0.34245801337626947,1.3609484040973874e-120,True,Risque de déni sur le questionnaire,AUTO-QUESTIONNAIRES,lower
2,ctq40,2200,5899,-0.43234824149636486,-0.42136994222577084,4358809.0,1.1630462171295862e-114,-0.3282668865293039,0.3282668865293039,4.6715689721371715e-113,True,Score de déni,AUTO-QUESTIONNAIRES,lower
2,cssrs03,77,399,0.18435930706746384,0.21793970169150012,11325.5,0.00026026419165873,-0.26273475897536047,0.26273475897536047,0.0008400491543270616,True,C-SSRS 3 : Idéation suicidaire active avec définition d'une méthode (sans scénario),SUICIDE,lower
2,isf01,2265,5909,0.1609280984869742,0.15768499457325824,8392278.5,6.169162136808845e-71,0.2540870606703509,0.2540870606703509,1.8584600937136646e-69,True,Avez-vous déjà eu l'impression que la vie ne vaut pas la peine d'être vécue ?,SUICIDE,higher
2,cedecodtrouble_humeur_actuel,16,354,-0.04709371252533963,-0.07381436855341397,3525.5,0.0976834040881185,0.24487994350282483,0.24487994350282483,0.17656275288927417,False,Type / précision de l'épisode de l'humeur actuel,EVALUATION MEDICALE,higher
2,psqi12,2071,5397,-0.33457290267565276,-0.30429400339550927,4253431.5,1.1202875782307385e-57,-0.2389084122865619,0.2389084122865619,2.6127997389058837e-56,True,Sous-Score durée de sommeil,AUTO-QUESTIONNAIRES,lower
2,ctq29,2212,5978,-1.4937471229369335,-1.437707043587829,5058471.0,4.4406391664540616e-60,-0.23491757299368332,0.23491757299368332,1.1070972818435472e-58,True,Questionnaire Childhood Trauma — Score Physical abuse,AUTO-QUESTIONNAIRES,lower
2,inflachro_mhmodify,5,42,0.4612320798100238,-0.3110076703273559,129.5,0.4074903412589609,0.2333333333333334,0.2333333333333334,0.530838768883295,False,MICI — type (Crohn / RCH / autre),ANTECEDENTS,higher
2,ltsg02,106,247,-0.7856272545539986,-0.08900514910238311,10146.0,0.0008065521601386187,-0.22496371552975325,0.22496371552975325,0.0023997416122642857,True,Type de médicaments avec effets sédatifs (méthode = médicaments),SUICIDE,lower
2,cssrs11,119,422,-0.6288638353880889,-0.576067999985618,19955.0,0.0006217182012965567,-0.20526504440638815,0.20526504440638815,0.001872926081405877,True,C-SSRS Intensité : Éléments dissuasifs,SUICIDE,lower
2,isf02,2264,5898,0.2285742646266551,0.22693186689964395,8043421.0,1.1903854294763586e-46,0.2047296681991979,0.2047296681991979,2.2067914500292492e-45,True,"Avez-vous déjà souhaité mourir, par exemple, vous coucher et ne pas vous réveiller ?",SUICIDE,higher
2,cssrs05,76,400,-0.26630714803309746,-0.2826818201128845,17623.5,0.02750453894889235,0.15944078947368423,0.15944078947368423,0.05936054226880349,False,C-SSRS 5 : Idéation suicidaire active avec scénario précis et intention,SUICIDE,higher
2,psqi,2023,5245,-1.1357597433856954,-0.19877981642173115,4476661.5,4.838062064872316e-25,-0.1561934794665918,0.1561934794665918,5.552252179210611e-24,True,Score total,AUTO-QUESTIONNAIRES,lower
2,isf03,2264,5893,0.2580879944699189,0.25287896949281796,7706924.5,1.453542414861913e-27,0.1553092127630613,0.1553092127630613,1.9107475744457512e-26,True,"Avez-vous déjà pensé à vous donner la mort, même si vous ne le feriez jamais ?",SUICIDE,higher
2,ymrs,2361,6074,-2.0943118919903805,-1.2564068742666072,6128820.5,3.281590647246739e-25,-0.14525587777568116,0.14525587777568116,3.889491865507201e-24,True,Score total YMRS,HETERO-QUESTIONNAIRES,lower
2,cssrs06,79,300,0.015204068648350777,0.02709317274433931,10163.5,0.05163067106037863,-0.14232067510548518,0.14232067510548518,0.10650002530402504,False,C-SSRS Intensité : niveau le plus grave atteint,SUICIDE,lower
2,cssrs04,77,401,-0.43629939601534756,-0.43629939601534756,17523.0,0.06048626361641024,0.13501959387246165,0.13501959387246165,0.1218149543026869,False,C-SSRS 4 : Idéation suicidaire active avec intention de passage à l'acte (sans scénario),SUICIDE,higher
2,psqi15,2082,5427,-0.2682013989773955,-0.17635300029974355,4908936.0,1.2871107979752188e-18,-0.13108595139363488,0.13108595139363488,1.1488655641186213e-17,True,Sous-Score qualité du sommeil,AUTO-QUESTIONNAIRES,lower
2,ltsg04,72,185,-0.09899150953536173,0.04667626399586222,5857.0,0.13371224831706893,-0.12057057057057052,0.12057057057057052,0.22430152095879546,False,Létalité si la méthode = médicaments (avec effets sédatifs),SUICIDE,lower
2,cssrs12,119,420,0.2333517008623196,0.30040430037834365,22020.5,0.047729022984408266,-0.11882753101240495,0.11882753101240495,0.09973434571597449,False,C-SSRS Intensité : Raisons de l'idéation suicidaire,SUICIDE,lower
2,psqi11,2063,5350,-0.5575553221359619,-0.5116880034122498,4870362.0,4.183826551453115e-15,-0.1174522177574624,0.1174522177574624,3.055461208788487e-14,True,Sous-Score efficience sommeil (temps effectif/temps au lit),AUTO-QUESTIONNAIRES,lower
2,pparttrouble_humeur_actuel,466,1450,-0.00785361352503621,-0.007394867399944268,301758.5,0.000512710596468784,-0.10682699422820774,0.10682699422820774,0.001557520005239205,True,Survenue de l'épisode actuel en post-partum (6 derniers mois),EVALUATION MEDICALE,lower
2,cssrs10,121,421,-0.6089878444776584,-0.2627858087686352,22779.5,0.07637428840117765,-0.1056516362065919,0.1056516362065919,0.146858006686307,False,C-SSRS Intensité : Maîtrise des pensées suicidaires,SUICIDE,lower
2,isf05,2270,5906,-0.27139776799970267,-0.27164408911238475,7393263.0,5.245925857641155e-13,0.10292721058700849,0.10292721058700849,3.511855921365329e-12,True,Avez-vous déjà essayé de vous donner la mort ?,SUICIDE,higher
2,suncf_cigarettes_lt,2337,5972,0.7725247728042888,-0.04949442371283164,7685981.0,6.078201505265588e-13,0.10141450288194154,0.10141450288194154,4.0316877874376336e-12,True,Statut tabagique (non-fumeur / ex-fumeur / fumeur actuel),SUBSTANCES,higher
2,isf01a,2094,4197,-0.04325733564510914,-0.08318945063999461,4825271.5,2.1616623146673781e-10,0.09808536547345059,0.09808536547345059,1.2306156326807201e-09,True,Quand cela est-il arrivé pour la dernière fois ? (item ISF01),SUICIDE,higher
2,isf02a,1866,3773,-0.11309128536744706,-0.14145750980578797,3864650.0,2.1263169612972436e-09,0.0978467471675688,0.0978467471675688,1.0903029524949696e-08,True,Quand cela est-il arrivé pour la dernière fois ? (item ISF02),SUICIDE,higher
2,ltsg07,147,337,0.4229621680051352,0.42243563039890575,27142.5,0.09359034277668757,0.09580330648579904,0.09580330648579904,0.17217765350520384,False,Existe-t-il un événement particulier déclencheur de la tentative ?,SUICIDE,higher
2,isf04,2261,5887,0.46719270552349923,-0.4049286695633988,7275227.0,6.97835185430698e-11,0.09315550489549351,0.09315550489549351,4.1019092607023956e-10,True,Avez-vous déjà sérieusement envisagé de vous donner la mort ou planifié comment vous y prendre ?,SUICIDE,higher
2,psqi13,2055,5352,-0.32819649609896584,-0.30168774347097926,4998617.0,1.2403847939864372e-09,-0.09102502554926373,0.09102502554926373,6.594104456266133e-09,True,Sous-Score trouble du sommeil,AUTO-QUESTIONNAIRES,lower
2,agedebut_cigarettes_lt,1285,2882,-0.6097834113164353,-1.041889724671023,2017603.5,3.7247505272529377e-06,0.08960406332610571,0.08960406332610571,1.4796673797823484e-05,True,Âge de début du tabagisme (années),SUBSTANCES,higher
2,isf03a,1817,3732,-0.17635540557923624,-0.20520142522809204,3691050.5,8.030663947572648e-08,0.08863782626981931,0.08863782626981931,3.8967584121443114e-07,True,Quand cela est-il arrivé pour la dernière fois ? (item ISF03),SUICIDE,higher
2,madrs,1801,4779,-3.199435083357569,-1.6523094475803433,3936134.0,8.94533961897857e-08,-0.08536223917822972,0.08536223917822972,4.31165369634767e-07,True,Score MADRS,HETERO-QUESTIONNAIRES,lower
2,cssrs09,122,422,-0.4102065343585757,-0.3567710913258233,23570.5,0.15567178364655834,-0.08435630487141632,0.08435630487141632,0.2517589066232554,False,C-SSRS Intensité : Durée des pensées suicidaires,SUICIDE,lower
2,edulevel,1589,4339,0.709402632617131,0.5057550355685176,3732257.5,1.051847331461883e-06,0.08264991904617358,0.08264991904617358,4.499914915070659e-06,True,Niveau d'éducation (années / dernier grade obtenu),SOCIAL,higher
2,cssrs08,126,425,-0.12081973758492137,0.08988966384884023,24578.5,0.16175493497289195,-0.08203548085901025,0.08203548085901025,0.2581651611156752,False,C-SSRS Intensité : Fréquence des pensées suicidaires,SUICIDE,lower
2,fast28,1727,4403,-1.067391966514847,-1.0330042110732984,3497270.5,1.01396368752208e-06,-0.08014749116285269,0.08014749116285269,4.3636651552289515e-06,True,Sous-score Finances (FAST),HETERO-QUESTIONNAIRES,lower
2,ltsg01,151,339,-0.2330570539585899,-0.2268647381689517,23560.5,0.15996521665881536,-0.07947019867549665,0.07947019867549665,0.2566071461537535,False,Méthode de la tentative de suicide la plus grave,SUICIDE,lower
2,jobdur,588,1707,-0.9324124912718891,0.22817190235304352,466254.5,0.010195025439755789,-0.0709433744206529,0.0709433744206529,0.024818193242233787,True,"Depuis combien de temps employé (de manière consécutive, sans interruption > 6 mois)",SOCIAL,lower
2,ctq33,2215,5974,-1.2060476040754136,-0.7707938728891257,6150526.5,9.572594360362286e-07,-0.07038453312737436,0.07038453312737436,4.1443028278694205e-06,True,Score Physical neglect,AUTO-QUESTIONNAIRES,lower
2,saison,1390,3562,-0.27573864908369344,-0.27996520472295666,2646515.0,0.00015613341288621597,0.06904414705181394,0.06904414705181394,0.0005226132292441396,True,Caractère saisonnier des épisodes,EVALUATION MEDICALE,higher
2,ltsv07,147,292,0.41131535852323897,0.40646471738784773,22899.0,0.25217244388570936,0.06695554934302494,0.06695554934302494,0.3575436262568603,False,Létalité si la méthode = Pendaison,SUICIDE,higher
2,egf,2051,5435,1.284990175867648,-2.2148763667529536,5945769.5,8.091175677170005e-06,0.06677506473607453,0.06677506473607453,3.128299473044874e-05,True,Score à l'échelle EGF,HETERO-QUESTIONNAIRES,higher
2,psqi14,2072,5402,-0.3573981057870599,-0.3194801706891677,5225445.0,8.852709377376428e-06,-0.06629658827918727,0.06629658827918727,3.386512634837649e-05,True,Sous-Score temps de latence avant sommeil,AUTO-QUESTIONNAIRES,lower
2,cgi01,2226,5903,0.1586133135362815,0.3670221624989032,6144151.5,6.367605165373586e-06,-0.06482267456859847,0.06482267456859847,2.4885289376027582e-05,True,Gravité de la maladie (CGI sévérité),HETERO-QUESTIONNAIRES,lower
2,prism,1676,4373,-2.113915480013781,-0.9025213318183596,3429483.0,0.00010999289924800513,-0.06415234076321008,0.06415234076321008,0.0003716115240948959,True,Score à l'echelle PRISE-M,AUTO-QUESTIONNAIRES,lower
2,cetermpremier_episode,1560,3962,0.49937959052925684,0.47877202426672705,3285855.0,0.0002468908207300335,0.0632596202384188,0.0632596202384188,0.0008040633485937579,True,"Type du premier épisode (sans/avec caractéristiques psychotiques ; EDM, hypomanie, manie, mixte, ne sais pas)",EVALUATION MEDICALE,higher
2,isf08,988,1999,-0.14983986002399038,-0.1503352038734286,1049366.5,0.005276813704902737,0.06264316368710676,0.06264316368710676,0.013339637442813562,True,"Existe-t-il des tentatives de suicide violentes (arme à feu, immolation, noyade, saut, pendaison) ?",SUICIDE,higher
2,altman,1753,4558,-1.382416935423279,-1.2257795711073847,3750884.5,0.0001653111262426041,-0.06112570264427286,0.06112570264427286,0.0005507831533336533,True,Score à l'échelle Altman,AUTO-QUESTIONNAIRES,lower
2,mathys33,1610,4247,-0.7116910438344561,-0.4823381989480424,3211217.5,0.000326185485588352,-0.06072755777918504,0.06072755777918504,0.0010298345243684652,True,Score Cognition à la MATHYS,AUTO-QUESTIONNAIRES,lower
2,qidsr120,1755,4618,-1.1838627939502135,-0.11379965754271026,3808127.0,0.00019811671421516493,-0.060254250986169544,0.060254250986169544,0.0006510835653525648,True,Score à l'échelle  QIDS_SR16,AUTO-QUESTIONNAIRES,lower
2,sudose_cigarettes_lt,1079,2526,-26.787932305480027,-23.186483259725517,1280838.5,0.004195238845354222,-0.06012612481719315,0.06012612481719315,0.01087153292183191,True,Nombre de paquets-année (cumul vie),SUBSTANCES,lower
2,hormonal_rporres,189,658,-0.11992117345473918,-0.11958161184913096,58502.5,0.2144490295045065,-0.05915794213666559,0.05915794213666559,0.3196838109933159,False,Traitement hormonal en cours,ANTECEDENTS,lower
2,mars,2206,5703,0.4723638277229778,0.3773159937627151,6652242.5,7.086883864918288e-05,0.05752145846160395,0.05752145846160395,0.00024872898224931664,True,Score à l'echelle MARS,AUTO-QUESTIONNAIRES,higher
2,isf09,978,1981,-0.23043496547657363,-0.23702865632080766,1024002.0,0.01142619543580206,0.05707906089444825,0.05707906089444825,0.027380185090980665,True,Existe-t-il des tentatives de suicide graves (passage en réanimation) ?,SUICIDE,higher
2,agefin_cigarettes_lt,249,658,0.12143140003432507,0.8118447062679497,77366.5,0.1958765007248594,-0.05559624516302286,0.05559624516302286,0.30260408124801996,False,"Âge de fin du tabagisme (années, si ex-fumeur)",SUBSTANCES,lower
2,nboccur_hospitalisation_lt,1880,4874,-0.5784081827479315,-0.7335019112244301,4833666.5,0.0004476521832992707,0.05502634473847334,0.05502634473847334,0.0013714090191753081,True,Nombre total d'hospitalisations psychiatriques (vie entière),SOIN SUIVI HOSP ARRET TRAVAIL,higher
2,ctq31,2214,5962,-0.24835993558214753,-0.7556622255672973,6940069.0,0.00033526439499903814,0.05153612142182018,0.05153612142182018,0.0010493340155164701,True,Score Emotional neglect,AUTO-QUESTIONNAIRES,higher
2,isf04a,1241,2547,0.45661116109419386,0.44453603290767485,1660715.0,0.011025510476049433,0.050810436635728484,0.050810436635728484,0.026571480247279133,True,Quand cela est-il arrivé pour la dernière fois ? (item ISF04),SUICIDE,higher
2,ltsv09,107,213,0.3988807453394786,-0.37508710185001815,11968.5,0.46340981768106115,0.05028300644991446,0.05028300644991446,0.5776643072127711,False,Existe-t-il un événement particulier déclencheur de la tentative ?,SUICIDE,higher
2,mathys30,1605,4240,0.7891428688020525,1.8382037588555615,3236537.5,0.003925276767803405,-0.048804590607182785,0.048804590607182785,0.01035757336905789,True,Score Motivation à la MATHYS,AUTO-QUESTIONNAIRES,lower
2,ctq35,2211,5965,-0.8368698274417756,-0.8227557286155571,6284120.0,0.0010674570405678112,-0.047038676919449074,0.047038676919449074,0.0031119816142359978,True,Score Sexual abuse,AUTO-QUESTIONNAIRES,lower
2,hodur_hospitalisation_lt,1338,3578,-1.5251049409213708,-1.73492142113721,2505397.0,0.0116579158565109,0.04667077748840498,0.04667077748840498,0.02763499398117174,True,"Durée totale des hospitalisations psychiatriques (vie entière, mois)",SOIN SUIVI HOSP ARRET TRAVAIL,higher
2,remisc,1374,3510,0.31848022774897644,0.31457316455296813,2523427.0,0.011436813136204926,0.04647026379195229,0.04647026379195229,0.027380185090980665,True,Rémission complète entre les épisodes,EVALUATION MEDICALE,higher
2,ctq39,2197,5925,-3.6001599317121773,-2.1025926774647985,6210702.0,0.0015053780800572487,-0.04577173706377513,0.04577173706377513,0.004251516999536683,True,Score Total au CTQ,AUTO-QUESTIONNAIRES,lower
2,mathys29,1604,4240,-0.7405192621909062,-0.2862709954610718,3252746.0,0.010264118076693363,-0.04344504305274555,0.04344504305274555,0.02490254150821913,True,Score Emotion à la MATHYS,AUTO-QUESTIONNAIRES,lower
2,psqi16,2077,5423,-0.8405010336880439,-0.789952649124622,5392687.5,0.004378323260823129,-0.04245509705580941,0.04245509705580941,0.0111071147985092,True,Sous-Score consommation d'hypnotiques,AUTO-QUESTIONNAIRES,lower
2,stprof,1753,4782,-1.038387867773917,-0.923372998317451,4017082.5,0.009876431568119385,-0.04159458494167734,0.04159458494167734,0.024211895317483488,True,Statut professionnel actuel,SOCIAL,lower
2,ltsv01,115,212,0.02561445419217412,0.030490511051984637,11691.0,0.5414140702326714,-0.04093519278096802,0.04093519278096802,0.6502364996315971,False,Méthode de la tentative de suicide la plus violente,SUICIDE,lower
2,dysthyro_mhmodify,159,505,-0.09278422835941869,-0.08835937588873333,38510.5,0.43780657920943444,-0.04077464350208604,0.04077464350208604,0.5562265400430131,False,Dysthyroïdie — type (hyper/hypo),ANTECEDENTS,lower
2,lvsbjind,1755,4828,-0.3000796165142776,-0.2744783869205514,4064424.0,0.011576639913665145,-0.0406333425388935,0.0406333425388935,0.027619485632339152,True,Mode de vie (avec qui le sujet vit / type de logement),SOCIAL,lower
2,fast30,1728,4441,-0.3554171956468761,-0.19568925798941228,3685166.5,0.01562616785038937,-0.03957689605277426,0.03957689605277426,0.03575227644250479,True,Sous-score Loisirs (FAST),HETERO-QUESTIONNAIRES,lower
2,maristat,1851,5034,-0.17600165279464086,-0.14031866830076511,4482071.0,0.015553631311232566,-0.037968931739589484,0.037968931739589484,0.03569928710482904,True,Statut marital,SOCIAL,lower
2,fast27,1726,4440,-0.8993537603937694,-0.7146687466907604,3688960.0,0.022916647908252808,-0.037257419644441625,0.037257419644441625,0.05020829223535388,False,Sous-score Fonctionnement cognitif (FAST),HETERO-QUESTIONNAIRES,lower
2,fast29,1717,4424,-0.8269146422640254,-0.6875664243658015,3656709.5,0.023449091012058654,-0.03720230415765757,0.03720230415765757,0.05121961571516135,False,Sous-score Relations interpersonnelles (FAST),HETERO-QUESTIONNAIRES,lower
2,isf08a,226,398,-0.20751517774832018,-0.20401488565817338,46622.5,0.446405188180375,0.036654511495530784,0.036654511495530784,0.5622838868543748,False,Nombre de tentatives de suicide violentes,SUICIDE,higher
2,fast,1732,4456,-2.738945800988928,-1.2475002880289203,3717602.0,0.025121725730711288,-0.036615135520625564,0.036615135520625564,0.05454356667658937,False,Score total à l'échelle FAST,HETERO-QUESTIONNAIRES,lower
2,cesevtrouble_humeur_actuel,430,1301,-0.06263212690458797,-0.06368530941707284,289250.0,0.2886523152714401,0.03408826841606638,0.03408826841606638,0.39675974133317715,False,Sévérité de l'épisode actuel,EVALUATION MEDICALE,higher
2,psqi17,2082,5415,-0.33741439617237234,-0.32399754092056865,5447890.5,0.02423707067430433,-0.033550469530416405,0.033550469530416405,0.05278133161904226,False,Sous-Score de dysfonctionnement dû au sommeil,AUTO-QUESTIONNAIRES,lower
2,empjob,107,521,-0.0010371584579580428,0.09154850553430283,26986.5,0.6040257283077839,-0.03182234021561703,0.03182234021561703,0.6998567332796919,False,Classe professionnelle (code INSEE),SOCIAL,lower
2,pere_suicide,863,2218,-0.17154091740110572,-0.17434810826030112,986587.5,0.18303882900832136,0.030844757994999306,0.030844757994999306,0.28582521246871784,False,Père — antécédent de suicide ou tentative,ANTECEDENTS,higher
2,fast25,1725,4441,-1.4414339902036106,-1.042198258404469,3714248.0,0.06423154633806259,-0.030314232660746843,0.030314232660746843,0.12758079121543753,False,Sous-score Autonomie (FAST),HETERO-QUESTIONNAIRES,lower
2,mathys31,1603,4236,-0.447232393740439,-0.2829429476628551,3295562.0,0.0831924676037942,-0.029333573675892177,0.029333573675892177,0.15622897162998237,False,Score Perception sensorielle à la MATHYS,AUTO-QUESTIONNAIRES,lower
2,cgi03,778,1769,-1.210522229834103,-1.3062027153735882,708101.0,0.24297378203047215,0.029005683428250828,0.029005683428250828,0.3483289005497634,False,Score de l'index thérapeutique CGI,HETERO-QUESTIONNAIRES,higher
2,hodur_arret_travail_actuel,199,668,0.3171330557506208,0.3105620056323294,68351.5,0.5432379382035247,0.028367887340896125,0.028367887340896125,0.6513449905823356,False,Est-ce un arrêt de travail de longue durée ?,SOIN SUIVI HOSP ARRET TRAVAIL,higher
2,csm,1577,4171,-0.28036253511272236,0.3186311751722002,3196060.0,0.09840263453086417,-0.028208633851485643,0.028208633851485643,0.17711695187400842,False,Score à l'echelle CSM,AUTO-QUESTIONNAIRES,lower
2,fagers,1084,2316,0.31493380627667733,0.08690874136608606,1289924.5,0.19391992933439095,0.027605570744826613,0.027605570744826613,0.3015142127070208,False,Score total,AUTO-QUESTIONNAIRES,higher
2,isf05a,967,1884,0.21233751267163603,0.19988041170311366,935260.5,0.24197807581662012,0.0267275505700868,0.0267275505700868,0.3483289005497634,False,Quand cela est-il arrivé pour la dernière fois ? (item ISF05),SUICIDE,higher
2,jobclas,623,1802,0.179331888404201,0.17843767548427658,576321.0,0.3194667887192738,0.026719019174343384,0.026719019174343384,0.4349802038494067,False,Emploi temps plein (Y/N),SOCIAL,higher
2,staya,1735,4546,-1.3325304825590791,-0.7860768292037008,3839744.5,0.10585854440579985,-0.02634878050945122,0.02634878050945122,0.1862183153415895,False,Score à l'echelle STAY-A,AUTO-QUESTIONNAIRES,lower
2,cgi02,744,1712,0.49955489294168476,-0.39695984367849013,652895.0,0.32087582456280306,0.025171779218168933,0.025171779218168933,0.4360774833814034,False,Amélioration globale (CGI amélioration),HETERO-QUESTIONNAIRES,higher
2,cgi03b,509,1134,-0.0499524620044296,-0.05148782513937977,295818.5,0.4171525785662801,0.02500147261116492,0.02500147261116492,0.5366571428886486,False,Effets secondaires (CGI),HETERO-QUESTIONNAIRES,higher
2,agetrt,2045,5106,0.008674381697566957,0.013419407127749139,5091346.5,0.10057894587463705,-0.024811598033666726,0.024811598033666726,0.17873367493687936,False,Âge du patient au premier traitement psychotrope/antipsychotique,EVALUATION MEDICALE,lower
2,isf07,1004,2069,-0.8138073064957274,-0.8701186509372516,1062649.0,0.29793638791459187,0.023117775394314588,0.023117775394314588,0.408743849074478,False,Combien de fois avez-vous tenté de vous suicider ?,SUICIDE,higher
2,mathys32,1612,4248,0.8106025634841707,0.9007480263387588,3350567.0,0.2048640717982152,-0.02141454393368003,0.02141454393368003,0.3118246819160202,False,Score Interaction personnelle à la MATHYS,AUTO-QUESTIONNAIRES,lower
2,cssrs01,294,1114,-0.4402316885935238,0.0002773055794718926,167068.5,0.5934988075949332,0.020215806250686974,0.020215806250686974,0.6966367188480466,False,C-SSRS 1 : Désir d'être mort(e) — souhait de vous endormir et ne jamais vous réveiller,SUICIDE,higher
2,fast26,1707,4383,-1.168805638527199,-1.3020649748075224,3816483.0,0.21995328099547873,0.02020708705587615,0.02020708705587615,0.3258889815811422,False,Sous-score Activité professionnelle (FAST),HETERO-QUESTIONNAIRES,higher
2,eq5d0206,1476,4106,2.791518904779295,2.6039580096362442,3091279.5,0.2502536413582922,0.020147493851947695,0.020147493851947695,0.35616807618512847,False,Votre état de santé aujourd’hui [valeur entre 0 et 100],AUTO-QUESTIONNAIRES,higher
2,ppartpremier_episode,1547,3894,-0.04193290482698694,-0.03887462656268201,2952166.0,0.25220919694467325,-0.01986813452416647,0.01986813452416647,0.3575436262568603,False,Survenue du premier épisode en post-partum (dans les 6 premiers mois),EVALUATION MEDICALE,lower
2,chrontrouble_humeur_actuel,404,1185,-0.3266942516581282,-0.30745054165277896,234658.5,0.554174978646081,-0.01968291765885455,0.01968291765885455,0.6633584595382725,False,Chronicité de l'épisode actuel (> 2 ans),EVALUATION MEDICALE,lower
2,isf09a,268,535,-0.4908385213702,-0.4915720065419926,73090.5,0.6514768171817127,0.019535500069744804,0.019535500069744804,0.7405939289660035,False,Nombre de tentatives de suicide graves,SUICIDE,higher
2,mere_structure,2086,5463,0.35920977686137034,0.3710927803682442,5589133.5,0.19891784348379837,-0.019090424224044278,0.019090424224044278,0.30469830686183524,False,Mère — atteinte (composite vs psychiatrique seule selon thesaurus),ANTECEDENTS,lower
2,ctq37,2216,5963,-1.2859749600749844,-1.2644374659289834,6487599.5,0.20835469315756283,-0.018072412246155745,0.018072412246155745,0.31464108778993555,False,Score Emotional Abuse,AUTO-QUESTIONNAIRES,lower
2,agedebut_hospitalisation,1643,4043,0.5281168273401455,0.6452557834073289,3261463.5,0.28602220094166897,-0.018023231394583727,0.018023231394583727,0.3940590747682145,False,Âge à la première hospitalisation psychiatrique,SOIN SUIVI HOSP ARRET TRAVAIL,lower
2,cgi03a,783,1788,-0.14536210231485325,-0.15159561930731935,711752.0,0.4975900176389011,0.01678566632666767,0.01678566632666767,0.6076986195150769,False,Effet thérapeutique (CGI),HETERO-QUESTIONNAIRES,higher
2,mathys,1595,4226,1.8768339791091933,2.156863131250752,3321061.0,0.3898522102888453,-0.01459067394410185,0.01459067394410185,0.513411927210993,False,Score total à la MATHYS,AUTO-QUESTIONNAIRES,lower
2,pere_structure,2009,5253,-0.44765982534982274,0.4419613477311207,5212527.5,0.42244421698849255,-0.01214997009933505,0.01214997009933505,0.5415375334799293,False,Père — atteinte (composite vs psychiatrique seule selon thesaurus),ANTECEDENTS,lower
2,pere_trouble,817,2081,0.15941545777341215,0.1474340949315862,839815.5,0.6122421516353043,-0.012084624130311084,0.012084624130311084,0.7071103444605831,False,"Père — troubles psychiatriques (présence ou type, selon thesaurus)",ANTECEDENTS,lower
2,wurs,1755,4262,-2.7503356399262593,-2.1926661575970012,3695343.0,0.46687245033195324,-0.011915275922784185,0.011915275922784185,0.5809789700344272,False,Score à l'echelle WURS,AUTO-QUESTIONNAIRES,lower
2,mere_suicide,932,2495,-0.22482546722854904,-0.22185581132700397,1176306.0,0.5967551956275494,0.011728177384812577,0.011728177384812577,0.6981724931884431,False,Mère — antécédent de suicide ou tentative,ANTECEDENTS,higher
2,bis10,1698,4515,-0.6104056838899954,-0.5094836459784702,3789347.0,0.4860885187628162,-0.011449337178649377,0.011449337178649377,0.5976904746012179,False,"Score total à la BIS-10, codage de Baratt",AUTO-QUESTIONNAIRES,lower
2,hodur_arret_travail,665,1753,-7.8563297750530445,-6.978622960446504,576632.0,0.6839655719259435,-0.010706458101900518,0.010706458101900518,0.765932079801761,False,"Durée cumulée des arrêts de travail (semaines, 12 derniers mois)",SOIN SUIVI HOSP ARRET TRAVAIL,lower
2,agedebutpremier_episode,2059,5176,-0.348296838216676,-0.2683596776341268,5370134.5,0.6051840480768038,0.0077772368904038824,0.0077772368904038824,0.7000769068152466,False,"Âge au premier épisode (mood pour BP/DR, psychotique pour SZ)",EVALUATION MEDICALE,higher
2,eq5d,1679,4100,0.0450394635816852,0.06404823031516771,3418103.0,0.6787806041800206,-0.006928340039803027,0.006928340039803027,0.7620471689785014,False,Score à l'EQ-5D,AUTO-QUESTIONNAIRES,lower
2,menostat_rporres,1170,3005,-0.019561282827942103,-0.019561282827942103,1769152.5,0.7481881775557142,0.006386791245360346,0.006386791245360346,0.815635903382472,False,Statut ménopausique,ANTECEDENTS,higher
2,mere_trouble,937,2503,0.07986520131622876,0.08288580237650411,1165240.5,0.7749432396800968,-0.006323255210076595,0.006323255210076595,0.8374947119412706,False,"Mère — troubles psychiatriques (présence ou type, selon thesaurus)",ANTECEDENTS,lower
2,pregnn_rporres,763,2105,-0.2036085263017431,-0.1819144539640427,798500.0,0.8161079734622839,-0.005675185151748141,0.005675185151748141,0.8689927316836985,False,Nombre de grossesses,ANTECEDENTS,lower
2,cssrs02,295,1120,-0.3186226859553475,-0.31791008405988935,164350.0,0.8917779366296253,-0.0051452784503631666,0.0051452784503631666,0.9290424325406614,False,C-SSRS 2 : Pensées suicidaires actives non spécifiques,SUICIDE,lower
2,hooccur_arret_travail_actuel,1200,3274,-0.2016030581870586,-0.195199814142575,1970485.0,0.8736953390582077,0.0030976379556098,0.0030976379556098,0.9214259296285648,False,Le patient est-il actuellement en arrêt de travail ?,SOIN SUIVI HOSP ARRET TRAVAIL,higher
2,hooccur_arret_travail,1128,3062,0.37091223926007966,0.3680192236791475,1723525.5,0.921054409433192,-0.0019933779896327275,0.0019933779896327275,0.9418986393496432,False,Le patient a-t-il eu des arrêts de travail au cours des 12 derniers mois ?,SOIN SUIVI HOSP ARRET TRAVAIL,lower
2,ess0109,1722,4537,-0.17553134817607496,-0.18843583547376497,3913073.0,0.9162237821689768,0.0017192489063340144,0.0017192489063340144,0.9396167297988232,False,Score total à l'échelle Epworth,AUTO-QUESTIONNAIRES,higher
3,psqi,1150,6118,2.5820997972635222,-0.9256928332655763,5114406.0,4.3535965294177486e-132,0.4538442514604091,0.4538442514604091,2.2483216362635947e-130,True,Score total,AUTO-QUESTIONNAIRES,higher
3,psqi12,1202,6266,0.6218337925700632,-0.3230884848017031,5268631.5,8.818539851889075e-107,0.3990491164582064,0.3990491164582064,3.3556864804820004e-105,True,Sous-Score durée de sommeil,AUTO-QUESTIONNAIRES,higher
3,psqi15,1207,6302,0.7126261158161387,-0.1840219943823298,5207707.5,4.125549600940024e-92,0.3692757286715045,0.3692757286715045,1.3558056188543807e-90,True,Sous-Score qualité du sommeil,AUTO-QUESTIONNAIRES,higher
3,madrs,1320,5260,6.034734851006518,-3.558787298286912,4753530.0,7.373725129109967e-96,0.36926201175250606,0.36926201175250606,2.665601634173253e-94,True,Score MADRS,HETERO-QUESTIONNAIRES,higher
3,ctq39,1260,6862,3.9799274992806914,-4.021694331221056,5675890.5,5.6326515208895634e-70,0.31293354707082477,0.31293354707082477,1.6289628198412616e-68,True,Score Total au CTQ,AUTO-QUESTIONNAIRES,higher
3,qidsr120,1226,5147,3.257953127694904,-1.2636033765723393,4121472.5,1.5050269743979435e-62,0.3062844698649272,0.3062844698649272,3.8861946517489756e-61,True,Score à l'échelle  QIDS_SR16,AUTO-QUESTIONNAIRES,higher
3,eq5d0206,1000,4582,-9.737135613070866,5.6129485021477095,1645712.0,2.1843547898196218e-44,-0.28166215626364033,0.28166215626364033,3.8519232025355776e-43,True,Votre état de santé aujourd’hui [valeur entre 0 et 100],AUTO-QUESTIONNAIRES,lower
3,ctq33,1271,6918,0.8181331587682692,-1.223338926239272,5619525.5,3.689077223428242e-56,0.2782138932655869,0.2782138932655869,8.335008851683184e-55,True,Score Physical neglect,AUTO-QUESTIONNAIRES,higher
3,staya,1176,5105,6.939462559718812,-2.9485363698624028,3812150.5,2.30123335314846e-47,0.2699802447913544,0.2699802447913544,4.3783992482272015e-46,True,Score à l'echelle STAY-A,AUTO-QUESTIONNAIRES,higher
3,mars,1165,6744,-0.6649274879974021,0.4723638277229778,2874289.5,1.4007570122010056e-48,-0.2683270202984437,0.2683270202984437,2.737154918436019e-47,True,Score à l'echelle MARS,AUTO-QUESTIONNAIRES,lower
3,fast29,1132,5009,1.3124335756341985,-1.1460752133899526,3585343.5,4.371108778645869e-44,0.2646294972935641,0.2646294972935641,7.524551540383245e-43,True,Sous-score Relations interpersonnelles (FAST),HETERO-QUESTIONNAIRES,higher
3,ctq31,1268,6908,1.5786130084374914,-1.008242869589239,5514088.5,8.220284502783539e-49,0.25901859773973945,0.25901859773973945,1.6509071376423609e-47,True,Score Emotional neglect,AUTO-QUESTIONNAIRES,higher
3,ymrs,1307,7128,-0.19132930796906367,-2.0619727533308194,5737738.0,1.3505487071231256e-40,0.2317637825161416,0.2317637825161416,2.2708063145349298e-39,True,Score total YMRS,HETERO-QUESTIONNAIRES,higher
3,psqi11,1178,6235,0.2736535328297329,-0.5380409163397786,4510626.5,1.5207926051038755e-35,0.22824530996632997,0.22824530996632997,2.44340678553356e-34,True,Sous-Score efficience sommeil (temps effectif/temps au lit),AUTO-QUESTIONNAIRES,higher
3,fast,1141,5047,4.310955720070375,-2.688208220668919,3521091.5,5.177071847486524e-32,0.22289271383612785,0.22289271383612785,7.797964470276576e-31,True,Score total à l'échelle FAST,HETERO-QUESTIONNAIRES,higher
3,cgi01,1320,6809,0.40535470018397657,0.16030445490474055,5493464.5,1.4620733504309335e-37,0.22241607587106182,0.22241607587106182,2.402452346276284e-36,True,Gravité de la maladie (CGI sévérité),HETERO-QUESTIONNAIRES,higher
3,psqi14,1197,6277,0.5342055947062254,-0.3547193528935788,4560063.0,7.791851396871981e-32,0.2138207554891689,0.2138207554891689,1.149695624477233e-30,True,Sous-Score temps de latence avant sommeil,AUTO-QUESTIONNAIRES,higher
3,prism,1112,4937,2.3589200782049096,-1.9435296872771222,3315555.0,2.0960654538223764e-27,0.20786477967716976,0.20786477967716976,2.706170219845675e-26,True,Score à l'echelle PRISE-M,AUTO-QUESTIONNAIRES,higher
3,ctq37,1266,6913,0.6841832662207317,-1.3496374106441245,5264940.5,1.176189844154695e-30,0.20315948910505632,0.20315948910505632,1.700770514647689e-29,True,Score Emotional Abuse,AUTO-QUESTIONNAIRES,higher
3,cssrs01,483,925,0.4823170581833941,-0.44769352319660083,268286.0,5.6794453388303e-10,0.20098931229366013,0.20098931229366013,3.134533572499471e-09,True,C-SSRS 1 : Désir d'être mort(e) — souhait de vous endormir et ne jamais vous réveiller,SUICIDE,higher
3,isf02a,978,4661,-0.1835806354468016,-0.12113503363318756,1825326.5,1.0568291704489446e-22,-0.19914738712082025,0.19914738712082025,1.0915535574779814e-21,True,Quand cela est-il arrivé pour la dernière fois ? (item ISF02),SUICIDE,lower
3,psqi17,1203,6294,0.5525673907628375,-0.3374236808853357,4535985.0,1.0777124264428248e-27,0.19814461304634823,0.19814461304634823,1.442937193181782e-26,True,Sous-Score de dysfonctionnement dû au sommeil,AUTO-QUESTIONNAIRES,higher
3,dysthyro_mhmodify,129,535,-0.07508481847667792,-0.09278422835941869,41337.0,0.00047874752892094,0.19791349706585515,0.19791349706585515,0.0014604829679740069,True,Dysthyroïdie — type (hyper/hypo),ANTECEDENTS,higher
3,isf01a,1071,5220,-0.1210585045386261,-0.05740300271665766,2243512.0,2.1575750806101314e-24,-0.19740136156633792,0.19740136156633792,2.437385598876758e-23,True,Quand cela est-il arrivé pour la dernière fois ? (item ISF01),SUICIDE,lower
3,wurs,861,5156,4.924136294827925,-3.553176071908563,2657415.0,1.7321788470131234e-20,0.1972182201041781,0.1972182201041781,1.6923855491763353e-19,True,Score à l'echelle WURS,AUTO-QUESTIONNAIRES,higher
3,fast27,1137,5029,0.5510455212139176,-1.0396211371415989,3402974.0,1.068528836207965e-23,0.1902728466888528,0.1902728466888528,1.1705247705732708e-22,True,Sous-score Fonctionnement cognitif (FAST),HETERO-QUESTIONNAIRES,higher
3,fast30,1135,5034,0.6559919427572285,-0.3745483573772659,3392670.5,4.746603970032127e-23,0.18757926277524284,0.18757926277524284,5.046756868137099e-22,True,Sous-score Loisirs (FAST),HETERO-QUESTIONNAIRES,higher
3,remisc,873,4011,0.3067590381609514,0.31848022774897644,1424852.5,5.952516269590381e-18,-0.18617130497089474,0.18617130497089474,5.185143690257645e-17,True,Rémission complète entre les épisodes,EVALUATION MEDICALE,lower
3,isf03a,979,4570,-0.24228916477662077,-0.18459712547890939,1821132.0,6.095710790957624e-20,-0.18590979497231808,0.18590979497231808,5.723634937483586e-19,True,Quand cela est-il arrivé pour la dernière fois ? (item ISF03),SUICIDE,lower
3,isf03,1210,6947,0.26017160446075926,0.25339987199052805,4972707.5,2.3586124407990277e-24,0.18315117887856935,0.18315117887856935,2.6235027610733804e-23,True,"Avez-vous déjà pensé à vous donner la mort, même si vous ne le feriez jamais ?",SUICIDE,higher
3,egf,1170,6316,-3.683607701981117,-1.0892678781480214,3020994.0,3.266649872154282e-23,-0.18237930530520774,0.18237930530520774,3.5250565038321584e-22,True,Score à l'échelle EGF,HETERO-QUESTIONNAIRES,lower
3,cssrs12,226,313,0.9880068725828086,0.2211603191321334,41804.5,0.00030996206227007305,0.18195312279114484,0.18195312279114484,0.0009872359956883826,True,C-SSRS Intensité : Raisons de l'idéation suicidaire,SUICIDE,higher
3,cssrs03,232,244,0.22453426268778975,0.19985795074009594,33404.0,0.000674473069826396,0.18018654607122664,0.18018654607122664,0.0020150579730763814,True,C-SSRS 3 : Idéation suicidaire active avec définition d'une méthode (sans scénario),SUICIDE,higher
3,sudose_cigarettes_lt,540,3065,-29.721997351461145,-23.23797085518248,679384.0,3.0581428702591835e-11,-0.17904174974321796,0.17904174974321796,1.8737604196588049e-10,True,Nombre de paquets-année (cumul vie),SUBSTANCES,lower
3,fast25,1134,5032,0.21979898232547335,-1.5662255806104293,3360355.0,7.513479689510703e-21,0.17777266061579788,0.17777266061579788,7.441432623994847e-20,True,Sous-score Autonomie (FAST),HETERO-QUESTIONNAIRES,higher
3,ltsg02,90,263,0.17794951088292676,-0.7701473798646921,13918.0,0.012693980651588523,0.17600337980566128,0.17600337980566128,0.029701449874105185,True,Type de médicaments avec effets sédatifs (méthode = médicaments),SUICIDE,higher
3,fast28,1106,5024,-0.9342816431008978,-1.0564942681463483,3261726.0,1.1503972315351106e-19,0.17401247969961187,0.17401247969961187,1.0528318967087152e-18,True,Sous-score Finances (FAST),HETERO-QUESTIONNAIRES,higher
3,cetermpremier_episode,983,4539,0.43755689174166745,0.4925104017750801,1844324.0,1.44786942321346e-17,-0.17328938730841126,0.17328938730841126,1.2172204569573623e-16,True,"Type du premier épisode (sans/avec caractéristiques psychotiques ; EDM, hypomanie, manie, mixte, ne sais pas)",EVALUATION MEDICALE,lower
3,jobdur,407,1888,2.2482908425173758,-0.41985622389412725,448347.5,1.225161618905198e-07,0.16693952234206466,0.16693952234206466,5.866171195155351e-07,True,"Depuis combien de temps employé (de manière consécutive, sans interruption > 6 mois)",SOCIAL,higher
3,cssrs11,226,315,-0.5649530872693083,-0.6108469884194463,41494.5,0.001002544132659845,0.16573957016434893,0.16573957016434893,0.0029345725016723403,True,C-SSRS Intensité : Éléments dissuasifs,SUICIDE,higher
3,agedebut_cigarettes_lt,603,3564,-1.6659828318229906,-0.8064835955336775,904230.5,4.552573294744582e-10,-0.158499961844351,0.158499961844351,2.5515585210080096e-09,True,Âge de début du tabagisme (années),SUBSTANCES,lower
3,isf04a,670,3118,-0.37826223205283194,0.4606362038230334,888508.0,1.2400130896510845e-09,-0.14937053028634883,0.14937053028634883,6.594104456266133e-09,True,Quand cela est-il arrivé pour la dernière fois ? (item ISF04),SUICIDE,lower
3,cssrs10,226,316,0.26606330827852664,-0.4913507732390281,40971.5,0.0034145404868865313,0.14740394309398464,0.14740394309398464,0.009143380637107268,True,C-SSRS Intensité : Maîtrise des pensées suicidaires,SUICIDE,higher
3,psqi13,1187,6220,0.4882669692571282,-0.31346941130564,4234392.5,8.945811164030607e-16,0.1470438052102494,0.1470438052102494,6.599817828157275e-15,True,Sous-Score trouble du sommeil,AUTO-QUESTIONNAIRES,higher
3,mere_trouble,567,2873,0.09763571701926521,0.07844317345074492,930874.0,7.253908975500992e-08,0.14288415344222272,0.14288415344222272,3.5436325603292005e-07,True,"Mère — troubles psychiatriques (présence ou type, selon thesaurus)",ANTECEDENTS,higher
3,pere_suicide,498,2583,-0.18557687169708267,-0.17154091740110572,551819.0,5.00993370162274e-07,-0.1420284311850577,0.1420284311850577,2.2221975866706998e-06,True,Père — antécédent de suicide ou tentative,ANTECEDENTS,lower
3,eq5d,699,5080,-0.013704805395905129,0.06894039144986008,1527210.0,1.9409295785041663e-09,-0.1398229191308168,0.1398229191308168,1.0095626512651168e-08,True,Score à l'EQ-5D,AUTO-QUESTIONNAIRES,lower
3,psqi16,1203,6297,0.6413780245368825,-0.8405010336880439,4301477.5,8.191661495619376e-14,0.13566000302826642,0.13566000302826642,5.750069185760009e-13,True,Sous-Score consommation d'hypnotiques,AUTO-QUESTIONNAIRES,higher
3,ctq35,1270,6906,-0.7917047111978777,-0.831224187911288,4972517.0,3.056115675066119e-14,0.13390319042439414,0.13390319042439414,2.187694686210697e-13,True,Score Sexual abuse,AUTO-QUESTIONNAIRES,higher
3,ctq40,1215,6884,-0.4288814101477562,-0.4242589683496114,3624889.5,1.215557128254884e-13,-0.13322250199066,0.13322250199066,8.450459651233472e-13,True,Score de déni,AUTO-QUESTIONNAIRES,lower
3,isf04,1209,6939,0.46719270552349923,-0.40491651238263937,4739739.0,5.113899647756644e-13,0.129955224846652,0.129955224846652,3.4554667713346296e-12,True,Avez-vous déjà sérieusement envisagé de vous donner la mort ou planifié comment vous y prendre ?,SUICIDE,higher
3,mathys33,1086,4771,0.24600789389419386,-0.6440292550560613,2921529.0,4.73543459065932e-11,0.12771915034549197,0.12771915034549197,2.8454109670908853e-10,True,Score Cognition à la MATHYS,AUTO-QUESTIONNAIRES,higher
3,pparttrouble_humeur_actuel,538,1378,-0.0069361212748523275,-0.007700698150005562,417758.5,1.5178344203528782e-05,0.1269996924587653,0.1269996924587653,5.656671576882118e-05,True,Survenue de l'épisode actuel en post-partum (6 derniers mois),EVALUATION MEDICALE,higher
3,cssrs04,233,245,-0.4367419715204605,-0.43629939601534756,24942.0,0.0170814249660071,-0.12614522203731282,0.12614522203731282,0.03847311604493187,True,C-SSRS 4 : Idéation suicidaire active avec intention de passage à l'acte (sans scénario),SUICIDE,lower
3,cssrs05,233,243,-0.28743751420452385,-0.26822809041231804,24853.5,0.021253095013950955,-0.12207916070577018,0.12207916070577018,0.046862179079672314,True,C-SSRS 5 : Idéation suicidaire active avec scénario précis et intention,SUICIDE,lower
3,hormonal_rporres,287,560,-0.11924205024352269,-0.11975139265193507,89958.0,0.004378179214082535,0.11943753111000488,0.11943753111000488,0.0111071147985092,True,Traitement hormonal en cours,ANTECEDENTS,higher
3,saison,876,4076,-0.2841917603622198,-0.2774292713393987,1572747.0,3.084388991926956e-08,-0.11905137994542059,0.11905137994542059,1.527406329563828e-07,True,Caractère saisonnier des épisodes,EVALUATION MEDICALE,lower
3,cesevtrouble_humeur_actuel,481,1250,-0.0657916744420417,-0.06263212690458797,265730.5,0.00017980240703302427,-0.11607318087318086,0.11607318087318086,0.0005963171572700759,True,Sévérité de l'épisode actuel,EVALUATION MEDICALE,lower
3,ltsg04,74,183,0.14093188216312513,-0.02187327648941917,7546.5,0.15091311815978878,0.11453256535223755,0.11453256535223755,0.24571375346721505,False,Létalité si la méthode = médicaments (avec effets sédatifs),SUICIDE,higher
3,nboccur_hospitalisation_lt,968,5786,-1.140442138748059,-0.6432582545940999,2485361.0,2.0103224353053096e-08,-0.11250546345839063,0.11250546345839063,1.0023883591211992e-07,True,Nombre total d'hospitalisations psychiatriques (vie entière),SOIN SUIVI HOSP ARRET TRAVAIL,lower
3,isf05a,500,2351,0.1811947602503301,0.20653037115119743,522021.0,8.404569570122113e-05,-0.11183156103785619,0.11183156103785619,0.00028935732377134704,True,Quand cela est-il arrivé pour la dernière fois ? (item ISF05),SUICIDE,lower
3,cgi03b,189,1454,-0.06100406452794083,-0.0487211594483381,122047.5,0.012329702724767463,-0.1117552018514879,0.1117552018514879,0.029105310594020956,True,Effets secondaires (CGI),HETERO-QUESTIONNAIRES,lower
3,stprof,1083,5452,-0.6906463478241016,-0.9923819199913306,3275298.0,1.2233922459412955e-08,0.10942133106252916,0.10942133106252916,6.142448568163587e-08,True,Statut professionnel actuel,SOCIAL,higher
3,ltsg07,113,371,0.42220997142480743,0.4227365090310369,18871.0,0.10834570488633889,-0.09973045822102422,0.09973045822102422,0.18921242664933097,False,Existe-t-il un événement particulier déclencheur de la tentative ?,SUICIDE,lower
3,ltsv07,80,359,0.40565627719861586,0.40889003795554335,12931.0,0.16389099283002462,-0.09951253481894151,0.09951253481894151,0.2609982110486956,False,Létalité si la méthode = Pendaison,SUICIDE,lower
3,hodur_hospitalisation_lt,705,4211,-2.113833785211235,-1.533342166227328,1338173.0,2.7660049780024354e-05,-0.09849549727074147,0.09849549727074147,9.999107995478804e-05,True,"Durée totale des hospitalisations psychiatriques (vie entière, mois)",SOIN SUIVI HOSP ARRET TRAVAIL,lower
3,inflachro_mhmodify,15,32,-0.3979226169180987,-0.30324740723889665,216.5,0.5995466322035943,-0.09791666666666665,0.09791666666666665,0.6994891084272502,False,MICI — type (Crohn / RCH / autre),ANTECEDENTS,lower
3,bis10,1144,5069,0.1925390586208593,-0.6981585118485825,3176679.0,4.220799823781672e-07,0.09560753903819608,0.09560753903819608,1.8954274985056826e-06,True,"Score total à la BIS-10, codage de Baratt",AUTO-QUESTIONNAIRES,higher
3,cssrs02,483,932,-0.2980824089232553,-0.3204899838673559,246553.0,0.003213522989033926,0.09541136850336329,0.09541136850336329,0.008637089669410887,True,C-SSRS 2 : Pensées suicidaires actives non spécifiques,SUICIDE,higher
3,altman,1171,5140,-0.867579797594134,-1.3669897353985907,3296551.0,3.358313430050886e-07,0.09539254420213528,0.09539254420213528,1.5544340981315996e-06,True,Score à l'échelle Altman,AUTO-QUESTIONNAIRES,higher
3,ppartpremier_episode,956,4485,-0.043462043959139406,-0.03887462656268201,1940586.0,4.038131254223432e-06,-0.09480415891185401,0.09480415891185401,1.5953928397833557e-05,True,Survenue du premier épisode en post-partum (dans les 6 premiers mois),EVALUATION MEDICALE,lower
3,ltsv01,52,275,0.07193699436036871,0.02561445419217412,7823.0,0.2820662443911106,0.09412587412587414,0.09412587412587414,0.39092345886117663,False,Méthode de la tentative de suicide la plus violente,SUICIDE,higher
3,mathys32,1086,4774,-0.3745842563054005,1.0243666022198088,2349905.5,1.4604035238388138e-06,-0.09349927978514683,0.09349927978514683,6.138789231020131e-06,True,Score Interaction personnelle à la MATHYS,AUTO-QUESTIONNAIRES,lower
3,cedecodtrouble_humeur_actuel,252,118,-0.07559773695046579,-0.05911900340222985,13484.0,0.14901108240319158,-0.0930858218993812,0.0930858218993812,0.24345031433744332,False,Type / précision de l'épisode de l'humeur actuel,EVALUATION MEDICALE,lower
3,ltsg01,118,372,-0.2175762644844943,-0.23133312650327864,23983.5,0.12887440131264194,0.092741935483871,0.092741935483871,0.21770138352579468,False,Méthode de la tentative de suicide la plus grave,SUICIDE,higher
3,agefin_cigarettes_lt,160,747,2.292972680997014,0.22275787596354846,65237.0,0.06859305108333387,0.09164993306559577,0.09164993306559577,0.13439776675677612,False,"Âge de fin du tabagisme (années, si ex-fumeur)",SUBSTANCES,higher
3,agedebutpremier_episode,1014,6221,-1.582927716673673,-0.12030599531962594,2868493.5,3.656988661990934e-06,-0.090535588087305,0.090535588087305,1.4607750290715166e-05,True,"Âge au premier épisode (mood pour BP/DR, psychotique pour SZ)",EVALUATION MEDICALE,lower
3,cgi03a,313,2258,-0.08419528860029302,-0.15276397551741883,384168.0,0.01235868651779313,0.08713357122846133,0.08713357122846133,0.029105310594020956,True,Effet thérapeutique (CGI),HETERO-QUESTIONNAIRES,higher
3,hodur_arret_travail,466,1952,-3.4742483134722804,-7.8563297750530445,494252.0,0.003588426044546282,0.08670759164145503,0.08670759164145503,0.00957354992696296,True,"Durée cumulée des arrêts de travail (semaines, 12 derniers mois)",SOIN SUIVI HOSP ARRET TRAVAIL,higher
3,edulevel,975,4953,0.2672477811944347,0.6134486961770769,2205695.5,1.898808706150174e-05,-0.08651249954702411,0.08651249954702411,7.00427905380906e-05,True,Niveau d'éducation (années / dernier grade obtenu),SOCIAL,lower
3,pere_structure,1137,6125,0.44421973641405654,0.4397029590481849,3191301.0,7.5129581584652845e-06,-0.08350266544612572,0.08350266544612572,2.9203595422421506e-05,True,Père — atteinte (composite vs psychiatrique seule selon thesaurus),ANTECEDENTS,lower
3,mathys29,1084,4760,0.35279423746617766,-0.5334849536515218,2777989.0,7.785855623080332e-05,0.076773310800335,0.076773310800335,0.0002706333468984173,True,Score Emotion à la MATHYS,AUTO-QUESTIONNAIRES,higher
3,isf08,519,2468,-0.1507067117605073,-0.15008753194870952,592793.0,0.007621315208742664,-0.07440596084603546,0.07440596084603546,0.019000727227313607,True,"Existe-t-il des tentatives de suicide violentes (arme à feu, immolation, noyade, saut, pendaison) ?",SUICIDE,lower
3,cssrs08,227,324,0.16793018289838146,-0.027171114725471845,39430.5,0.14873836193749218,0.07223853809756897,0.07223853809756897,0.24345031433744332,False,C-SSRS Intensité : Fréquence des pensées suicidaires,SUICIDE,higher
3,cssrs06,176,203,0.02851276726326346,0.020172649464584858,19134.5,0.23247882511347095,0.07112068965517238,0.07112068965517238,0.34055458426908986,False,C-SSRS Intensité : niveau le plus grave atteint,SUICIDE,higher
3,cssrs09,225,319,-0.3491374566068588,-0.3905771879383808,38414.5,0.16170450386607604,0.07041448972483466,0.07041448972483466,0.2581651611156752,False,C-SSRS Intensité : Durée des pensées suicidaires,SUICIDE,higher
3,cgi02,320,2136,-0.34227151326049465,-0.3789883083191614,365660.0,0.04335758138594008,0.06993211610486894,0.06993211610486894,0.09139221965607777,False,Amélioration globale (CGI amélioration),HETERO-QUESTIONNAIRES,higher
3,mathys,1079,4742,-0.621708413812911,2.4564258491273847,2380232.5,0.00035141531444280816,-0.06960711157252697,0.06960711157252697,0.0010951434152678893,True,Score total à la MATHYS,AUTO-QUESTIONNAIRES,lower
3,ess0109,1159,5100,0.3898511419359707,-0.3429665056561486,3156792.5,0.0002879996939662533,0.06812583532118621,0.06812583532118621,0.0009213441537061997,True,Score total à l'échelle Epworth,AUTO-QUESTIONNAIRES,higher
3,mdq,378,128,-0.06529668032310383,-0.06144956535876233,22613.5,0.26968319763134085,-0.06524884259259256,0.06524884259259256,0.3793403733219055,False,Positivité du questionnaire MDQ,AUTO-QUESTIONNAIRES,lower
3,chrontrouble_humeur_actuel,438,1151,0.4222330872525499,-0.3212631159062116,268220.5,0.04813378303826355,0.06407570942876761,0.06407570942876761,0.1002902741690621,False,Chronicité de l'épisode actuel (> 2 ans),EVALUATION MEDICALE,higher
3,somat_all,1190,6552,-0.23476131934573724,-0.2374658213132434,3674119.5,0.0015632137836450424,-0.057541093360421125,0.057541093360421125,0.004380633975098316,True,Pathologies allergiques (et inflammatoires) — drapeau de section,ANTECEDENTS,lower
3,isf07,535,2538,-0.8200641225447856,-0.8638618348881932,714979.5,0.053147813161226444,0.053120788316652234,0.053120788316652234,0.10854765230386078,False,Combien de fois avez-vous tenté de vous suicider ?,SUICIDE,higher
3,pere_trouble,436,2462,0.16070418619920757,0.15342477635249918,565101.5,0.07795420023712298,0.05288737432832269,0.05288737432832269,0.14910287505671935,False,"Père — troubles psychiatriques (présence ou type, selon thesaurus)",ANTECEDENTS,higher
3,cgi03,306,2241,-1.1920559638532053,-1.289626088185928,360809.0,0.13718320912566845,0.05231091395356291,0.05231091395356291,0.22906110900198218,False,Score de l'index thérapeutique CGI,HETERO-QUESTIONNAIRES,higher
3,mere_structure,1178,6371,0.3803351164291461,0.3658114454763003,3556635.5,0.0043628378059510226,-0.052200535160514816,0.052200535160514816,0.0111071147985092,True,Mère — atteinte (composite vs psychiatrique seule selon thesaurus),ANTECEDENTS,lower
3,ltsv09,52,268,0.4013852173513097,-0.3675736858145249,7291.5,0.5967781477046443,0.046426521239954166,0.046426521239954166,0.6981724931884431,False,Existe-t-il un événement particulier déclencheur de la tentative ?,SUICIDE,higher
3,ctq41,939,6766,-0.2671994266063007,-0.26682277570599217,3035114.5,0.026710880602209285,-0.04455104564984924,0.04455104564984924,0.05782025950717759,False,Risque de déni sur le questionnaire,AUTO-QUESTIONNAIRES,lower
3,mere_suicide,566,2861,-0.22452850163839455,-0.22185581132700397,773938.0,0.0967006279749109,-0.0441232957415616,0.0441232957415616,0.17579902101307596,False,Mère — antécédent de suicide ou tentative,ANTECEDENTS,lower
3,ctq29,1271,6919,-1.4436059993087866,-1.4524544328902245,4585635.5,0.014914675749712836,0.042895144204905034,0.042895144204905034,0.03435013209824058,True,Questionnaire Childhood Trauma — Score Physical abuse,AUTO-QUESTIONNAIRES,higher
3,hooccur_arret_travail,821,3369,0.36657271588868146,0.3694657314696136,1324445.0,0.05967495081134886,-0.04232146001245862,0.04232146001245862,0.12088106415151736,False,Le patient a-t-il eu des arrêts de travail au cours des 12 derniers mois ?,SOIN SUIVI HOSP ARRET TRAVAIL,lower
3,isf09a,156,647,-0.4945059472291635,-0.4908385213702,48400.0,0.42701695345969826,-0.04093845361233306,0.04093845361233306,0.5464305439847112,False,Nombre de tentatives de suicide graves,SUICIDE,lower
3,hodur_arret_travail_actuel,244,623,0.3105620056323294,0.3105620056323294,72909.5,0.3504505679869019,-0.04074020472067996,0.04074020472067996,0.4692143715824631,False,Est-ce un arrêt de travail de longue durée ?,SOIN SUIVI HOSP ARRET TRAVAIL,lower
3,agedebut_hospitalisation,754,4932,0.8469783613251671,0.5781514093967601,1929540.0,0.09459921376085312,0.037741937565748396,0.037741937565748396,0.17359195824643858,False,Âge à la première hospitalisation psychiatrique,SOIN SUIVI HOSP ARRET TRAVAIL,higher
3,csm,1058,4690,-0.1349994705413664,0.24823882790383678,2395626.0,0.07990902907227883,-0.034415016465068615,0.034415016465068615,0.15163839375133226,False,Score à l'echelle CSM,AUTO-QUESTIONNAIRES,lower
3,fast26,1124,4966,1.2443301977230528,-1.5964143444372776,2883236.0,0.08276309866868235,0.03308762933141085,0.03308762933141085,0.15622897162998237,False,Sous-score Activité professionnelle (FAST),HETERO-QUESTIONNAIRES,higher
3,isf09,512,2447,-0.23702865632080766,-0.23373181089869066,605802.5,0.24059119745288726,-0.032931746781773574,0.032931746781773574,0.34780363043025003,False,Existe-t-il des tentatives de suicide graves (passage en réanimation) ?,SUICIDE,lower
3,jobclas,434,1991,0.17664924964442763,0.179331888404201,417835.0,0.28224349311968766,-0.03289456934083557,0.03289456934083557,0.39092345886117663,False,Emploi temps plein (Y/N),SOCIAL,lower
3,isf02,1210,6952,0.22775306576314946,0.22747933280864763,4344233.5,0.0675550481521477,0.03287560984888116,0.03287560984888116,0.13272364079892063,False,"Avez-vous déjà souhaité mourir, par exemple, vous coucher et ne pas vous réveiller ?",SUICIDE,higher
3,isf05,1212,6964,-0.27173645952964054,-0.2715825088342142,4086604.5,0.07816848461442123,-0.031652529842300714,0.031652529842300714,0.1491182437367455,False,Avez-vous déjà essayé de vous donner la mort ?,SUICIDE,lower
3,mathys30,1084,4761,-0.11369996142522609,1.7850822809389122,2501022.5,0.11313053954955413,-0.030784991214751423,0.030784991214751423,0.19661870214982605,False,Score Motivation à la MATHYS,AUTO-QUESTIONNAIRES,lower
3,lvsbjind,1044,5539,0.36562944258135976,-0.29439045438233835,2958395.0,0.23399172435230464,0.0231852990878334,0.0231852990878334,0.34055458426908986,False,Mode de vie (avec qui le sujet vit / type de logement),SOCIAL,higher
3,hooccur_arret_travail_actuel,764,3710,-0.2016030581870586,-0.195199814142575,1388514.0,0.37725691606481526,-0.02025514740125034,0.02025514740125034,0.4986412254385036,False,Le patient est-il actuellement en arrêt de travail ?,SOIN SUIVI HOSP ARRET TRAVAIL,lower
3,menostat_rporres,707,3468,0.001440104712159579,-0.019561282827942103,1243885.5,0.5388692142476534,0.014639810496126282,0.014639810496126282,0.6482569748769608,False,Statut ménopausique,ANTECEDENTS,higher
3,pregnn_rporres,549,2319,-0.22850045051939016,-0.1819144539640427,643238.5,0.7021211180713717,0.010482817557659008,0.010482817557659008,0.7773867815705999,False,Nombre de grossesses,ANTECEDENTS,higher
3,suncf_cigarettes_lt,1328,6981,-0.11277163759889386,0.06916446207697913,4680931.5,0.5697243866639882,0.009826046774118469,0.009826046774118469,0.677484755852078,False,Statut tabagique (non-fumeur / ex-fumeur / fumeur actuel),SUBSTANCES,higher
3,maristat,1099,5786,-0.11995006606928138,-0.14827020804360957,3209057.5,0.6235268911278018,0.009325795659379299,0.009325795659379299,0.7177195056295412,False,Statut marital,SOCIAL,higher
3,isf01,1212,6962,0.15876602921116356,0.15903628787063984,4252404.0,0.6592416724867323,0.007924205232933579,0.007924205232933579,0.7470716758744631,False,Avez-vous déjà eu l'impression que la vie ne vaut pas la peine d'être vécue ?,SUICIDE,higher
3,isf08a,86,538,-0.202637703229945,-0.20401488565817338,23280.0,0.9253222925762625,0.006311057318233004,0.006311057318233004,0.9440143048807259,False,Nombre de tentatives de suicide violentes,SUICIDE,higher
3,fagers,454,2946,0.3258128036802539,0.0880598555885106,666961.5,0.9271550850163149,-0.002662461756551826,0.002662461756551826,0.9441311640377403,False,Score total,AUTO-QUESTIONNAIRES,lower
3,mathys31,1078,4761,-0.2496486682048733,-0.3556382672193834,2572782.0,0.8948975668543067,0.0025730862889923323,0.0025730862889923323,0.9309509940081493,False,Score Perception sensorielle à la MATHYS,AUTO-QUESTIONNAIRES,higher
3,agetrt,989,6162,-0.44418929741724966,0.013419407127749139,3044890.5,0.9706423207029923,-0.0007280671613650869,0.0007280671613650869,0.9760422779808949,False,Âge du patient au premier traitement psychotrope/antipsychotique,EVALUATION MEDICALE,lower
3,empjob,222,406,0.059994893745469735,0.049477023149192334,45058.5,0.9974303193435918,-0.00016642258021570822,0.00016642258021570822,0.9974303193435919,False,Classe professionnelle (code INSEE),SOCIAL,lower
4,isf01,871,7303,-0.7136111244419586,0.16011732250854527,440710.0,0.0,-0.8614318416239932,0.8614318416239932,0.0,True,Avez-vous déjà eu l'impression que la vie ne vaut pas la peine d'être vécue ?,SUICIDE,lower
4,isf03,868,7289,-0.64163699833133,0.25704618947449864,774675.0,1.7773234929325134e-290,-0.755115182084234,0.755115182084234,1.606256106737759e-288,True,"Avez-vous déjà pensé à vous donner la mort, même si vous ne le feriez jamais ?",SUICIDE,lower
4,isf02,871,7291,-0.6207506560154693,0.22816366519490228,796873.0,9.763632089176645e-287,-0.7490345976457458,0.7490345976457458,7.843451111638571e-285,True,"Avez-vous déjà souhaité mourir, par exemple, vous coucher et ne pas vous réveiller ?",SUICIDE,lower
4,isf07,71,3002,-1.9170447713051884,-0.8482197947655477,33949.5,8.520968670165255e-23,-0.6814377269613685,0.6814377269613685,8.928493258738377e-22,True,Combien de fois avez-vous tenté de vous suicider ?,SUICIDE,lower
4,cssrs01,100,1308,-0.48642840826578404,0.44848883918372495,31691.0,7.85997077379162e-18,-0.515428134556575,0.515428134556575,6.765189130299215e-17,True,C-SSRS 1 : Désir d'être mort(e) — souhait de vous endormir et ne jamais vous réveiller,SUICIDE,lower
4,isf04,867,7281,-0.4050745557325117,0.4671683911619804,1634668.5,1.7538952333571128e-119,-0.4820956473430158,0.4820956473430158,7.459213257159956e-118,True,Avez-vous déjà sérieusement envisagé de vous donner la mort ou planifié comment vous y prendre ?,SUICIDE,lower
4,isf02a,15,5624,0.8225587285066283,-0.13341376154004747,59510.0,0.00592035123101283,0.41085822664770033,0.41085822664770033,0.01481112089973106,True,Quand cela est-il arrivé pour la dernière fois ? (item ISF02),SUICIDE,higher
4,cssrs11,5,536,-0.6566511171788632,-0.5927403690600823,794.5,0.11723088272779528,-0.40708955223880594,0.40708955223880594,0.20088119482238523,False,C-SSRS Intensité : Éléments dissuasifs,SUICIDE,lower
4,isf09a,8,795,-0.511742848766292,-0.4915720065419926,1909.5,0.05170333178660137,-0.39952830188679245,0.39952830188679245,0.10650002530402504,False,Nombre de tentatives de suicide graves,SUICIDE,lower
4,cssrs02,104,1311,-0.3416076089077231,-0.31604278614788095,44685.5,4.756676020389986e-09,-0.34451827729859763,0.34451827729859763,2.4218850441844786e-08,True,C-SSRS 2 : Pensées suicidaires actives non spécifiques,SUICIDE,lower
4,ctq41,757,6948,-0.2870521767780652,-0.26606947390537516,1752237.5,1.6014358134068476e-51,-0.3337038912958996,0.3337038912958996,3.405406156156326e-50,True,Risque de déni sur le questionnaire,AUTO-QUESTIONNAIRES,lower
4,madrs,485,6095,-7.6679049032589734,-1.6213784385695398,990782.0,1.035530294637066e-33,-0.32966382787987447,0.32966382787987447,1.5929540489842525e-32,True,Score MADRS,HETERO-QUESTIONNAIRES,lower
4,ctq40,761,7338,-0.4536119366476583,-0.4236811631248433,1876184.0,2.481434151486061e-50,-0.3280405600211167,0.3280405600211167,5.125933975784063e-49,True,Score de déni,AUTO-QUESTIONNAIRES,lower
4,cssrs12,5,534,0.055059472098832885,0.29430860951325055,904.0,0.21423731025691273,-0.3228464419475655,0.3228464419475655,0.3196838109933159,False,C-SSRS Intensité : Raisons de l'idéation suicidaire,SUICIDE,lower
4,qidsr120,467,5906,-4.337073288884662,-0.12007032785251148,960752.0,8.410561064341701e-28,-0.3033238074588974,0.3033238074588974,1.14732748104133e-26,True,Score à l'échelle  QIDS_SR16,AUTO-QUESTIONNAIRES,lower
4,isf05,869,7307,-0.2718904102250668,-0.2715209285560437,2236434.0,3.503745033378478e-46,-0.29558726652548595,0.29558726652548595,6.3330191478316e-45,True,Avez-vous déjà essayé de vous donner la mort ?,SUICIDE,lower
4,fast,463,5725,-7.943321523449619,-1.035700808748917,989622.0,1.0884474612430277e-19,-0.25330566742433536,0.25330566742433536,1.0089070698444988e-18,True,Score total à l'échelle FAST,HETERO-QUESTIONNAIRES,lower
4,mdq,5,501,-0.029390273989249722,-0.06314281815953504,1558.5,0.34764965495655564,0.244311377245509,0.244311377245509,0.466327830303506,False,Positivité du questionnaire MDQ,AUTO-QUESTIONNAIRES,higher
4,fast29,458,5683,-2.6630039496533726,-0.6165519853766988,990860.0,1.7655138082819638e-17,-0.23862404305493978,0.23862404305493978,1.4505300947589318e-16,True,Sous-score Relations interpersonnelles (FAST),HETERO-QUESTIONNAIRES,lower
4,eq5d0206,560,5022,11.077990316650496,1.240048527766909,1739714.5,2.935953595025937e-20,0.23720949251863233,0.23720949251863233,2.8302592656050034e-19,True,Votre état de santé aujourd’hui [valeur entre 0 et 100],AUTO-QUESTIONNAIRES,higher
4,psqi,642,6626,-1.73663261415747,-0.3849402969070823,1629421.5,1.113774502869947e-22,-0.23391496540109624,0.23391496540109624,1.1341675571478474e-21,True,Score total,AUTO-QUESTIONNAIRES,lower
4,cedecodtrouble_humeur_actuel,5,365,-0.04264026985399391,-0.0723298876629654,1124.5,0.3732156418403435,0.23232876712328765,0.23232876712328765,0.49420313012924605,False,Type / précision de l'épisode de l'humeur actuel,EVALUATION MEDICALE,higher
4,staya,460,5821,-8.47253182058256,-0.2036132744745558,1030558.0,1.8145156142460915e-16,-0.23025477469133493,0.23025477469133493,1.4106395581719612e-15,True,Score à l'echelle STAY-A,AUTO-QUESTIONNAIRES,lower
4,fast27,459,5707,-2.3083195601300073,-0.6025283536741464,1010828.0,3.723260716577774e-16,-0.22823211795474962,0.22823211795474962,2.8335973664060324e-15,True,Sous-score Fonctionnement cognitif (FAST),HETERO-QUESTIONNAIRES,lower
4,sudose_cigarettes_lt,353,3252,-11.153125756230786,-25.32493399267262,703433.5,3.1689309436548365e-12,0.2255408743889138,0.2255408743889138,2.0097693616337254e-11,True,Nombre de paquets-année (cumul vie),SUBSTANCES,higher
4,prism,447,5602,-4.975543814419785,-0.894848032209504,974840.5,6.106940535963796e-15,-0.22140263105139024,0.22140263105139024,4.415318007501825e-14,True,Score à l'echelle PRISE-M,AUTO-QUESTIONNAIRES,lower
4,isf05a,14,2837,0.27794799723828956,0.20030182066693625,24218.0,0.15599998640002546,0.21949745707236024,0.21949745707236024,0.2517589066232554,False,Quand cela est-il arrivé pour la dernière fois ? (item ISF05),SUICIDE,higher
4,isf08a,9,615,-0.2043878492750184,-0.20401488565817338,2188.5,0.28126679908740415,-0.20921409214092146,0.20921409214092146,0.39092345886117663,False,Nombre de tentatives de suicide violentes,SUICIDE,lower
4,eq5d,647,5132,0.1331068076892601,0.04135865065259514,1999899.5,1.9927898576561633e-17,0.20461214960589125,0.20461214960589125,1.6188618731296697e-16,True,Score à l'EQ-5D,AUTO-QUESTIONNAIRES,higher
4,fast30,463,5706,-1.2185075347976215,-0.19200214291159323,1072023.5,1.4408200667886472e-11,-0.1884383003302953,0.1884383003302953,8.903529130668307e-11,True,Sous-score Loisirs (FAST),HETERO-QUESTIONNAIRES,lower
4,fast25,462,5704,-2.410726075507221,-0.9951564205492542,1075542.0,4.76202941933606e-11,-0.1837261616364001,0.1837261616364001,2.8454109670908853e-10,True,Sous-score Autonomie (FAST),HETERO-QUESTIONNAIRES,lower
4,chrontrouble_humeur_actuel,60,1529,-0.36866818629866127,-0.3104008444023784,37515.0,0.016560807481300625,-0.18214519293655984,0.18214519293655984,0.0374170744030636,True,Chronicité de l'épisode actuel (> 2 ans),EVALUATION MEDICALE,lower
4,isf09,61,2898,-0.2535128834313927,-0.23373181089869066,72314.0,0.014918314631877651,-0.1818665218522667,0.1818665218522667,0.03435013209824058,True,Existe-t-il des tentatives de suicide graves (passage en réanimation) ?,SUICIDE,lower
4,wurs,496,5521,-8.804200972627243,-1.7503356399262593,1123153.5,3.1442608584944386e-11,-0.17970571308376815,0.17970571308376815,1.9103366392365372e-10,True,Score à l'echelle WURS,AUTO-QUESTIONNAIRES,lower
4,empjob,30,598,0.3874876145940078,0.049477023149192334,10542.0,0.10509653334185286,0.17525083612040127,0.17525083612040127,0.18532876489307223,False,Classe professionnelle (code INSEE),SOCIAL,higher
4,psqi17,670,6827,-0.36022769245692043,-0.3186400835328107,1890737.5,1.2336185510302487e-13,-0.1732836476763684,0.1732836476763684,8.494344879951141e-13,True,Sous-Score de dysfonctionnement dû au sommeil,AUTO-QUESTIONNAIRES,lower
4,isf08,61,2926,-0.15144972753466465,-0.15021136791106907,74033.5,0.02251892964973462,-0.1704279327230147,0.1704279327230147,0.04948688795367213,True,"Existe-t-il des tentatives de suicide violentes (arme à feu, immolation, noyade, saut, pendaison) ?",SUICIDE,lower
4,psqi14,672,6802,-0.40002687287067884,-0.3245143395755121,1937097.0,6.631381733576127e-11,-0.15243022010333096,0.15243022010333096,3.9299090109635576e-10,True,Sous-Score temps de latence avant sommeil,AUTO-QUESTIONNAIRES,lower
4,psqi15,675,6834,-0.18708959201536435,-0.1786536985245195,1972002.0,4.81283998228379e-10,-0.1450147953045231,0.1450147953045231,2.676679467070139e-09,True,Sous-Score qualité du sommeil,AUTO-QUESTIONNAIRES,lower
4,bis10,460,5753,-1.9686002232252164,-0.4193364088529279,1134516.5,3.456316213640392e-07,-0.1425898774930282,0.1425898774930282,1.5716456745044047e-06,True,"Score total à la BIS-10, codage de Baratt",AUTO-QUESTIONNAIRES,lower
4,ess0109,471,5788,-1.3204038514720597,-0.02707319438483058,1172063.0,4.0823247873618517e-07,-0.14013252398622522,0.14013252398622522,1.8447005132891368e-06,True,Score total à l'échelle Epworth,AUTO-QUESTIONNAIRES,lower
4,csm,430,5318,1.693098747617654,0.07633704606285008,1302685.0,1.484702016417203e-06,0.13933809702895816,0.13933809702895816,6.2048529356626455e-06,True,Score à l'echelle CSM,AUTO-QUESTIONNAIRES,higher
4,fast26,455,5635,-4.296210004798935,-0.6842780736227283,1108832.5,1.5932064752020431e-06,-0.1350507522645943,0.1350507522645943,6.620047595236076e-06,True,Sous-score Activité professionnelle (FAST),HETERO-QUESTIONNAIRES,lower
4,agedebutpremier_episode,753,6482,0.9879154998584951,-0.45970195801987757,2765847.0,2.0035276359881155e-09,0.1333241547847488,0.1333241547847488,1.0346789148710055e-08,True,"Âge au premier épisode (mood pour BP/DR, psychotique pour SZ)",EVALUATION MEDICALE,higher
4,hodur_arret_travail,175,2243,-10.417596620826167,-6.799678082406931,170822.5,0.0042379851933908395,-0.12962231704986948,0.12962231704986948,0.010943083195791346,True,"Durée cumulée des arrêts de travail (semaines, 12 derniers mois)",SOIN SUIVI HOSP ARRET TRAVAIL,lower
4,mathys32,439,5421,1.754653345752061,0.8108436075161762,1341146.5,9.16531846479669e-06,0.12709958194299653,0.12709958194299653,3.4876448684463196e-05,True,Score Interaction personnelle à la MATHYS,AUTO-QUESTIONNAIRES,higher
4,mars,784,7125,0.5449118786210896,0.3864988220206511,3145586.5,6.226579857423471e-09,0.12623934837092743,0.12623934837092743,3.148123941900119e-08,True,Score à l'echelle MARS,AUTO-QUESTIONNAIRES,higher
4,hodur_arret_travail_actuel,49,818,0.25055126905459213,0.3105620056323294,17518.5,0.1385448098986935,-0.12586697270595282,0.12586697270595282,0.2305780552877244,False,Est-ce un arrêt de travail de longue durée ?,SOIN SUIVI HOSP ARRET TRAVAIL,lower
4,mathys,439,5382,5.716192631994915,1.7362436195996906,1329322.5,1.2395208212368922e-05,0.12525807360906893,0.12525807360906893,4.643386288882244e-05,True,Score total à la MATHYS,AUTO-QUESTIONNAIRES,higher
4,isf03a,5,5544,-0.24886525645735125,-0.1969597053284189,15511.0,0.6448233754687837,0.11911976911976918,0.11911976911976918,0.7341847251400482,False,Quand cela est-il arrivé pour la dernière fois ? (item ISF03),SUICIDE,higher
4,remisc,359,4525,0.3233473580953451,0.31553323170332837,906408.0,0.0002501970257908846,0.11593961125902208,0.11593961125902208,0.0008111769042457828,True,Rémission complète entre les épisodes,EVALUATION MEDICALE,higher
4,mathys30,439,5406,3.7540156980095887,1.2948792206028124,1321274.0,7.488360724553925e-05,0.11347974957378826,0.11347974957378826,0.00026154999052427477,True,Score Motivation à la MATHYS,AUTO-QUESTIONNAIRES,higher
4,ctq37,768,7411,-2.2326062406444134,-1.2541437347904179,2530933.5,4.295221998669272e-07,-0.11065002614357033,0.11065002614357033,1.9169416697764714e-06,True,Score Emotional Abuse,AUTO-QUESTIONNAIRES,lower
4,hormonal_rporres,44,803,-0.12009095425754329,-0.11975139265193507,15824.5,0.24369747830110566,-0.10423978263330691,0.10423978263330691,0.3483289005497634,False,Traitement hormonal en cours,ANTECEDENTS,lower
4,ppartpremier_episode,391,5050,-0.031228930901919666,-0.04040376569483447,1089331.0,0.0006480067568415257,0.10337140107872678,0.10337140107872678,0.001944020270524577,True,Survenue du premier épisode en post-partum (dans les 6 premiers mois),EVALUATION MEDICALE,higher
4,somat_all,773,6969,-0.24722717159597246,-0.23476131934573724,2415453.5,2.3994794039603715e-06,-0.10323485804905363,0.10323485804905363,9.856952324223571e-06,True,Pathologies allergiques (et inflammatoires) — drapeau de section,ANTECEDENTS,lower
4,pparttrouble_humeur_actuel,80,1836,-0.006464307575543393,-0.007547782774974915,80724.0,0.13265082460272376,0.0991830065359478,0.0991830065359478,0.22314841443949182,False,Survenue de l'épisode actuel en post-partum (6 derniers mois),EVALUATION MEDICALE,higher
4,cgi01,835,7294,0.14790275153604027,0.3670221624989032,2761581.0,1.0056656274679476e-05,-0.09314981224827557,0.09314981224827557,3.806786642195425e-05,True,Gravité de la maladie (CGI sévérité),HETERO-QUESTIONNAIRES,lower
4,fast28,461,5669,-1.0878143442437482,-1.0408342300976483,1187619.5,0.0011180743994877375,-0.09113384089516796,0.09113384089516796,0.003246456991283672,True,Sous-score Finances (FAST),HETERO-QUESTIONNAIRES,lower
4,suncf_cigarettes_lt,844,7465,-0.03762100993201356,0.045432684919016975,2892012.0,9.257571769289393e-05,-0.08196798329010901,0.08196798329010901,0.00031571813156586,True,Statut tabagique (non-fumeur / ex-fumeur / fumeur actuel),SUBSTANCES,lower
4,saison,354,4598,-0.2833464492343672,-0.2782745824672514,752390.0,0.01773690356290465,-0.07551305775294093,0.07551305775294093,0.03945778854147711,True,Caractère saisonnier des épisodes,EVALUATION MEDICALE,lower
4,psqi13,664,6743,-0.31936024522297024,-0.3046331604296446,2072177.0,0.001540246299045732,-0.07437387098445691,0.07437387098445691,0.004333066436615036,True,Sous-Score trouble du sommeil,AUTO-QUESTIONNAIRES,lower
4,psqi16,674,6826,-0.8784123221106103,-0.789952649124622,2131584.0,0.0016478465360947024,-0.07337019130032574,0.07337019130032574,0.0045999731490211195,True,Sous-Score consommation d'hypnotiques,AUTO-QUESTIONNAIRES,lower
4,ctq39,756,7366,-4.34658349466298,-2.448759774326568,2589090.0,0.0014714006377539734,-0.07012700998582078,0.07012700998582078,0.004171853572925972,True,Score Total au CTQ,AUTO-QUESTIONNAIRES,lower
4,dysthyro_mhmodify,52,612,-0.10384635953613164,-0.08835937588873333,14823.5,0.4125680016534623,-0.06840749120160883,0.06840749120160883,0.5336076300455335,False,Dysthyroïdie — type (hyper/hypo),ANTECEDENTS,lower
4,cetermpremier_episode,394,5128,0.45816445800419725,0.48564121302090335,944852.5,0.03207285808872521,-0.0647024992674834,0.0647024992674834,0.06880912877788821,False,"Type du premier épisode (sans/avec caractéristiques psychotiques ; EDM, hypomanie, manie, mixte, ne sais pas)",EVALUATION MEDICALE,lower
4,agetrt,747,6404,0.5205369452730224,0.0012429101356623562,2545272.0,0.0040729950408883156,0.06412407907708295,0.06412407907708295,0.010669476139718304,True,Âge du patient au premier traitement psychotrope/antipsychotique,EVALUATION MEDICALE,higher
4,mere_trouble,308,3132,0.07764388685334911,0.0820865157791083,451779.5,0.06624571087598037,-0.06333553100794476,0.06333553100794476,0.13050585548592317,False,"Mère — troubles psychiatriques (présence ou type, selon thesaurus)",ANTECEDENTS,lower
4,agedebut_cigarettes_lt,405,3762,-0.7597109558668329,-0.9306681250407252,808534.0,0.042225396389125286,0.06133984418584815,0.06133984418584815,0.08926596955946661,False,Âge de début du tabagisme (années),SUBSTANCES,higher
4,jobclas,214,2211,0.17530793026454095,0.179331888404201,222097.0,0.1387295353390873,-0.0612062880161639,0.0612062880161639,0.2305780552877244,False,Emploi temps plein (Y/N),SOCIAL,lower
4,stprof,604,5931,-1.021135637355447,-0.9463759722087444,1683274.0,0.014587357403067248,-0.06023352438249585,0.06023352438249585,0.033803395520569296,True,Statut professionnel actuel,SOCIAL,lower
4,psqi12,667,6801,-0.32047704162100743,-0.31369124409860616,2136803.5,0.013448984925263616,-0.057902235472471086,0.057902235472471086,0.03136650355150192,True,Sous-Score durée de sommeil,AUTO-QUESTIONNAIRES,lower
4,pere_trouble,243,2655,-0.6163518728012178,0.16199291462500298,304457.5,0.1465608569939166,-0.05618717692373265,0.05618717692373265,0.2413747143658353,False,"Père — troubles psychiatriques (présence ou type, selon thesaurus)",ANTECEDENTS,lower
4,cssrs10,5,537,0.48731649674373534,-0.3298315316799503,1271.5,0.8397129770199733,-0.05288640595903171,0.05288640595903171,0.8915014425630553,False,C-SSRS Intensité : Maîtrise des pensées suicidaires,SUICIDE,lower
4,ymrs,860,7575,-2.0813762365265562,-1.3728277734410268,3086464.5,0.011613172382062381,-0.05243241998618464,0.05243241998618464,0.027619485632339152,True,Score total YMRS,HETERO-QUESTIONNAIRES,lower
4,mathys33,439,5418,-0.8019067622056522,-0.5293528326128527,1134206.0,0.1062252008010553,-0.04628543511840644,0.04628543511840644,0.18640975771641502,False,Score Cognition à la MATHYS,AUTO-QUESTIONNAIRES,lower
4,cgi03b,229,1414,-0.037973617503686,-0.05302318827433039,169142.5,0.2770863483412471,0.04471504542843552,0.04471504542843552,0.38674407307089126,False,Effets secondaires (CGI),HETERO-QUESTIONNAIRES,higher
4,cesevtrouble_humeur_actuel,67,1664,-0.06333424857957759,-0.06333424857957759,53390.0,0.5573977280591581,-0.04222876004592424,0.04222876004592424,0.6661133179946633,False,Sévérité de l'épisode actuel,EVALUATION MEDICALE,lower
4,mathys29,438,5406,-0.5334849536515218,-0.3616931799434724,1134926.0,0.14916803492598532,-0.041378005497020864,0.041378005497020864,0.24345031433744332,False,Score Emotion à la MATHYS,AUTO-QUESTIONNAIRES,lower
4,maristat,678,6207,-0.18027177127771132,-0.14400008956053867,2017190.0,0.07671211796543838,-0.041338331021261054,0.041338331021261054,0.14711634294167625,False,Statut marital,SOCIAL,lower
4,psqi11,663,6750,-0.5380409163397786,-0.5214452063103416,2146513.5,0.08314046288802528,-0.04071794871794876,0.04071794871794876,0.15622897162998237,False,Sous-Score efficience sommeil (temps effectif/temps au lit),AUTO-QUESTIONNAIRES,lower
4,cgi02,291,2165,-0.40100644946380504,-0.35768421206174517,303374.5,0.3057357944363389,-0.03692927946160007,0.03692927946160007,0.4178581840783989,False,Amélioration globale (CGI amélioration),HETERO-QUESTIONNAIRES,lower
4,pregnn_rporres,241,2627,-0.2068063781816898,-0.1819144539640427,306281.0,0.4037582529555406,-0.03245107067209807,0.03245107067209807,0.5291112820698165,False,Nombre de grossesses,ANTECEDENTS,lower
4,egf,763,6723,1.0072389853460209,-1.995061511694324,2637748.0,0.19739324582336604,0.028432159783252198,0.028432159783252198,0.30364961006445457,False,Score à l'échelle EGF,HETERO-QUESTIONNAIRES,higher
4,mere_suicide,291,3136,-0.2147286371632958,-0.22363760486793102,468848.5,0.4366082698345517,0.027527570306473015,0.027527570306473015,0.5557531322013748,False,Mère — antécédent de suicide ou tentative,ANTECEDENTS,higher
4,edulevel,579,5349,0.5668493146831022,0.5872140743879619,1505934.0,0.27613466955179133,-0.02751083200869464,0.02751083200869464,0.3861612496826792,False,Niveau d'éducation (années / dernier grade obtenu),SOCIAL,lower
4,cgi03,325,2222,-1.2067429522476276,-1.2934053657724034,370719.5,0.43608644021309384,0.02671051720556661,0.02671051720556661,0.5557531322013748,False,Score de l'index thérapeutique CGI,HETERO-QUESTIONNAIRES,higher
4,pere_suicide,262,2819,-0.1757980255802721,-0.1729908347210767,359492.5,0.47690382903843453,-0.026528003812732015,0.026528003812732015,0.5894042194782704,False,Père — antécédent de suicide ou tentative,ANTECEDENTS,lower
4,nboccur_hospitalisation_lt,694,6060,-0.7729583982864372,-0.6686518393782617,2054904.0,0.32473241015218934,-0.02278654378406142,0.02278654378406142,0.44049068018767895,False,Nombre total d'hospitalisations psychiatriques (vie entière),SOIN SUIVI HOSP ARRET TRAVAIL,lower
4,cgi03a,326,2245,-0.12666155133745538,-0.15276397551741883,374249.5,0.5068043690939221,0.02272124830912592,0.02272124830912592,0.6179081936844952,False,Effet thérapeutique (CGI),HETERO-QUESTIONNAIRES,higher
4,cssrs09,5,539,-0.19392978443214348,-0.36658576453592095,1317.5,0.9328005667516266,-0.02226345083487946,0.02226345083487946,0.9485440362326667,False,C-SSRS Intensité : Durée des pensées suicidaires,SUICIDE,lower
4,mathys31,439,5400,-0.4616278662338935,-0.3223439877614016,1160078.0,0.4577534887273472,-0.021279001096768724,0.021279001096768724,0.5725878414357648,False,Score Perception sensorielle à la MATHYS,AUTO-QUESTIONNAIRES,lower
4,agefin_cigarettes_lt,72,835,1.4295793453777144,0.5462888708200708,30687.0,0.7689579785845847,0.020858283433133673,0.020858283433133673,0.8322703870009802,False,"Âge de fin du tabagisme (années, si ex-fumeur)",SUBSTANCES,higher
4,cssrs08,5,546,0.15380940386565856,0.05867345622902387,1338.0,0.9403891656002784,-0.01978021978021982,0.01978021978021982,0.9535783544586274,False,C-SSRS Intensité : Fréquence des pensées suicidaires,SUICIDE,lower
4,lvsbjind,687,5896,-0.3114579407781557,-0.277322967986521,1986458.0,0.41026771864532474,-0.019166770356237817,0.019166770356237817,0.5325378107371092,False,Mode de vie (avec qui le sujet vit / type de logement),SOCIAL,lower
4,jobdur,198,2097,0.2761744645165667,-0.006426554395474682,211471.0,0.6643494219509609,0.01863171534130048,0.01863171534130048,0.7505072376102262,False,"Depuis combien de temps employé (de manière consécutive, sans interruption > 6 mois)",SOCIAL,higher
4,hodur_hospitalisation_lt,529,4387,-1.8337681248086946,-1.6321888698988127,1140063.0,0.5103853921980808,-0.01749325533465218,0.01749325533465218,0.6208745797869029,False,"Durée totale des hospitalisations psychiatriques (vie entière, mois)",SOIN SUIVI HOSP ARRET TRAVAIL,lower
4,menostat_rporres,315,3860,-0.019561282827942103,-0.019561282827942103,597880.0,0.6244060429335843,-0.016563862159717058,0.016563862159717058,0.7177195056295412,False,Statut ménopausique,ANTECEDENTS,lower
4,hooccur_arret_travail_actuel,415,4059,-0.2016030581870586,-0.195199814142575,828355.0,0.579512907275074,-0.01648871910405847,0.01648871910405847,0.6868652982948827,False,Le patient est-il actuellement en arrêt de travail ?,SOIN SUIVI HOSP ARRET TRAVAIL,lower
4,mere_structure,763,6786,-0.42092151587531385,0.37373344781421614,2624636.0,0.5307666607596835,0.01381960160827611,0.01381960160827611,0.642451711368004,False,Mère — atteinte (composite vs psychiatrique seule selon thesaurus),ANTECEDENTS,higher
4,fagers,340,3060,0.00960464531862737,0.16421283741354564,513376.5,0.6911160411045492,-0.013117070357554828,0.013117070357554828,0.7699181783029106,False,Score total,AUTO-QUESTIONNAIRES,lower
4,ctq29,768,7422,-1.4524544328902245,-1.4524544328902245,2814038.0,0.5637342436077333,-0.012634874921404804,0.012634874921404804,0.6714659936217318,False,Questionnaire Childhood Trauma — Score Physical abuse,AUTO-QUESTIONNAIRES,lower
4,altman,470,5841,-1.2347640685549932,-1.279686555793035,1358505.0,0.7100202835348592,-0.010294069435793252,0.010294069435793252,0.7849306804215647,False,Score à l'échelle Altman,AUTO-QUESTIONNAIRES,lower
4,ctq31,765,7411,-0.9721172205610227,-0.5020110805747233,2805674.0,0.640423167436249,-0.010242150204209821,0.010242150204209821,0.7303248423602651,False,Score Emotional neglect,AUTO-QUESTIONNAIRES,lower
4,agedebut_hospitalisation,597,5089,0.5281168273401455,0.6027617105059164,1506770.5,0.7459114144564238,-0.008094444844909732,0.008094444844909732,0.8146434330090551,False,Âge à la première hospitalisation psychiatrique,SOIN SUIVI HOSP ARRET TRAVAIL,lower
4,hooccur_arret_travail,308,3882,0.3651262080982154,0.3694657314696136,595783.0,0.920302534157961,-0.003420716326435036,0.003420716326435036,0.9418986393496432,False,Le patient a-t-il eu des arrêts de travail au cours des 12 derniers mois ?,SOIN SUIVI HOSP ARRET TRAVAIL,lower
4,ctq33,767,7422,-0.8433361614201731,-0.8675169242638558,2836691.0,0.8770223739072386,-0.0033889170537431124,0.0033889170537431124,0.9216383376961242,False,Score Physical neglect,AUTO-QUESTIONNAIRES,lower
4,ctq35,766,7410,-0.8255785483808005,-0.8284013681460447,2845721.0,0.9015830042419144,0.002709978400510238,0.002709978400510238,0.9343754986100028,False,Score Sexual abuse,AUTO-QUESTIONNAIRES,higher
4,pere_structure,724,6538,-0.45368219517098485,0.4449725326417018,2360652.0,0.9092121909634672,-0.0025790575792350445,0.0025790575792350445,0.9370410312017531,False,Père — atteinte (composite vs psychiatrique seule selon thesaurus),ANTECEDENTS,lower
5,ctq40,1851,6248,0.5872971361457507,-0.432926046721133,11342252.5,0.0,0.9614708905661264,0.9614708905661264,0.0,True,Score de déni,AUTO-QUESTIONNAIRES,higher
5,ctq41,1781,5924,0.7230076499856777,-0.27171923741000303,10217462.0,0.0,0.9368413909141471,0.9368413909141471,0.0,True,Risque de déni sur le questionnaire,AUTO-QUESTIONNAIRES,higher
5,ctq39,1842,6280,-12.16026520775214,0.4086147728879652,2252550.5,0.0,-0.6105468128661038,0.6105468128661038,0.0,True,Score Total au CTQ,AUTO-QUESTIONNAIRES,lower
5,ctq31,1848,6328,-4.907852912562843,0.6434125669209898,2421505.0,0.0,-0.5858602391077107,0.5858602391077107,0.0,True,Score Emotional neglect,AUTO-QUESTIONNAIRES,lower
5,ctq37,1849,6330,-4.204753918520417,-0.24454295012612803,2869852.0,2.0728171348905995e-244,-0.5096017914982438,0.5096017914982438,1.4986467885259035e-242,True,Score Emotional Abuse,AUTO-QUESTIONNAIRES,lower
5,ctq33,1850,6339,-2.2717004519266375,-0.45644395592124987,3761239.0,4.1421864071120677e-122,-0.35854167466093634,0.35854167466093634,1.8717504827137656e-120,True,Score Physical neglect,AUTO-QUESTIONNAIRES,lower
5,ctq29,1849,6341,-1.5173429458207668,-1.4347575657273497,4103102.0,4.3383207536436644e-86,-0.3000812230175268,0.3000812230175268,1.3637416977758127e-84,True,Questionnaire Childhood Trauma — Score Physical abuse,AUTO-QUESTIONNAIRES,lower
5,wurs,1325,4692,-10.85689367798632,0.02776735735516489,2260547.0,4.42497793359396e-52,-0.2727735688204732,0.2727735688204732,9.69472438178313e-51,True,Score à l'echelle WURS,AUTO-QUESTIONNAIRES,lower
5,ltsv09,59,261,-0.43519443013396464,0.3988807453394786,5689.5,0.001741556631628131,-0.26105591272160533,0.26105591272160533,0.0048428670948736105,True,Existe-t-il un événement particulier déclencheur de la tentative ?,SUICIDE,lower
5,mdq,68,438,-0.04862584881095728,-0.06529668032310383,18113.0,0.004089198277116304,0.21629062583937686,0.21629062583937686,0.01067325037673317,True,Positivité du questionnaire MDQ,AUTO-QUESTIONNAIRES,higher
5,staya,1328,4953,-6.612533158606041,0.46839314803816023,2660883.5,1.012188651568698e-26,-0.19092374951045854,0.19092374951045854,1.2403599916680825e-25,True,Score à l'echelle STAY-A,AUTO-QUESTIONNAIRES,lower
5,fast29,1286,4855,-1.9479976313247378,-0.3411627184474666,2532909.0,2.0807078971065564e-25,-0.18862918893638692,0.18862918893638692,2.5072530160134007e-24,True,Sous-score Relations interpersonnelles (FAST),HETERO-QUESTIONNAIRES,lower
5,madrs,1347,5233,-5.214900587862971,-1.441337769974357,2934967.5,2.527046146954448e-21,-0.16724938575095427,0.16724938575095427,2.5375755059000917e-20,True,Score MADRS,HETERO-QUESTIONNAIRES,lower
5,ctq35,1846,6330,-0.8453382867375066,-0.8199329088503138,4884689.5,6.962316422977854e-27,-0.16395134691977364,0.16395134691977364,8.678887541056876e-26,True,Score Sexual abuse,AUTO-QUESTIONNAIRES,lower
5,qidsr120,1344,5029,-2.2365458666308005,0.21010877812162754,2838410.5,1.7116441317635795e-19,-0.16010635338844226,0.16010635338844226,1.546898384081335e-18,True,Score à l'échelle  QIDS_SR16,AUTO-QUESTIONNAIRES,lower
5,ltsv01,60,267,-0.05803585116120136,0.037804596341699526,6728.0,0.052788804776048616,-0.16004993757802743,0.16004993757802743,0.10811984660930071,False,Méthode de la tentative de suicide la plus violente,SUICIDE,lower
5,cssrs01,220,1188,-0.4467677377144478,0.43425025063154354,110727.0,0.00031599337147529457,-0.1526859504132232,0.1526859504132232,0.0010020316121782367,True,C-SSRS 1 : Désir d'être mort(e) — souhait de vous endormir et ne jamais vous réveiller,SUICIDE,lower
5,fast,1292,4896,-4.803080476979268,-0.5700421155792661,2686228.0,7.185625520484453e-17,-0.15068470628705555,0.15068470628705555,5.772452501455844e-16,True,Score total à l'échelle FAST,HETERO-QUESTIONNAIRES,lower
5,psqi,1602,5666,-1.3668333445178256,-0.21978650743374306,3857951.0,4.414743052819317e-20,-0.14994383564843272,0.14994383564843272,4.199814772616271e-19,True,Score total,AUTO-QUESTIONNAIRES,lower
5,cedecodtrouble_humeur_actuel,51,319,-0.09044254585495154,-0.0723298876629654,6957.0,0.09697104114626441,-0.14475382629540845,0.14475382629540845,0.17579902101307596,False,Type / précision de l'épisode de l'humeur actuel,EVALUATION MEDICALE,lower
5,eq5d0206,1174,4408,7.9508902910313,1.343454290750799,2949807.0,1.5377122207538686e-13,0.14002379134112664,0.14002379134112664,1.0488357883066481e-12,True,Votre état de santé aujourd’hui [valeur entre 0 et 100],AUTO-QUESTIONNAIRES,higher
5,psqi15,1644,5865,-0.26858484868152477,-0.17711989970800213,4157997.5,1.396668720479769e-17,-0.1375292209341158,0.1375292209341158,1.18798998224338e-16,True,Sous-Score qualité du sommeil,AUTO-QUESTIONNAIRES,lower
5,ltsg04,35,222,0.3380118110583106,-0.004735891368098599,4396.5,0.21120559767174607,0.13166023166023155,0.13166023166023155,0.3168083965076191,False,Létalité si la méthode = médicaments (avec effets sédatifs),SUICIDE,higher
5,fast27,1293,4873,-1.617716381173373,-0.5462743862117163,2752969.0,2.8664095789414028e-12,-0.12615102648255638,0.12615102648255638,1.8339948013934814e-11,True,Sous-score Fonctionnement cognitif (FAST),HETERO-QUESTIONNAIRES,lower
5,prism,1296,4753,-3.2759675087879634,-0.7467769958928017,2695457.5,5.224715199037345e-12,-0.12483554895803295,0.12483554895803295,3.2847557294817394e-11,True,Score à l'echelle PRISE-M,AUTO-QUESTIONNAIRES,lower
5,hormonal_rporres,154,693,-0.11992117345473918,-0.11958161184913096,46759.0,0.016159492796952397,-0.12372331852851337,0.12372331852851337,0.036739978906278566,True,Traitement hormonal en cours,ANTECEDENTS,lower
5,ltsg01,86,404,-0.2051916329052178,-0.23288120545068824,19508.5,0.07319770050625929,0.1229852636426434,0.1229852636426434,0.14188186988210583,False,Méthode de la tentative de suicide la plus grave,SUICIDE,higher
5,eq5d,1267,4512,0.09625275581682502,0.038236617230002434,3194763.0,1.4459900194863578e-10,0.11769404188147581,0.11769404188147581,8.29722844514791e-10,True,Score à l'EQ-5D,AUTO-QUESTIONNAIRES,higher
5,bis10,1341,4872,-1.415744835567807,-0.2558027178398987,2893563.0,1.4109294538339117e-10,-0.114217938969154,0.114217938969154,8.160815960975346e-10,True,"Score total à la BIS-10, codage de Baratt",AUTO-QUESTIONNAIRES,lower
5,mars,1757,6152,0.5449118786210896,0.3548162107005641,5997862.5,2.077346382902128e-12,0.1097838813795533,0.1097838813795533,1.3530823737281429e-11,True,Score à l'echelle MARS,AUTO-QUESTIONNAIRES,higher
5,psqi17,1642,5855,-0.34815716508677874,-0.3186400835328107,4302039.0,7.286481696541623e-11,-0.1050386367253282,0.1050386367253282,4.248488924677091e-10,True,Sous-Score de dysfonctionnement dû au sommeil,AUTO-QUESTIONNAIRES,lower
5,cssrs02,220,1195,-0.3229346297876393,-0.31675538804333914,118063.0,0.016239404609124253,-0.10184100418410047,0.10184100418410047,0.03680592329904964,True,C-SSRS 2 : Pensées suicidaires actives non spécifiques,SUICIDE,lower
5,mere_suicide,646,2781,-0.22806265491376912,-0.22007401778607694,808022.0,6.788872912897619e-05,-0.100461668798559,0.100461668798559,0.00023943195687926722,True,Mère — antécédent de suicide ou tentative,ANTECEDENTS,lower
5,psqi13,1622,5785,-0.32819649609896584,-0.30168774347097926,4221442.5,6.493353243361749e-10,-0.10021932652476162,0.10021932652476162,3.5298454097372512e-09,True,Sous-Score trouble du sommeil,AUTO-QUESTIONNAIRES,lower
5,fast25,1293,4873,-1.7658270261369622,-0.9327606253458449,2843405.0,6.857292399340731e-08,-0.09744478032830495,0.09744478032830495,3.37266830253289e-07,True,Sous-score Autonomie (FAST),HETERO-QUESTIONNAIRES,lower
5,isf04,1725,6423,-0.4049712196960567,-0.40481317634618436,5018437.5,1.842690526756276e-09,-0.09411828415544676,0.09411828415544676,9.654096020614402e-09,True,Avez-vous déjà sérieusement envisagé de vous donner la mort ou planifié comment vous y prendre ?,SUICIDE,lower
5,fast30,1291,4878,-0.9181828212130838,-0.18243656204639813,2853582.5,2.1349372402605087e-07,-0.09374087931429276,0.09374087931429276,1.0154997530975972e-06,True,Sous-score Loisirs (FAST),HETERO-QUESTIONNAIRES,lower
5,ltsv07,80,359,0.4008056360632246,0.4096984781447752,13106.0,0.2218731227697449,-0.08732590529247908,0.08732590529247908,0.3267093029786672,False,Létalité si la méthode = Pendaison,SUICIDE,lower
5,pregnn_rporres,579,2289,-0.35979404347781496,-0.16022038162634233,605345.5,0.001281345359387278,-0.08649914625101196,0.08649914625101196,0.003690887230426303,True,Nombre de grossesses,ANTECEDENTS,lower
5,inflachro_mhmodify,11,36,-0.32031998603350686,0.013030100033660563,181.0,0.6783629975601682,-0.08585858585858586,0.08585858585858586,0.7620471689785014,False,MICI — type (Crohn / RCH / autre),ANTECEDENTS,lower
5,ltsg07,88,396,0.4219843124507091,0.4227365090310369,15945.5,0.21297029101995968,-0.08485422405876952,0.08485422405876952,0.3187940381106229,False,Existe-t-il un événement particulier déclencheur de la tentative ?,SUICIDE,lower
5,mere_structure,1589,5960,-0.4235621833212858,0.3816554501521321,4335159.0,2.1855830009652837e-07,-0.08448625407056065,0.08448625407056065,1.0327951043777126e-06,True,Mère — atteinte (composite vs psychiatrique seule selon thesaurus),ANTECEDENTS,lower
5,csm,1242,4506,1.1492451176189107,-0.07734366596748998,3034220.0,5.1736281440213075e-06,0.08433700494527607,0.08433700494527607,2.0328984500692418e-05,True,Score à l'echelle CSM,AUTO-QUESTIONNAIRES,higher
5,mere_trouble,644,2796,0.07320125792759002,0.08288580237650411,825096.5,0.0009324464114239362,-0.08354381592159166,0.08354381592159166,0.002740482745770349,True,"Mère — troubles psychiatriques (présence ou type, selon thesaurus)",ANTECEDENTS,lower
5,egf,1611,5875,1.630413519531217,-2.2148763667529536,5126339.0,2.9353378554480336e-07,0.0832629924587609,0.0832629924587609,1.3691930770896313e-06,True,Score à l'échelle EGF,HETERO-QUESTIONNAIRES,higher
5,agedebutpremier_episode,1580,5655,0.32731146255874677,-0.5029905560911239,4835673.0,5.260154871691187e-07,0.08242353020179305,0.08242353020179305,2.3189585196541027e-06,True,"Âge au premier épisode (mood pour BP/DR, psychotique pour SZ)",EVALUATION MEDICALE,higher
5,isf03,1727,6430,0.2518371644973978,0.2549625794836583,5102544.5,2.2603967757220736e-07,-0.08100428560750894,0.08100428560750894,1.0612122524980904e-06,True,"Avez-vous déjà pensé à vous donner la mort, même si vous ne le feriez jamais ?",SUICIDE,lower
5,isf02,1725,6437,0.22679500042239298,0.22775306576314946,5108580.0,3.3754654689718e-07,-0.07985221308873292,0.07985221308873292,1.5544340981315996e-06,True,"Avez-vous déjà souhaité mourir, par exemple, vous coucher et ne pas vous réveiller ?",SUICIDE,lower
5,cssrs12,72,467,0.1810370833107573,0.9656560060774675,15471.5,0.27598184299872097,-0.0797347133000238,0.0797347133000238,0.3861612496826792,False,C-SSRS Intensité : Raisons de l'idéation suicidaire,SUICIDE,lower
5,suncf_cigarettes_lt,1736,6573,-0.12463752617787494,0.07707505446296681,5252165.0,3.4266539603244656e-07,-0.07943384506229578,0.07943384506229578,1.5680195020978409e-06,True,Statut tabagique (non-fumeur / ex-fumeur / fumeur actuel),SUBSTANCES,lower
5,cgi01,1710,6419,0.1535398894309039,0.3692770176568483,5058922.5,6.407947788296933e-07,-0.07822582628873165,0.07822582628873165,2.8078462126901107e-06,True,Gravité de la maladie (CGI sévérité),HETERO-QUESTIONNAIRES,lower
5,psqi16,1642,5858,-0.8784123221106103,-0.789952649124622,4447283.0,3.007471986028178e-06,-0.0752970525747606,0.0752970525747606,1.2147498580437836e-05,True,Sous-Score consommation d'hypnotiques,AUTO-QUESTIONNAIRES,lower
5,chrontrouble_humeur_actuel,285,1304,-0.3291750846604453,-0.30745054165277896,171985.0,0.04866233162959355,-0.0744537724679798,0.0744537724679798,0.10110018898906936,False,Chronicité de l'épisode actuel (> 2 ans),EVALUATION MEDICALE,lower
5,mathys32,1239,4621,1.608558665165365,0.765891398104884,3069619.5,9.125136945103163e-05,0.07227767958991294,0.07227767958991294,0.00031267649342699464,True,Score Interaction personnelle à la MATHYS,AUTO-QUESTIONNAIRES,higher
5,fast26,1275,4815,-2.408235280033968,-0.6418099515321503,2857344.0,0.0001437102506067742,-0.06913639973123209,0.06913639973123209,0.00048326749390091973,True,Sous-score Activité professionnelle (FAST),HETERO-QUESTIONNAIRES,lower
5,ltsg02,56,297,-0.05713481885969296,-0.7646838946802308,8890.5,0.4125067076099883,0.06908369408369408,0.06908369408369408,0.5336076300455335,False,Type de médicaments avec effets sédatifs (méthode = médicaments),SUICIDE,higher
5,isf05,1731,6445,-0.27167487925147,-0.27155171869512895,5194086.0,1.057934698649945e-05,-0.06885108362588122,0.06885108362588122,3.9837853496036987e-05,True,Avez-vous déjà essayé de vous donner la mort ?,SUICIDE,lower
5,isf01,1732,6442,0.15795525323273452,0.15903628787063984,5204125.5,1.7286675804381057e-05,-0.06715572889517618,0.06715572889517618,6.409367490547437e-05,True,Avez-vous déjà eu l'impression que la vie ne vaut pas la peine d'être vécue ?,SUICIDE,lower
5,pere_structure,1562,5700,-0.45292939894333956,0.4472309213246376,4153626.5,4.895627260791963e-05,-0.06695722982231511,0.06695722982231511,0.0001743615029336251,True,Père — atteinte (composite vs psychiatrique seule selon thesaurus),ANTECEDENTS,lower
5,cssrs10,72,470,-0.5754649830220009,-0.24754814447060913,15796.5,0.36412883331149515,-0.06640070921985819,0.06640070921985819,0.4839432839783291,False,C-SSRS Intensité : Maîtrise des pensées suicidaires,SUICIDE,lower
5,fagers,656,2744,-0.10891321189828851,0.26212381404573293,840674.0,0.008589705329683785,-0.06595098840930103,0.06595098840930103,0.021268345730689645,True,Score total,AUTO-QUESTIONNAIRES,lower
5,isf01a,1236,5055,-0.05033016918088351,-0.07508508655609325,3320310.0,0.0006035782505741338,0.06284271076411896,0.06284271076411896,0.0018258873437870242,True,Quand cela est-il arrivé pour la dernière fois ? (item ISF01),SUICIDE,higher
5,remisc,1029,3855,0.31813794050066724,0.31553323170332837,2105850.5,0.0023089769434670605,0.0617390109647713,0.0617390109647713,0.0062759034967168606,True,Rémission complète entre les épisodes,EVALUATION MEDICALE,higher
5,isf09a,145,658,-0.4915720065419926,-0.4915720065419926,44766.0,0.24512674415985503,-0.0616077979247458,0.0616077979247458,0.349559439896598,False,Nombre de tentatives de suicide graves,SUICIDE,lower
5,cesevtrouble_humeur_actuel,310,1421,-0.062105535648345755,-0.06368530941707284,233430.0,0.09847996494239471,0.05981703026037999,0.05981703026037999,0.17711695187400842,False,Sévérité de l'épisode actuel,EVALUATION MEDICALE,higher
5,isf03a,1062,4487,-0.17223454562939966,-0.20108056527825546,2521552.5,0.00307695824834165,0.0583210253349602,0.0583210253349602,0.008331988065734132,True,Quand cela est-il arrivé pour la dernière fois ? (item ISF03),SUICIDE,higher
5,ymrs,1790,6645,-2.0619727533308194,-1.359892117977202,5614122.0,0.00026916294699835894,-0.05601775603112347,0.05601775603112347,0.0008649102696880602,True,Score total YMRS,HETERO-QUESTIONNAIRES,lower
5,ess0109,1333,4926,-0.5747625109297232,-0.007756860612031957,3102041.0,0.001968645604810722,-0.055171527351996374,0.055171527351996374,0.005453374606429701,True,Score total à l'échelle Epworth,AUTO-QUESTIONNAIRES,lower
5,psqi14,1640,5834,-0.3550426897941965,-0.3245143395755121,4528028.5,0.0009192843350246411,-0.05348200623761468,0.05348200623761468,0.002712826833562512,True,Sous-Score temps de latence avant sommeil,AUTO-QUESTIONNAIRES,lower
5,fast28,1286,4844,-1.059561947490497,-1.0384530602575477,2951874.5,0.003900643721470958,-0.05227402902116807,0.05227402902116807,0.010330276229390119,True,Sous-score Finances (FAST),HETERO-QUESTIONNAIRES,lower
5,isf02a,1071,4568,-0.1090694112345767,-0.1372225301646688,2569881.0,0.00987898909911152,0.050575922137681584,0.050575922137681584,0.024211895317483488,True,Quand cela est-il arrivé pour la dernière fois ? (item ISF02),SUICIDE,higher
5,isf08a,113,511,-0.18301313311729284,-0.20751517774832018,30285.0,0.4151810996843349,0.048958315293628596,0.048958315293628596,0.5350729680423781,False,Nombre de tentatives de suicide violentes,SUICIDE,higher
5,isf07,538,2535,-0.8920175071089553,-0.8482197947655477,649223.5,0.08029086962913186,-0.04794072575027675,0.04794072575027675,0.15196413283210036,False,Combien de fois avez-vous tenté de vous suicider ?,SUICIDE,lower
5,mathys33,1238,4619,-0.7201612117166079,-0.5010785795824138,2727210.0,0.012509725571286255,-0.046150251769662476,0.046150251769662476,0.029365362298831046,True,Score Cognition à la MATHYS,AUTO-QUESTIONNAIRES,lower
5,cssrs09,72,472,-0.1404943413993911,-0.36876680302705367,17760.0,0.5367160388325127,0.04519774011299438,0.04519774011299438,0.6471615945957071,False,C-SSRS Intensité : Durée des pensées suicidaires,SUICIDE,higher
5,hodur_arret_travail_actuel,163,704,0.2974199053957465,0.31626177023750635,54895.0,0.3892286630088382,-0.043241076408254364,0.043241076408254364,0.513411927210993,False,Est-ce un arrêt de travail de longue durée ?,SOIN SUIVI HOSP ARRET TRAVAIL,lower
5,pparttrouble_humeur_actuel,351,1565,-0.007394867399944268,-0.007521647626540929,286398.0,0.21008239068293866,0.04274596542967157,0.04274596542967157,0.3157787286148953,False,Survenue de l'épisode actuel en post-partum (6 derniers mois),EVALUATION MEDICALE,higher
5,isf08,516,2471,-0.15064479377932752,-0.15021136791106907,611396.5,0.14263327309241772,-0.04097374505504159,0.04097374505504159,0.2359813648645721,False,"Existe-t-il des tentatives de suicide violentes (arme à feu, immolation, noyade, saut, pendaison) ?",SUICIDE,lower
5,sudose_cigarettes_lt,702,2903,-23.627673336091085,-24.564439175788216,1059530.0,0.10107069457709195,0.039822248916289604,0.039822248916289604,0.17910321612558205,False,Nombre de paquets-année (cumul vie),SUBSTANCES,higher
5,cgi02,526,1930,0.5036014987269998,-0.41421733415059125,527374.5,0.16998463781015993,0.038977324218365306,0.038977324218365306,0.2677535798186179,False,Amélioration globale (CGI amélioration),HETERO-QUESTIONNAIRES,higher
5,cssrs08,72,479,0.031359274561684414,0.0664775081339779,16588.0,0.6027625858317489,-0.03804221758292736,0.03804221758292736,0.6995142047453522,False,C-SSRS Intensité : Fréquence des pensées suicidaires,SUICIDE,lower
5,mathys,1233,4588,3.2986997161688976,1.7565059888737125,2930996.0,0.05041806411630114,0.03623614195782787,0.03623614195782787,0.10444773740998775,False,Score total à la MATHYS,AUTO-QUESTIONNAIRES,higher
5,psqi12,1636,5832,-0.31577842126945893,-0.31369124409860616,4601694.0,0.028410241448985442,-0.03540075663819209,0.03540075663819209,0.06113275168933474,False,Sous-Score durée de sommeil,AUTO-QUESTIONNAIRES,lower
5,isf05a,491,2360,0.18784471969841388,0.20610896218737484,559044.5,0.22042178437103044,-0.035098726224584875,0.035098726224584875,0.3258889815811422,False,Quand cela est-il arrivé pour la dernière fois ? (item ISF05),SUICIDE,lower
5,hodur_arret_travail,497,1921,-8.124867345188797,-6.620492698214573,461164.0,0.24279511832461675,-0.033945473989171915,0.033945473989171915,0.3483289005497634,False,"Durée cumulée des arrêts de travail (semaines, 12 derniers mois)",SOIN SUIVI HOSP ARRET TRAVAIL,lower
5,saison,1047,3905,-0.27996520472295666,-0.2782745824672514,1975743.5,0.0952940145073442,-0.03352007503910326,0.03352007503910326,0.17442423414888572,False,Caractère saisonnier des épisodes,EVALUATION MEDICALE,lower
5,isf09,511,2448,-0.23765579673533951,-0.23373181089869066,604622.0,0.23541865029435072,-0.033322461404653225,0.033322461404653225,0.3417824983189068,False,Existe-t-il des tentatives de suicide graves (passage en réanimation) ?,SUICIDE,lower
5,altman,1334,4977,-1.6872997864464223,-1.189841581316951,3210430.5,0.06455366251672648,-0.03290353015174152,0.03290353015174152,0.1278693095879267,False,Score à l'échelle Altman,AUTO-QUESTIONNAIRES,lower
5,agedebut_cigarettes_lt,799,3368,-0.7549975654469776,-0.9516977496642163,1386867.5,0.17619878550671964,0.030732819230689268,0.030732819230689268,0.27693852591599627,False,Âge de début du tabagisme (années),SUBSTANCES,higher
5,mathys30,1235,4610,2.3026965576813367,1.2928489266712404,2933527.5,0.09911924632882978,0.030510156586192716,0.030510156586192716,0.17782435507628766,False,Score Motivation à la MATHYS,AUTO-QUESTIONNAIRES,higher
5,somat_all,1639,6103,-0.2374658213132434,-0.2372016569164195,4853154.0,0.06497745292228133,-0.02964254969375124,0.02964254969375124,0.12835709962516229,False,Pathologies allergiques (et inflammatoires) — drapeau de section,ANTECEDENTS,lower
5,cssrs06,48,331,0.027802970003801386,0.023366737132163973,8178.0,0.7420064681991656,0.02945619335347427,0.02945619335347427,0.8128343583454496,False,C-SSRS Intensité : niveau le plus grave atteint,SUICIDE,higher
5,cssrs05,57,419,-0.2835956294460827,-0.27883993535444335,11590.5,0.7190382767254719,-0.029393292299962348,0.029393292299962348,0.792476637305665,False,C-SSRS 5 : Idéation suicidaire active avec scénario précis et intention,SUICIDE,lower
5,menostat_rporres,854,3321,0.001440104712159579,-0.019561282827942103,1458456.0,0.19849523380631529,0.028481729001521128,0.028481729001521128,0.3046965053969553,False,Statut ménopausique,ANTECEDENTS,higher
5,cssrs03,58,418,0.22252853582903093,0.21019037985518407,12467.0,0.7256257209590936,0.02846065005774623,0.02846065005774623,0.7985196290006463,False,C-SSRS 3 : Idéation suicidaire active avec définition d'une méthode (sans scénario),SUICIDE,higher
5,lvsbjind,1417,5166,-0.277322967986521,-0.28301213011846027,3759560.0,0.11659281382861549,0.02717103388394504,0.02717103388394504,0.20088119482238523,False,Mode de vie (avec qui le sujet vit / type de logement),SOCIAL,higher
5,psqi11,1624,5789,-0.5282837134416869,-0.5282837134416869,4575109.0,0.09945597042705363,-0.026710884495565357,0.026710884495565357,0.17798679856128657,False,Sous-Score efficience sommeil (temps effectif/temps au lit),AUTO-QUESTIONNAIRES,lower
5,pere_trouble,585,2313,-0.5564450585920884,0.15941545777341215,658833.0,0.32706425052508603,-0.026190872105269047,0.026190872105269047,0.4428229459356502,False,"Père — troubles psychiatriques (présence ou type, selon thesaurus)",ANTECEDENTS,lower
5,jobdur,498,1797,0.22817190235304352,-0.03528333122925709,459117.5,0.372721938408079,0.026068659725155596,0.026068659725155596,0.49420313012924605,False,"Depuis combien de temps employé (de manière consécutive, sans interruption > 6 mois)",SOCIAL,higher
5,edulevel,1260,4668,0.44759568749605894,0.6003313852825194,2865925.5,0.16462750147538963,-0.02547384420777732,0.02547384420777732,0.26159490893781695,False,Niveau d'éducation (années / dernier grade obtenu),SOCIAL,lower
5,hooccur_arret_travail_actuel,940,3534,-0.2016030581870586,-0.195199814142575,1619088.5,0.23395270496512677,-0.025220953894688702,0.025220953894688702,0.34055458426908986,False,Le patient est-il actuellement en arrêt de travail ?,SOIN SUIVI HOSP ARRET TRAVAIL,lower
5,mathys29,1236,4608,-0.5586588577497569,-0.3505490127052795,2779400.5,0.19443896098879165,-0.02399917267844298,0.02399917267844298,0.3016724652250995,False,Score Emotion à la MATHYS,AUTO-QUESTIONNAIRES,lower
5,cgi03b,376,1267,-0.05240753699628464,-0.05025652258328828,232672.0,0.4941495326322287,-0.023190985574904732,0.023190985574904732,0.6055425628696633,False,Effets secondaires (CGI),HETERO-QUESTIONNAIRES,lower
5,jobclas,520,1905,0.18112031424404995,0.17754346256435216,505860.5,0.45551861466660615,0.021321421360791515,0.021321421360791515,0.5707798239236677,False,Emploi temps plein (Y/N),SOCIAL,higher
5,agetrt,1566,5585,0.055810702582751226,0.0012429101356623562,4465476.0,0.2005160957644473,0.0211341956595561,0.0211341956595561,0.3064971188957619,False,Âge du patient au premier traitement psychotrope/antipsychotique,EVALUATION MEDICALE,higher
5,mathys31,1236,4603,-0.2829429476628551,-0.3556382672193834,2896107.5,0.3281559497666775,0.018087788532454185,0.018087788532454185,0.443470563890295,False,Score Perception sensorielle à la MATHYS,AUTO-QUESTIONNAIRES,higher
5,isf04a,673,3115,0.45661116109419386,0.44463588787822395,1066257.5,0.4827113343210354,0.01722957744127429,0.01722957744127429,0.5955636428568406,False,Quand cela est-il arrivé pour la dernière fois ? (item ISF04),SUICIDE,higher
5,stprof,1405,5130,-0.8888685374805116,-0.9693789461000373,3657586.5,0.39086759314709174,0.014917899731535345,0.014917899731535345,0.5138132179006315,False,Statut professionnel actuel,SOCIAL,higher
5,cssrs04,58,420,0.019784718275513563,-0.43629939601534756,12359.5,0.855950330696736,0.014737274220032903,0.014737274220032903,0.9047545162189183,False,C-SSRS 4 : Idéation suicidaire active avec intention de passage à l'acte (sans scénario),SUICIDE,higher
5,dysthyro_mhmodify,142,522,-0.090571802124076,-0.090571802124076,37582.5,0.7974863711780531,0.014044034320867649,0.014044034320867649,0.8529329088191308,False,Dysthyroïdie — type (hyper/hypo),ANTECEDENTS,higher
5,cgi03,545,2002,-1.289626088185928,-1.2832274133853356,552856.0,0.6310163219852706,0.01340127762146115,0.01340127762146115,0.7230187017358964,False,Score de l'index thérapeutique CGI,HETERO-QUESTIONNAIRES,higher
5,maristat,1475,5410,-0.14400008956053867,-0.14827020804360957,4040635.0,0.4531708098664128,0.012722203076537486,0.012722203076537486,0.5688237769677369,False,Statut marital,SOCIAL,higher
5,pere_suicide,590,2491,-0.1729908347210767,-0.17434810826030112,742626.5,0.6887768452941241,0.010589307949295357,0.010589307949295357,0.7685036291753924,False,Père — antécédent de suicide ou tentative,ANTECEDENTS,higher
5,cetermpremier_episode,1178,4344,0.47877202426672705,0.48564121302090335,2584624.5,0.592010981134848,0.010165065801198692,0.010165065801198692,0.6966367188480466,False,"Type du premier épisode (sans/avec caractéristiques psychotiques ; EDM, hypomanie, manie, mixte, ne sais pas)",EVALUATION MEDICALE,higher
5,cssrs11,72,469,-0.5927403690600823,-0.5955190972391597,17054.5,0.8905114783977717,0.010098317934138734,0.010098317934138734,0.9290424325406614,False,C-SSRS Intensité : Éléments dissuasifs,SUICIDE,higher
5,agedebut_hospitalisation,1232,4454,0.706374546261058,0.569947975693708,2770257.0,0.6020404744477541,0.009692513368984024,0.009692513368984024,0.6995142047453522,False,Âge à la première hospitalisation psychiatrique,SOIN SUIVI HOSP ARRET TRAVAIL,higher
5,hodur_hospitalisation_lt,1099,3817,-1.4839188143915854,-1.73492142113721,2116872.0,0.6393156488573448,0.009263905572574949,0.009263905572574949,0.7302136084105219,False,"Durée totale des hospitalisations psychiatriques (vie entière, mois)",SOIN SUIVI HOSP ARRET TRAVAIL,higher
5,cgi03a,549,2022,-0.15276397551741883,-0.14536210231485325,559253.0,0.784726546351995,0.007592259282681146,0.007592259282681146,0.8442816860304946,False,Effet thérapeutique (CGI),HETERO-QUESTIONNAIRES,higher
5,agefin_cigarettes_lt,183,724,0.4449623948908439,0.5927835912289616,66684.5,0.8899766683721058,0.006619267578419796,0.006619267578419796,0.9290424325406614,False,"Âge de fin du tabagisme (années, si ex-fumeur)",SUBSTANCES,higher
5,ppartpremier_episode,1151,4290,-0.037827480279646206,-0.03935661941179867,2480367.5,0.8084360392940483,0.004646815680699357,0.004646815680699357,0.8620932985392284,False,Survenue du premier épisode en post-partum (dans les 6 premiers mois),EVALUATION MEDICALE,higher
5,hooccur_arret_travail,869,3321,0.36657271588868146,0.3694657314696136,1436873.5,0.8476159491848071,-0.0042280719444453,0.0042280719444453,0.8972567075558061,False,Le patient a-t-il eu des arrêts de travail au cours des 12 derniers mois ?,SOIN SUIVI HOSP ARRET TRAVAIL,lower
5,empjob,127,501,0.049477023149192334,0.07051276434174714,31926.0,0.9510957645622898,0.003536234617379508,0.003536234617379508,0.9603941868415301,False,Classe professionnelle (code INSEE),SOCIAL,higher
5,nboccur_hospitalisation_lt,1463,5291,-0.6648749452094895,-0.6902685299936508,3878054.5,0.9072887708381697,0.0019863751921167516,0.0019863751921167516,0.9370410312017531,False,Nombre total d'hospitalisations psychiatriques (vie entière),SOIN SUIVI HOSP ARRET TRAVAIL,higher
